,Name,Age,Country,Role,Matches,Experience ( in Yrs),Runs,Strike_Rate,Wickets,Economy,Average,Team_Preference,Auction_Price_Simulated ( in Cr )
0,MS Dhoni,42,India,Wicketkeeper,350,20,12000,135.0,0,0.0,50.0,CSK,19.42
1,Sachin Tendulkar,45,India,Batter,400,24,18000,125.0,5,8.5,45.0,MI,20.0
2,Virat Kohli,36,India,Batter,300,16,13000,138.0,2,7.0,52.0,RCB,20.0
3,Rohit Sharma,37,India,Batter,280,17,14000,132.0,0,8.0,48.0,MI,20.0
4,Jasprit Bumrah,35,India,Bowler,196,7,2661,144.9,798,7.69,27.43,MI,16.09
5,Rahul Dravid,35,India,Batter,266,14,10359,106.0,8,6.64,30.65,RR,14.58
6,Sourav Ganguly,18,India,Batter,28,1,8574,120.9,8,7.84,30.19,KKR,12.08
7,Anil Kumble,22,India,Bowler,60,2,3127,103.4,424,6.33,30.23,RCB,11.4
8,Kapil Dev,21,India,Allrounder,27,1,2292,122.4,223,6.28,47.48,DC,9.07
9,Sunil Gavaskar,29,India,Batter,217,10,3711,125.9,14,6.7,40.73,MI,12.22
10,AB de Villiers,35,South Africa,Batter,119,4,9201,131.5,2,6.16,25.97,RCB,10.34
11,Chris Gayle,35,West Indies,Batter,242,10,12459,151.9,6,6.23,53.8,PBKS,16.45
12,Brian Lara,40,West Indies,Batter,47,3,13834,113.3,7,8.83,23.42,SRH,11.85
13,Ricky Ponting,42,Australia,Batter,170,10,6814,121.4,3,8.39,24.27,DC,7.38
14,Jacques Kallis,30,South Africa,Allrounder,133,5,6707,97.1,467,6.73,51.83,RCB,10.73
15,Yuvraj Singh,29,India,Allrounder,68,3,4410,134.8,147,5.91,30.91,PBKS,10.09
16,Gautam Gambhir,39,India,Batter,153,9,12980,127.8,5,7.82,26.47,KKR,13.85
17,Virender Sehwag,35,India,Batter,140,8,10573,141.5,12,9.39,52.88,PBKS,15.78
18,Harbhajan Singh,26,India,Bowler,103,4,1328,130.9,866,7.4,52.27,MI,15.24
19,Zaheer Khan,42,India,Bowler,37,2,3366,106.8,112,4.34,21.58,DC,5.3
20,R Ashwin,28,India,Bowler,139,7,271,118.3,296,5.24,29.5,RR,12.83
21,Bhuvneshwar Kumar,36,India,Bowler,219,11,2684,116.4,591,7.15,29.83,SRH,14.39
22,Mohammed Shami,30,India,Bowler,282,11,585,103.5,351,6.06,48.08,GT,13.27
23,Sanju Samson,22,India,Wicketkeeper,53,2,11697,99.5,0,0.0,54.54,RR,11.23
24,Rishabh Pant,35,India,Wicketkeeper,244,9,9043,141.3,0,0.0,26.96,DC,13.8
25,Andre Russell,29,West Indies,Allrounder,68,4,5674,143.9,292,5.02,44.74,KKR,12.02
26,Sunil Narine,20,West Indies,Allrounder,18,1,2752,141.3,361,7.55,22.59,KKR,7.18
27,Rashid Khan,23,Afghanistan,Bowler,98,4,260,102.0,474,5.36,50.21,GT,11.18
28,Kane Williamson,30,New Zealand,Batter,269,10,11669,114.9,8,8.18,22.22,SRH,13.23
29,David Warner,35,Australia,Batter,18,1,14169,114.5,8,7.09,45.54,DC,12.42
30,Ben Stokes,42,England,Allrounder,489,21,2413,148.2,190,7.23,36.53,CSK,13.92
31,Jos Buttler,31,England,Wicketkeeper,74,3,2553,102.2,0,0.0,44.96,RR,9.0
32,Jofra Archer,41,England,Bowler,263,9,3120,128.7,262,6.89,46.98,MI,9.57
33,Faf du Plessis,34,South Africa,Batter,115,4,13244,126.4,9,7.73,34.96,RCB,12.25
34,Quinton de Kock,38,South Africa,Wicketkeeper,356,17,5004,96.5,0,0.0,23.78,LSG,12.01
35,Kagiso Rabada,29,South Africa,Bowler,79,3,3905,133.2,877,4.12,31.0,PBKS,15.02
36,Shane Warne,34,Australia,Bowler,25,1,2001,149.5,99,5.93,28.73,RR,5.33
37,Glenn McGrath,21,Australia,Bowler,58,2,3406,140.3,394,5.56,28.01,DC,6.9
38,Brett Lee,25,Australia,Bowler,22,1,3596,112.4,660,4.29,25.64,PBKS,11.08
39,Adam Gilchrist,20,Australia,Wicketkeeper,30,1,3633,150.8,0,0.0,48.28,DC,8.51
40,Kumar Sangakkara,42,Sri Lanka,Wicketkeeper,334,18,4603,133.0,0,0.0,50.5,RR,13.87
41,Mahela Jayawardene,39,Sri Lanka,Batter,380,16,5705,106.2,8,8.81,51.24,DC,12.94
42,Muttiah Muralitharan,34,Sri Lanka,Bowler,264,14,3804,143.4,632,6.05,51.36,CSK,15.52
43,Wasim Akram,42,Pakistan,Bowler,713,24,823,101.6,810,5.21,27.98,KKR,20.0
44,Waqar Younis,27,Pakistan,Bowler,190,7,2661,144.1,462,5.62,50.13,SRH,10.67
45,Imran Khan,32,Pakistan,Allrounder,250,9,2491,125.6,166,5.02,34.61,GT,10.46
46,Brendon McCullum,25,New Zealand,Wicketkeeper,25,1,2844,108.3,0,0.0,24.2,KKR,4.94
47,Michael Clarke,36,Australia,Batter,387,18,12641,151.6,7,7.18,31.31,PWI,19.56
48,Vikas Patel,18,England,Batter,17,1,11423,137.2,7,7.82,32.73,CSK,11.57
49,Arjun Iyer,26,Sri Lanka,Bowler,151,8,3213,152.7,564,7.69,28.81,PBKS,10.13
50,Rahul Kulkarni,31,England,Batter,87,4,9735,113.1,14,7.74,29.97,RR,10.93
51,Amit Reddy,41,India,Batter,37,2,6139,131.6,6,6.13,37.59,DC,9.17
52,Manoj Iyer,35,Sri Lanka,Bowler,288,15,3581,111.7,157,4.2,51.79,SRH,10.16
53,Amit Kulkarni,32,India,Batter,218,13,6872,103.7,5,6.84,37.13,GT,13.3
54,Vikas Malik,31,India,Wicketkeeper,141,8,8709,154.1,0,0.0,28.47,RR,15.13
55,Sameer Shetty,18,Australia,Allrounder,28,1,7206,140.7,414,7.35,28.32,LSG,11.86
56,Vikas Verma,35,India,Bowler,388,16,3013,117.1,635,6.77,42.13,KKR,16.85
57,Amit Mehta,19,West Indies,Batter,20,1,3931,127.1,2,8.22,23.16,LSG,5.48
58,Pranav Malik,23,South Africa,Batter,18,1,12333,114.2,7,8.92,26.53,KKR,11.13
59,Manoj Kulkarni,36,West Indies,Batter,40,2,7272,130.5,6,6.14,43.71,PBKS,10.67
60,Rohan Reddy,39,Australia,Bowler,282,11,1295,125.7,849,4.06,27.93,RCB,17.69
61,Nikhil Mehta,20,India,Wicketkeeper,21,1,10788,133.7,0,0.0,26.1,MI,11.62
62,Sameer Patel,26,England,Allrounder,63,3,2792,118.2,264,7.42,52.79,KKR,7.99
63,Pranav Malik,35,Australia,Batter,176,10,5200,115.5,8,6.48,23.97,GT,7.6
64,Rohan Verma,21,India,Bowler,25,1,833,147.6,783,7.51,29.03,PBKS,14.69
65,Rohan Khan,38,India,Wicketkeeper,243,9,7033,134.6,0,0.0,48.6,CSK,15.54
66,Harshit Iyer,19,India,Allrounder,29,1,6019,126.8,401,6.94,28.46,SRH,11.4
67,Rahul Patel,31,West Indies,Batter,144,9,9049,148.8,4,6.33,51.51,RCB,15.06
68,Rohan Singh,31,England,Batter,58,3,14174,115.3,7,8.22,32.22,CSK,13.39
69,Harshit Chopra,39,India,Allrounder,119,4,3439,148.8,482,7.54,51.05,RR,12.53
70,Amit Iyer,23,South Africa,Wicketkeeper,55,2,6565,141.8,0,0.0,42.47,DC,10.26
71,Manoj Malik,26,Sri Lanka,Batter,59,3,6269,104.7,14,6.29,51.45,CSK,10.77
72,Vikas Sharma,29,South Africa,Bowler,117,5,1141,95.6,151,6.3,23.55,KKR,6.73
73,Pranav Chopra,42,West Indies,Allrounder,219,9,1726,95.3,99,7.32,25.63,RR,9.85
74,Amit Patel,26,South Africa,Allrounder,67,3,7468,136.5,442,6.92,42.82,PBKS,9.47
75,Manoj Khan,28,India,Batter,137,7,3727,137.7,13,6.78,28.3,PBKS,11.31
76,Manoj Patel,18,England,Allrounder,18,1,7396,139.8,500,6.14,42.74,DC,12.21
77,Pranav Reddy,27,South Africa,Allrounder,210,9,6041,134.5,105,7.97,39.89,DC,11.08
78,Pranav Deshmukh,24,Australia,Wicketkeeper,85,4,11477,100.6,0,0.0,32.87,RCB,11.27
79,Vikas Reddy,18,England,Allrounder,29,1,5119,109.6,266,5.93,54.06,PBKS,7.01
80,Harshit Khan,39,India,Wicketkeeper,141,7,10945,118.6,0,0.0,51.22,RCB,13.99
81,Rahul Malik,39,Australia,Allrounder,430,21,8107,142.7,141,7.21,37.59,KKR,16.26
82,Vikas Naidu,22,India,Batter,29,1,9790,124.6,6,8.02,26.83,PBKS,12.9
83,Manoj Yadav,40,India,Wicketkeeper,387,13,4246,138.3,0,0.0,29.83,RCB,12.88
84,Sandeep Shetty,42,Sri Lanka,Bowler,222,14,2283,133.7,335,4.09,26.2,GT,10.82
85,Harshit Naidu,21,West Indies,Bowler,49,2,1299,152.2,853,7.57,52.02,GT,13.13
86,Irfan Khan,32,Sri Lanka,Wicketkeeper,190,10,10277,117.2,0,0.0,20.54,GT,13.43
87,Irfan Kulkarni,32,West Indies,Bowler,137,5,2567,120.7,324,7.53,53.83,SRH,9.16
88,Aditya Verma,26,Australia,Batter,162,8,8238,146.2,2,9.37,30.31,KKR,11.54
89,Manoj Deshmukh,22,India,Bowler,32,2,1699,146.1,497,5.46,31.09,RCB,12.26
90,Manoj Sharma,28,South Africa,Wicketkeeper,234,9,2820,105.2,0,0.0,39.49,KKR,9.4
91,Karthik Sharma,42,Australia,Wicketkeeper,484,19,9365,151.2,0,0.0,44.36,DC,18.71
92,Vikas Verma,35,Sri Lanka,Wicketkeeper,123,8,8871,129.2,0,0.0,23.4,RR,10.2
93,Irfan Naidu,28,West Indies,Bowler,108,7,3714,154.4,483,6.34,24.9,RCB,11.15
94,Pranav Reddy,36,Sri Lanka,Batter,20,1,3823,147.6,8,7.81,45.93,RCB,7.36
95,Karthik Singh,30,South Africa,Bowler,125,6,3080,137.1,511,6.65,32.58,DC,9.79
96,Amit Deshmukh,26,India,Wicketkeeper,60,2,8233,112.6,0,0.0,48.33,GT,11.92
97,Harshit Kulkarni,25,India,Batter,121,6,6266,147.0,0,8.84,51.96,CSK,13.13
98,Sandeep Naidu,37,India,Bowler,134,5,2865,125.1,342,5.94,47.94,MI,10.86
99,Nikhil Mehta,42,India,Bowler,259,12,442,137.1,672,6.47,47.85,MI,15.91
100,Manoj Deshmukh,18,India,Wicketkeeper,22,1,4169,148.4,0,0.0,31.83,KKR,7.24
101,Harshit Mehta,40,England,Batter,286,10,10018,100.6,11,7.31,40.24,CSK,12.4
102,Irfan Reddy,20,India,Batter,43,2,8934,122.9,14,6.13,38.99,LSG,10.99
103,Sandeep Deshmukh,40,Australia,Wicketkeeper,143,5,10421,112.2,0,0.0,40.68,GT,10.62
104,Ankit Malik,32,India,Allrounder,140,7,8722,97.2,270,5.11,48.79,KKR,13.9
105,Nikhil Mehta,25,England,Wicketkeeper,108,7,10598,116.6,0,0.0,24.45,RR,12.02
106,Vikas Singh,28,England,Wicketkeeper,62,3,7026,126.3,0,0.0,46.95,SRH,12.47
107,Rahul Yadav,35,Sri Lanka,Bowler,22,1,2828,132.4,567,4.82,22.99,RR,11.29
108,Harshit Sharma,38,Australia,Wicketkeeper,296,16,9125,98.1,0,0.0,38.6,MI,13.56
109,Pranav Mehta,40,Sri Lanka,Allrounder,190,8,5849,133.2,216,6.89,45.41,DC,11.55
110,Ankit Deshmukh,31,Australia,Allrounder,258,12,3559,126.0,158,8.42,31.3,LSG,8.74
111,Ankit Patel,21,India,Bowler,57,3,886,111.2,836,7.02,35.36,GT,14.96
112,Rahul Malik,33,Australia,Allrounder,104,5,4456,96.5,131,5.27,53.69,KKR,9.66
113,Rohan Sharma,27,West Indies,Bowler,24,1,2856,136.8,209,7.18,34.31,CSK,9.06
114,Irfan Sharma,38,Australia,Batter,360,16,10843,104.4,14,6.61,28.76,PBKS,14.37
115,Rohan Malik,28,India,Batter,49,3,9565,137.9,15,7.92,43.11,LSG,13.52
116,Sandeep Shetty,20,Australia,Bowler,17,1,1016,152.3,201,5.06,45.83,PBKS,6.55
117,Harshit Chopra,35,Sri Lanka,Bowler,323,14,1217,131.7,682,6.11,34.69,RR,14.93
118,Nikhil Deshmukh,31,India,Batter,102,5,7335,116.4,2,6.87,46.52,MI,13.13
119,Arjun Patel,23,India,Bowler,43,2,1845,102.0,785,4.05,21.61,RCB,16.56
120,Amit Yadav,37,Australia,Allrounder,419,16,8541,146.3,272,5.14,44.63,SRH,18.21
121,Harshit Shetty,20,India,Allrounder,28,1,2440,100.9,318,6.66,37.21,PBKS,8.29
122,Sameer Verma,25,India,Bowler,97,6,679,105.4,891,5.8,35.18,RCB,18.89
123,Rahul Naidu,27,South Africa,Wicketkeeper,109,5,10699,118.9,0,0.0,41.55,SRH,10.65
124,Rahul Mehta,35,South Africa,Wicketkeeper,428,16,7780,133.1,0,0.0,21.59,CSK,15.22
125,Rahul Yadav,37,India,Batter,203,9,12441,132.6,1,7.31,37.61,PBKS,18.76
126,Arjun Kulkarni,42,Australia,Wicketkeeper,113,6,9641,146.4,0,0.0,43.05,LSG,11.01
127,Karthik Singh,38,England,Batter,322,16,13979,99.2,3,6.57,42.48,RR,15.89
128,Aditya Naidu,23,South Africa,Wicketkeeper,80,3,3101,96.6,0,0.0,40.5,SRH,6.73
129,Rohan Singh,32,South Africa,Allrounder,57,2,5715,129.5,462,8.29,33.59,MI,10.33
130,Amit Yadav,18,England,Wicketkeeper,30,1,9742,133.6,0,0.0,36.04,GT,8.43
131,Rohan Chopra,42,Australia,Bowler,44,2,3607,151.5,795,6.07,33.51,RCB,13.46
132,Pranav Mehta,33,India,Batter,39,2,12024,149.3,0,9.36,26.85,KKR,12.39
133,Vikas Malik,35,Sri Lanka,Batter,240,14,13612,101.0,4,6.24,20.64,MI,15.04
134,Arjun Deshmukh,33,South Africa,Allrounder,438,15,5452,136.0,281,5.33,22.49,SRH,14.45
135,Manoj Yadav,25,West Indies,Bowler,107,4,3601,145.7,219,5.21,20.81,PBKS,10.16
136,Ankit Khan,20,Australia,Wicketkeeper,56,2,2542,143.9,0,0.0,29.86,GT,6.05
137,Irfan Iyer,27,West Indies,Wicketkeeper,136,5,8154,102.1,0,0.0,44.39,LSG,10.36
138,Karthik Khan,28,India,Wicketkeeper,196,9,11868,132.7,0,0.0,50.71,DC,17.66
139,Amit Singh,30,South Africa,Wicketkeeper,84,4,4992,139.1,0,0.0,48.12,LSG,8.37
140,Arjun Mehta,33,India,Bowler,29,1,408,105.6,618,5.07,46.27,DC,13.23
141,Manoj Malik,32,India,Bowler,30,1,3201,154.4,351,7.07,34.44,RCB,10.85
142,Pranav Patel,28,West Indies,Wicketkeeper,247,10,7688,117.3,0,0.0,47.17,DC,11.01
143,Nikhil Patel,38,Australia,Batter,298,16,4480,150.8,13,7.19,50.04,KKR,13.27
144,Karthik Iyer,21,India,Batter,47,3,8314,140.1,1,7.5,46.41,SRH,12.54
145,Manoj Iyer,27,West Indies,Allrounder,142,6,6136,149.2,389,5.36,37.68,KKR,14.48
146,Rahul Mehta,23,India,Bowler,45,2,3738,114.2,677,7.14,51.34,RR,11.82
147,Pranav Verma,22,Australia,Wicketkeeper,51,2,2653,118.4,0,0.0,20.38,LSG,4.19
148,Rahul Naidu,32,Australia,Bowler,129,5,2827,100.5,336,7.44,31.18,DC,9.23
149,Vikas Reddy,32,India,Allrounder,270,14,4624,152.0,332,8.33,40.07,LSG,15.65
150,Aditya Verma,29,South Africa,Allrounder,220,10,1566,121.9,329,7.21,30.26,CSK,11.59
151,Irfan Khan,39,India,Wicketkeeper,49,2,8272,114.7,0,0.0,43.54,SRH,11.22
152,Nikhil Verma,25,India,Bowler,170,6,2647,142.5,120,6.86,47.64,RCB,7.83
153,Nikhil Singh,27,India,Batter,236,8,7835,124.7,10,6.32,22.01,RCB,13.3
154,Vikas Iyer,41,England,Bowler,345,14,2055,121.5,359,6.09,51.07,GT,12.81
155,Harshit Verma,23,India,Wicketkeeper,74,3,3733,116.1,0,0.0,24.1,DC,7.4
156,Irfan Shetty,22,England,Wicketkeeper,32,2,8964,103.6,0,0.0,46.65,GT,11.88
157,Karthik Singh,18,South Africa,Batter,26,1,4775,101.1,7,8.16,22.94,SRH,5.88
158,Sameer Mehta,33,India,Allrounder,29,1,8949,99.4,398,7.45,48.77,KKR,11.13
159,Sandeep Sharma,27,Australia,Batter,168,7,4902,99.9,3,8.47,22.97,CSK,8.79
160,Manoj Naidu,25,West Indies,Bowler,128,5,2405,117.5,840,7.75,32.97,DC,13.45
161,Pranav Patel,41,South Africa,Wicketkeeper,110,5,3036,143.8,0,0.0,53.15,LSG,9.85
162,Karthik Naidu,40,England,Bowler,205,12,2808,140.2,456,7.75,33.17,KKR,12.65
163,Manoj Verma,35,India,Batter,296,12,4501,141.6,6,6.29,39.54,KKR,12.3
164,Amit Shetty,38,India,Batter,364,20,12250,149.4,6,7.48,23.89,DC,20.0
165,Irfan Malik,20,England,Bowler,19,1,3230,95.7,690,5.87,36.4,KKR,12.36
166,Sandeep Chopra,18,India,Bowler,18,1,2707,102.1,106,4.21,24.11,SRH,7.84
167,Harshit Shetty,22,England,Allrounder,15,1,2927,139.8,175,7.27,40.42,KKR,10.24
168,Arjun Patel,19,Sri Lanka,Wicketkeeper,29,1,8431,152.7,0,0.0,33.12,MI,9.89
169,Arjun Yadav,34,India,Wicketkeeper,106,4,11043,112.1,0,0.0,50.4,PBKS,12.72
170,Amit Naidu,27,South Africa,Batter,207,8,4768,152.8,15,6.78,20.43,RR,9.45
171,Sameer Patel,40,India,Batter,241,15,5067,97.6,8,9.39,51.19,DC,10.83
172,Manoj Mehta,37,Australia,Allrounder,517,19,5641,154.6,349,6.85,22.58,GT,17.04
173,Irfan Kulkarni,31,India,Batter,43,2,10398,153.2,7,7.94,38.31,GT,14.07
174,Manoj Reddy,31,England,Wicketkeeper,144,6,7620,132.8,0,0.0,44.35,MI,11.98
175,Sandeep Kulkarni,39,India,Allrounder,158,9,8313,132.7,83,6.59,40.45,LSG,13.75
176,Aditya Deshmukh,20,India,Batter,47,2,3982,97.7,10,9.15,29.83,DC,6.86
177,Ankit Malik,39,India,Wicketkeeper,78,4,7619,152.0,0,0.0,51.16,RR,14.41
178,Sandeep Kulkarni,29,India,Bowler,57,2,443,132.2,438,5.73,29.71,LSG,10.83
179,Harshit Verma,35,India,Batter,289,12,12190,122.8,0,6.66,32.37,PBKS,19.96
180,Sandeep Verma,37,England,Batter,224,9,3100,99.7,5,8.04,54.1,SRH,9.56
181,Sandeep Deshmukh,22,India,Batter,107,4,11691,136.9,6,9.45,38.76,CSK,13.4
182,Ankit Iyer,30,Australia,Wicketkeeper,197,7,7814,113.6,0,0.0,48.48,DC,10.67
183,Sameer Sharma,42,India,Batter,310,19,14042,104.8,2,8.4,51.88,RCB,19.19
184,Karthik Mehta,26,South Africa,Wicketkeeper,154,8,6031,144.4,0,0.0,53.24,LSG,11.74
185,Ankit Reddy,42,Australia,Batter,504,17,11633,131.8,9,8.54,34.64,MI,18.54
186,Nikhil Sharma,19,India,Wicketkeeper,24,1,5960,151.0,0,0.0,50.31,CSK,11.48
187,Rohan Singh,42,India,Allrounder,138,5,7619,96.6,260,5.16,33.18,MI,12.18
188,Arjun Deshmukh,23,West Indies,Wicketkeeper,47,2,8302,143.6,0,0.0,54.55,KKR,10.28
189,Manoj Sharma,20,India,Batter,57,2,8129,130.6,13,6.53,33.33,LSG,9.24
190,Rohan Patel,36,India,Wicketkeeper,278,13,5315,153.2,0,0.0,49.47,RR,14.11
191,Rahul Reddy,37,India,Allrounder,336,15,6324,123.1,245,7.93,34.52,MI,16.05
192,Irfan Verma,34,India,Wicketkeeper,66,3,5254,111.4,0,0.0,21.97,DC,8.93
193,Sameer Shetty,20,England,Bowler,19,1,967,143.8,185,7.29,54.99,DC,3.82
194,Sandeep Mehta,22,India,Bowler,56,3,3896,128.3,871,7.79,46.91,RCB,15.75
195,Harshit Mehta,38,Sri Lanka,Wicketkeeper,414,16,11748,151.7,0,0.0,49.74,PBKS,18.74
196,Irfan Kulkarni,38,India,Allrounder,525,20,2059,122.0,280,5.87,24.52,DC,15.4
197,Harshit Verma,32,India,Allrounder,255,11,5656,131.4,77,8.34,28.0,PBKS,12.65
198,Amit Sharma,27,Australia,Wicketkeeper,129,8,3979,135.3,0,0.0,41.63,DC,9.93
199,Karthik Mehta,37,India,Wicketkeeper,485,17,11866,116.5,0,0.0,23.97,GT,16.83
200,Nikhil Naidu,38,India,Allrounder,112,7,5190,126.2,92,7.35,47.03,GT,11.3
201,Amit Yadav,28,Sri Lanka,Bowler,46,2,2141,146.1,704,5.98,39.32,LSG,13.75
202,Sameer Verma,23,South Africa,Allrounder,66,3,7061,147.6,346,6.96,34.12,RR,12.88
203,Ankit Patel,19,South Africa,Batter,24,1,7128,96.7,4,6.47,46.43,GT,9.11
204,Sameer Singh,28,South Africa,Bowler,34,2,2437,137.2,805,6.36,27.45,SRH,12.21
205,Pranav Shetty,20,India,Wicketkeeper,51,2,11124,103.2,0,0.0,20.51,DC,9.96
206,Amit Singh,20,India,Allrounder,60,2,3254,130.4,214,6.23,33.73,SRH,10.71
207,Vikas Iyer,42,India,Bowler,315,16,3458,149.2,887,5.66,32.19,RCB,20.0
208,Pranav Singh,21,India,Batter,83,3,9172,142.0,4,7.8,33.88,PBKS,13.16
209,Aditya Naidu,23,South Africa,Bowler,41,2,2770,146.7,816,6.36,53.23,CSK,18.66
210,Harshit Deshmukh,25,India,Allrounder,94,4,3459,150.6,198,5.51,37.22,LSG,12.42
211,Ankit Kulkarni,33,Sri Lanka,Bowler,343,15,3151,122.5,368,4.98,54.3,PBKS,15.19
212,Sandeep Malik,42,India,Wicketkeeper,259,13,3354,124.6,0,0.0,31.51,KKR,12.34
213,Arjun Khan,38,West Indies,Allrounder,457,16,2521,109.4,185,7.22,22.66,MI,13.4
214,Karthik Khan,20,India,Allrounder,28,1,2251,102.7,153,5.45,25.32,GT,7.79
215,Manoj Sharma,32,West Indies,Batter,137,6,6862,133.5,12,6.49,26.37,RR,11.1
216,Amit Singh,20,England,Bowler,55,2,598,148.8,220,5.31,36.59,MI,6.14
217,Aditya Malik,19,Sri Lanka,Wicketkeeper,29,1,2586,135.1,0,0.0,26.03,RCB,5.79
218,Vikas Malik,20,West Indies,Allrounder,28,1,2410,97.5,437,5.67,25.91,RCB,8.12
219,Rahul Sharma,27,South Africa,Allrounder,100,4,8003,105.6,358,5.98,23.1,KKR,11.76
220,Irfan Khan,32,West Indies,Batter,30,2,13353,122.6,7,6.42,27.22,LSG,14.92
221,Manoj Sharma,40,England,Allrounder,105,5,6174,125.2,253,6.27,44.16,PBKS,8.53
222,Rahul Chopra,23,West Indies,Allrounder,15,1,4698,143.0,487,5.14,41.98,GT,12.49
223,Ankit Verma,33,England,Wicketkeeper,17,1,8149,99.9,0,0.0,50.58,CSK,7.1
224,Harshit Mehta,25,India,Batter,95,6,8772,98.7,10,9.22,29.69,DC,10.45
225,Aditya Naidu,38,India,Wicketkeeper,98,6,9998,143.4,0,0.0,46.19,RCB,15.22
226,Amit Shetty,19,India,Bowler,25,1,3823,107.6,397,4.7,32.97,KKR,10.51
227,Rohan Sharma,34,Australia,Wicketkeeper,286,13,3283,124.1,0,0.0,41.64,KKR,9.66
228,Rahul Shetty,38,South Africa,Allrounder,267,11,7589,122.8,265,6.29,46.16,DC,12.97
229,Karthik Deshmukh,30,England,Bowler,156,6,1092,110.1,900,4.14,44.97,LSG,18.35
230,Manoj Mehta,20,West Indies,Batter,39,2,8262,125.7,3,9.13,38.62,RCB,8.61
231,Rohan Naidu,20,South Africa,Allrounder,35,2,7150,121.8,267,5.38,38.64,PBKS,10.68
232,Aditya Malik,29,South Africa,Batter,155,8,13477,111.2,1,6.85,33.2,DC,14.23
233,Arjun Shetty,20,India,Allrounder,34,2,8452,114.3,351,5.07,27.4,RCB,11.68
234,Sandeep Patel,39,England,Batter,317,15,9272,102.2,1,7.15,51.17,KKR,16.61
235,Ankit Singh,37,India,Wicketkeeper,148,5,4755,130.6,0,0.0,43.77,LSG,11.71
236,Ankit Kulkarni,34,India,Wicketkeeper,209,12,2924,142.4,0,0.0,37.45,SRH,9.31
237,Arjun Reddy,41,India,Wicketkeeper,123,6,6764,100.2,0,0.0,38.8,GT,10.57
238,Nikhil Verma,40,India,Bowler,256,15,555,139.7,155,6.23,35.11,LSG,9.69
239,Rahul Shetty,32,England,Wicketkeeper,90,3,3563,102.7,0,0.0,29.93,DC,7.79
240,Irfan Iyer,35,England,Allrounder,280,10,3336,133.8,102,6.27,39.98,RCB,10.44
241,Harshit Naidu,24,England,Bowler,47,2,2344,154.2,457,5.35,41.2,CSK,10.14
242,Nikhil Khan,32,India,Bowler,274,13,1630,101.1,814,4.9,25.35,MI,19.88
243,Harshit Reddy,41,India,Wicketkeeper,272,16,7694,109.8,0,0.0,25.62,PBKS,14.33
244,Karthik Kulkarni,38,England,Wicketkeeper,53,3,11532,106.2,0,0.0,29.98,GT,9.02
245,Harshit Iyer,38,West Indies,Bowler,313,19,3405,148.8,207,4.66,22.81,RR,11.48
246,Sandeep Iyer,34,India,Allrounder,119,5,5750,119.6,498,6.84,54.38,DC,13.72
247,Vikas Kulkarni,27,Australia,Allrounder,34,2,6620,118.9,195,5.39,53.93,GT,9.73
248,Arjun Kulkarni,37,India,Batter,357,18,13792,144.0,10,9.03,29.03,RCB,20.0
249,Rahul Sharma,36,Australia,Batter,50,2,6453,135.1,13,6.6,52.53,PBKS,10.21
250,Sameer Kulkarni,37,Australia,Wicketkeeper,24,1,10412,128.4,0,0.0,40.01,GT,9.13
251,Rohan Naidu,25,India,Wicketkeeper,125,7,9702,111.8,0,0.0,46.93,MI,14.56
252,Vikas Singh,31,India,Wicketkeeper,160,8,7731,106.2,0,0.0,31.33,PBKS,14.51
253,Sandeep Shetty,41,West Indies,Wicketkeeper,323,12,4239,120.5,0,0.0,37.77,DC,12.23
254,Rahul Verma,28,India,Wicketkeeper,69,4,4086,109.5,0,0.0,24.02,LSG,6.75
255,Irfan Mehta,19,India,Wicketkeeper,20,1,7864,131.6,0,0.0,30.1,RR,9.71
256,Harshit Iyer,36,West Indies,Bowler,284,11,2042,104.3,395,6.21,36.84,LSG,13.47
257,Manoj Chopra,33,India,Batter,21,1,12557,98.1,11,7.86,31.78,LSG,11.12
258,Karthik Mehta,19,Australia,Allrounder,15,1,8440,98.8,95,5.47,54.65,LSG,9.7
259,Aditya Singh,31,England,Allrounder,47,3,4781,143.6,66,6.13,28.91,RR,9.6
260,Ankit Chopra,36,India,Bowler,467,18,2065,140.6,541,6.59,40.85,SRH,16.72
261,Irfan Mehta,42,India,Allrounder,335,18,2292,119.7,241,6.65,32.21,PBKS,13.75
262,Harshit Iyer,29,West Indies,Allrounder,141,6,5596,144.8,60,8.25,53.78,KKR,6.59
263,Aditya Singh,19,West Indies,Bowler,29,1,610,138.9,700,4.47,52.84,LSG,11.64
264,Sameer Mehta,34,India,Allrounder,125,5,6550,99.0,418,5.63,45.94,DC,13.37
265,Aditya Mehta,27,Sri Lanka,Wicketkeeper,92,6,8535,129.5,0,0.0,49.46,SRH,10.35
266,Nikhil Verma,28,Sri Lanka,Wicketkeeper,38,2,11977,103.4,0,0.0,47.83,CSK,13.7
267,Nikhil Naidu,36,West Indies,Batter,200,8,14815,104.8,12,6.71,25.75,RCB,12.69
268,Nikhil Deshmukh,22,India,Batter,30,2,10225,134.9,10,8.85,38.31,MI,11.94
269,Aditya Yadav,31,West Indies,Wicketkeeper,84,3,10226,116.5,0,0.0,50.7,RR,11.95
270,Arjun Yadav,41,England,Bowler,51,2,1959,144.0,618,5.49,35.37,GT,13.23
271,Karthik Khan,30,England,Bowler,159,6,1451,122.8,772,5.43,30.55,GT,13.66
272,Nikhil Naidu,42,India,Allrounder,502,24,6071,125.2,192,7.62,28.13,KKR,18.34
273,Aditya Yadav,25,England,Allrounder,75,3,4357,118.0,326,8.15,39.02,LSG,9.77
274,Rahul Mehta,41,South Africa,Allrounder,236,9,8204,132.5,216,8.17,24.09,GT,10.79
275,Amit Verma,42,England,Allrounder,131,5,6873,132.7,171,8.29,31.72,MI,10.33
276,Vikas Malik,41,Australia,Bowler,478,16,2302,142.6,792,4.53,41.7,GT,20.0
277,Nikhil Deshmukh,26,India,Batter,60,3,3831,148.6,7,7.87,47.6,PBKS,9.63
278,Rahul Reddy,38,Sri Lanka,Batter,132,8,14160,113.7,4,6.53,28.7,DC,13.8
279,Pranav Khan,18,Sri Lanka,Wicketkeeper,21,1,7206,139.6,0,0.0,21.17,LSG,7.91
280,Sameer Shetty,28,India,Batter,143,5,14847,140.7,1,7.99,50.69,MI,18.11
281,Sameer Khan,23,South Africa,Bowler,110,4,2029,144.3,270,5.3,23.87,CSK,9.44
282,Amit Verma,41,India,Batter,235,10,7662,102.6,14,8.96,33.91,PBKS,13.91
283,Sameer Iyer,38,Sri Lanka,Wicketkeeper,409,18,5659,142.8,0,0.0,25.25,GT,12.27
284,Aditya Naidu,21,India,Bowler,30,2,3017,138.3,425,4.87,45.2,SRH,13.73
285,Nikhil Malik,27,South Africa,Bowler,92,4,1343,136.6,168,6.44,39.0,RR,4.58
286,Sandeep Iyer,30,England,Batter,228,11,3111,115.7,8,6.88,26.36,LSG,8.65
287,Harshit Verma,30,Australia,Wicketkeeper,97,4,11886,149.5,0,0.0,40.42,DC,14.43
288,Aditya Yadav,18,India,Allrounder,29,1,4013,122.7,121,6.4,53.15,CSK,9.83
289,Aditya Patel,30,England,Allrounder,322,11,3309,130.2,152,5.54,37.71,SRH,11.9
290,Karthik Deshmukh,22,England,Bowler,86,4,2875,96.1,642,6.32,50.52,PBKS,12.04
291,Harshit Yadav,33,India,Bowler,329,13,1829,128.9,620,7.54,44.38,PBKS,15.85
292,Sameer Mehta,40,India,Batter,320,12,11281,137.4,6,9.23,25.34,MI,15.57
293,Sandeep Singh,36,Sri Lanka,Bowler,329,18,2786,131.4,290,6.19,34.84,GT,13.22
294,Rahul Khan,40,Sri Lanka,Wicketkeeper,313,19,9929,139.2,0,0.0,52.7,GT,16.64
295,Nikhil Sharma,22,Sri Lanka,Wicketkeeper,103,4,7549,150.5,0,0.0,35.78,GT,10.2
296,Rohan Malik,41,India,Wicketkeeper,17,1,3242,101.8,0,0.0,54.47,CSK,8.63
297,Arjun Sharma,31,Sri Lanka,Batter,94,6,7703,102.5,13,8.94,52.23,MI,10.63
298,Ankit Khan,23,Sri Lanka,Wicketkeeper,57,2,8684,147.2,0,0.0,38.16,RR,11.97
299,Pranav Malik,30,India,Bowler,35,2,2200,118.9,482,6.25,21.92,DC,11.91
300,Irfan Sharma,34,Australia,Bowler,134,5,2758,143.2,816,5.27,20.16,CSK,14.55
301,Irfan Yadav,35,Sri Lanka,Wicketkeeper,298,14,5041,115.0,0,0.0,33.94,KKR,10.73
302,Amit Shetty,26,India,Batter,75,4,6376,150.2,2,7.88,32.12,RR,12.33
303,Karthik Mehta,21,India,Batter,47,3,9590,139.3,14,7.21,35.83,CSK,13.19
304,Harshit Malik,25,India,Bowler,139,5,1184,122.1,319,4.85,24.93,CSK,11.16
305,Nikhil Mehta,41,India,Allrounder,439,19,8678,124.9,113,5.62,34.66,DC,17.07
306,Manoj Verma,39,India,Bowler,344,17,2564,116.7,775,7.48,40.32,SRH,20.0
307,Amit Singh,31,West Indies,Wicketkeeper,216,9,9321,132.9,0,0.0,20.46,RR,11.86
308,Manoj Iyer,31,Sri Lanka,Allrounder,60,3,8457,105.7,155,7.32,53.64,GT,10.9
309,Sameer Sharma,27,South Africa,Wicketkeeper,71,3,11630,103.9,0,0.0,34.51,GT,11.12
310,Vikas Verma,34,England,Wicketkeeper,85,5,9869,100.1,0,0.0,54.89,KKR,11.01
311,Amit Verma,29,India,Bowler,57,2,298,130.7,272,5.91,22.35,RR,10.31
312,Karthik Yadav,42,Australia,Bowler,292,19,867,107.6,274,6.85,51.43,DC,11.87
313,Sameer Yadav,41,India,Wicketkeeper,85,4,6421,107.3,0,0.0,26.67,PBKS,10.23
314,Manoj Naidu,35,England,Allrounder,243,11,3642,123.3,224,5.13,39.77,GT,13.78
315,Rahul Shetty,34,England,Wicketkeeper,474,16,5828,98.9,0,0.0,47.14,LSG,13.93
316,Amit Mehta,29,India,Wicketkeeper,92,6,6772,122.2,0,0.0,38.35,KKR,12.36
317,Sandeep Yadav,35,India,Allrounder,307,14,6167,119.0,466,6.54,39.59,DC,16.36
318,Rohan Shetty,25,Sri Lanka,Allrounder,89,4,2878,105.9,415,5.54,50.16,LSG,11.34
319,Aditya Chopra,29,India,Bowler,79,3,2628,117.4,140,7.6,29.48,LSG,6.93
320,Irfan Kulkarni,34,India,Batter,43,2,5252,119.5,7,8.25,20.89,CSK,8.27
321,Vikas Chopra,20,England,Batter,16,1,13122,138.0,15,6.55,43.06,LSG,13.63
322,Amit Chopra,39,South Africa,Batter,243,16,3274,108.3,8,6.09,28.09,GT,7.99
323,Arjun Malik,35,India,Batter,177,10,4578,96.2,4,8.35,23.64,RR,11.7
324,Irfan Singh,25,South Africa,Allrounder,32,2,4556,105.7,247,7.8,42.85,SRH,7.42
325,Aditya Yadav,32,India,Bowler,158,10,382,101.0,495,4.91,28.51,SRH,12.37
326,Amit Kulkarni,30,India,Wicketkeeper,115,7,10689,138.3,0,0.0,49.95,CSK,16.43
327,Nikhil Malik,31,West Indies,Allrounder,175,11,3382,118.8,148,7.91,43.38,MI,11.25
328,Rohan Sharma,40,Australia,Wicketkeeper,563,19,11732,107.3,0,0.0,30.26,MI,18.27
329,Sameer Malik,39,India,Bowler,60,2,848,95.8,681,7.41,22.99,DC,13.17
330,Rohan Iyer,22,India,Batter,96,4,9375,96.6,10,6.73,26.35,PBKS,10.82
331,Harshit Deshmukh,30,West Indies,Bowler,268,12,219,120.3,180,6.22,51.24,MI,8.65
332,Ankit Mehta,31,South Africa,Batter,109,4,8347,115.5,0,8.86,29.08,PBKS,10.0
333,Karthik Yadav,38,West Indies,Wicketkeeper,231,9,9575,117.8,0,0.0,40.66,DC,11.99
334,Rahul Shetty,23,Australia,Wicketkeeper,106,5,3704,111.1,0,0.0,41.85,PBKS,9.19
335,Manoj Deshmukh,20,South Africa,Bowler,40,2,1477,128.1,189,5.56,35.26,RCB,6.19
336,Karthik Singh,20,India,Allrounder,19,1,2215,151.9,135,6.03,46.73,SRH,8.6
337,Rahul Sharma,31,England,Wicketkeeper,190,8,4024,103.4,0,0.0,50.4,MI,9.23
338,Amit Verma,37,South Africa,Wicketkeeper,186,11,11667,124.2,0,0.0,51.31,RR,14.99
339,Pranav Reddy,25,India,Bowler,109,5,1233,120.5,354,7.04,20.79,RCB,9.5
340,Sandeep Reddy,33,South Africa,Batter,64,3,10933,127.5,2,6.94,42.17,SRH,11.01
341,Aditya Kulkarni,29,India,Bowler,133,5,438,103.4,218,4.98,49.22,LSG,10.27
342,Ankit Malik,27,South Africa,Wicketkeeper,25,1,9712,154.1,0,0.0,38.4,PBKS,11.9
343,Rohan Singh,28,India,Bowler,166,7,1286,111.3,261,4.65,20.64,PBKS,10.59
344,Aditya Deshmukh,30,India,Allrounder,131,6,4580,102.1,183,8.2,40.18,LSG,10.26
345,Sameer Mehta,30,West Indies,Batter,113,6,14169,128.3,0,6.96,42.8,KKR,15.31
346,Karthik Shetty,41,India,Bowler,434,15,3472,107.4,894,7.15,20.38,SRH,18.84
347,Sandeep Kulkarni,31,India,Wicketkeeper,229,11,5025,103.2,0,0.0,51.5,SRH,10.66
348,Rahul Naidu,40,Sri Lanka,Wicketkeeper,359,14,9066,147.4,0,0.0,40.91,PBKS,14.51
349,Arjun Sharma,35,West Indies,Wicketkeeper,298,17,4291,131.0,0,0.0,43.28,DC,12.1
350,Sandeep Kulkarni,42,India,Allrounder,192,8,6784,149.9,386,5.61,34.66,PBKS,15.34
351,Harshit Reddy,38,India,Allrounder,220,13,3619,126.1,153,6.34,21.64,MI,13.86
352,Ankit Reddy,34,West Indies,Wicketkeeper,139,8,8151,105.0,0,0.0,45.83,LSG,12.04
353,Rohan Reddy,18,India,Batter,19,1,8707,131.2,9,6.29,28.59,MI,10.39
354,Arjun Naidu,28,Sri Lanka,Bowler,132,8,1794,112.3,819,5.48,32.45,DC,15.97
355,Rahul Verma,40,India,Allrounder,230,15,8456,112.8,215,7.52,39.82,CSK,13.16
356,Sameer Deshmukh,38,West Indies,Bowler,71,4,2260,134.8,243,5.81,52.79,KKR,7.54
357,Karthik Yadav,28,India,Wicketkeeper,182,9,9580,139.0,0,0.0,27.52,RR,14.14
358,Karthik Mehta,30,South Africa,Bowler,15,1,2886,110.7,299,4.12,40.83,RR,8.85
359,Nikhil Patel,24,India,Batter,68,3,8340,124.8,6,6.18,40.89,GT,10.82
360,Pranav Malik,32,West Indies,Allrounder,60,2,6735,141.3,200,6.17,23.73,LSG,10.69
361,Nikhil Patel,37,England,Wicketkeeper,312,13,5326,99.5,0,0.0,45.49,DC,13.26
362,Pranav Iyer,39,India,Batter,211,10,8003,136.3,3,7.73,35.22,DC,13.43
363,Arjun Reddy,23,India,Bowler,81,3,1571,144.1,513,4.94,47.98,RR,13.35
364,Arjun Iyer,23,Australia,Bowler,68,4,766,111.3,402,6.64,40.66,LSG,9.78
365,Irfan Singh,32,Sri Lanka,Batter,184,10,6196,100.5,12,7.26,52.11,CSK,10.19
366,Manoj Kulkarni,35,South Africa,Wicketkeeper,482,17,10506,103.2,0,0.0,53.26,LSG,17.27
367,Harshit Shetty,23,Australia,Batter,16,1,7503,106.1,7,7.56,38.97,KKR,8.19
368,Harshit Naidu,35,Sri Lanka,Bowler,290,10,2092,138.9,195,7.32,48.23,PBKS,9.41
369,Harshit Chopra,36,West Indies,Allrounder,112,4,7699,136.5,61,7.31,49.72,DC,9.33
370,Arjun Yadav,42,India,Wicketkeeper,694,24,6555,110.0,0,0.0,37.13,RR,18.35
371,Rohan Singh,27,Sri Lanka,Wicketkeeper,18,1,6382,108.3,0,0.0,54.57,MI,9.41
372,Irfan Deshmukh,24,South Africa,Allrounder,111,6,6547,97.4,111,8.3,44.7,PBKS,11.03
373,Nikhil Singh,24,Australia,Batter,49,2,11827,105.8,5,9.24,39.88,GT,12.38
374,Nikhil Verma,28,India,Allrounder,92,5,7644,97.0,442,8.2,44.41,GT,15.99
375,Irfan Kulkarni,31,India,Allrounder,22,1,2698,150.5,404,6.04,53.99,RCB,11.29
376,Karthik Iyer,28,Australia,Wicketkeeper,100,4,9286,151.7,0,0.0,36.6,PBKS,13.42
377,Pranav Shetty,30,South Africa,Batter,185,8,7558,145.7,11,9.02,31.17,MI,12.27
378,Nikhil Sharma,32,Sri Lanka,Allrounder,201,8,6940,97.2,397,7.9,40.87,MI,15.25
379,Vikas Reddy,29,Sri Lanka,Wicketkeeper,38,2,7789,108.8,0,0.0,24.22,KKR,7.58
380,Nikhil Malik,27,England,Bowler,177,6,3122,136.8,129,4.29,31.9,LSG,7.72
381,Amit Patel,19,Sri Lanka,Wicketkeeper,29,1,2511,138.5,0,0.0,22.29,RCB,5.27
382,Sameer Kulkarni,31,India,Bowler,115,4,3820,127.4,360,5.2,47.68,SRH,9.04
383,Rahul Singh,20,India,Allrounder,42,2,6624,132.6,196,6.12,51.01,RCB,10.97
384,Manoj Kulkarni,41,India,Bowler,345,23,874,109.0,568,6.34,20.85,MI,16.0
385,Arjun Kulkarni,20,India,Bowler,15,1,2849,96.3,431,7.31,50.61,LSG,9.65
386,Karthik Patel,21,South Africa,Bowler,32,2,2993,151.3,184,6.01,47.96,KKR,6.84
387,Sameer Verma,21,South Africa,Allrounder,54,2,8163,116.0,425,8.49,46.85,RCB,13.6
388,Arjun Mehta,22,India,Batter,44,2,8753,123.8,6,7.41,41.96,CSK,12.67
389,Nikhil Kulkarni,38,India,Wicketkeeper,86,5,4146,147.4,0,0.0,54.44,LSG,10.34
390,Ankit Reddy,22,India,Wicketkeeper,22,1,7037,141.1,0,0.0,34.62,DC,9.51
391,Arjun Mehta,38,Australia,Bowler,89,3,109,139.3,754,5.6,28.36,PBKS,14.1
392,Aditya Reddy,27,India,Bowler,110,4,3677,116.3,892,4.42,30.05,SRH,16.63
393,Rahul Yadav,25,India,Wicketkeeper,93,4,2697,112.8,0,0.0,28.18,LSG,10.39
394,Manoj Malik,29,South Africa,Bowler,136,6,2237,96.1,779,4.16,54.57,PBKS,17.44
395,Amit Mehta,23,India,Batter,76,4,6534,118.1,1,7.5,43.79,MI,10.11
396,Pranav Deshmukh,19,South Africa,Allrounder,28,1,7249,152.0,245,5.76,47.52,GT,8.87
397,Rahul Verma,20,West Indies,Allrounder,21,1,8119,120.1,119,5.31,50.77,MI,11.42
398,Nikhil Kulkarni,35,Australia,Wicketkeeper,276,11,6409,151.7,0,0.0,36.36,MI,12.86
399,Sameer Reddy,19,Sri Lanka,Batter,16,1,8067,105.0,5,8.15,54.69,MI,10.47
400,Aditya Sharma,21,Sri Lanka,Bowler,26,1,2142,151.6,609,4.88,42.74,RCB,9.89
401,Ankit Iyer,41,India,Bowler,142,9,1372,125.8,519,6.31,28.07,SRH,12.11
402,Aditya Mehta,26,Sri Lanka,Allrounder,44,2,5684,108.2,224,5.62,26.53,MI,9.28
403,Ankit Iyer,19,India,Bowler,18,1,935,116.0,838,6.96,22.02,SRH,14.29
404,Irfan Malik,34,India,Batter,16,1,10729,148.0,11,9.39,52.47,CSK,13.18
405,Sameer Malik,30,West Indies,Bowler,90,3,3033,105.4,751,7.78,33.87,CSK,13.72
406,Vikas Reddy,31,Australia,Allrounder,112,4,2138,136.8,332,7.65,25.39,DC,8.4
407,Sandeep Yadav,29,India,Batter,60,2,9568,108.5,2,8.86,27.83,GT,10.92
408,Harshit Malik,32,England,Allrounder,232,14,6030,130.6,273,6.88,40.3,SRH,13.67
409,Rohan Mehta,18,India,Bowler,29,1,1508,147.6,685,4.35,29.3,SRH,14.66
410,Aditya Khan,33,India,Bowler,233,13,26,148.3,499,4.49,53.45,GT,16.43
411,Pranav Malik,18,England,Allrounder,15,1,7717,143.6,376,8.02,42.93,CSK,9.48
412,Rahul Yadav,30,India,Allrounder,287,12,5530,100.2,70,6.93,34.3,GT,10.95
413,Amit Khan,22,West Indies,Batter,71,3,14482,110.6,11,7.3,45.32,KKR,15.15
414,Nikhil Patel,32,India,Batter,343,12,9461,99.9,2,7.74,27.71,GT,14.98
415,Pranav Iyer,36,Australia,Wicketkeeper,38,2,7661,136.0,0,0.0,22.66,KKR,8.07
416,Ankit Naidu,30,India,Allrounder,199,12,3160,124.7,109,7.98,36.82,SRH,13.55
417,Sandeep Patel,42,Sri Lanka,Batter,523,19,8145,144.5,13,8.07,32.17,RCB,16.57
418,Harshit Yadav,21,Australia,Allrounder,74,3,3670,128.9,476,7.37,29.35,LSG,11.96
419,Harshit Kulkarni,21,India,Bowler,21,1,3423,142.8,415,7.34,43.05,SRH,9.74
420,Ankit Reddy,22,India,Bowler,24,1,1065,147.0,258,7.23,44.79,GT,10.22
421,Arjun Deshmukh,18,India,Wicketkeeper,18,1,10070,145.2,0,0.0,44.41,GT,14.64
422,Amit Sharma,21,India,Batter,21,1,9563,132.1,11,8.38,46.35,KKR,11.82
423,Nikhil Mehta,39,India,Batter,326,21,4056,147.9,6,6.56,50.51,SRH,16.12
424,Rahul Khan,38,India,Bowler,235,15,3859,144.5,552,4.11,24.51,DC,17.24
425,Irfan Deshmukh,19,Sri Lanka,Wicketkeeper,15,1,8770,115.1,0,0.0,46.02,RR,11.1
426,Ankit Yadav,39,Australia,Bowler,281,14,1826,144.1,232,4.61,49.12,RCB,10.1
427,Karthik Reddy,19,Sri Lanka,Allrounder,16,1,2218,95.4,183,6.78,30.05,GT,7.19
428,Vikas Kulkarni,30,India,Wicketkeeper,85,3,11407,132.0,0,0.0,54.34,GT,15.89
429,Karthik Chopra,18,England,Allrounder,25,1,4681,110.6,178,7.21,42.19,LSG,5.73
430,Nikhil Yadav,23,Australia,Allrounder,16,1,8124,141.8,281,6.89,23.74,CSK,8.91
431,Sandeep Patel,34,India,Bowler,248,12,2185,127.5,890,6.89,53.7,KKR,16.66
432,Nikhil Malik,41,England,Bowler,59,2,3437,133.0,257,5.3,52.62,RR,7.21
433,Harshit Deshmukh,23,India,Allrounder,52,2,7238,151.2,220,5.36,44.08,DC,13.6
434,Irfan Shetty,36,West Indies,Bowler,114,5,719,113.1,582,4.26,44.79,LSG,14.55
435,Vikas Mehta,19,India,Batter,30,1,3011,129.9,10,6.24,32.11,KKR,7.55
436,Ankit Deshmukh,37,England,Bowler,112,7,89,97.7,231,6.36,50.5,RCB,9.49
437,Irfan Chopra,36,India,Batter,122,5,14543,153.1,12,9.41,46.24,DC,15.66
438,Rohan Singh,36,India,Allrounder,106,4,5078,140.5,445,5.46,20.86,RCB,11.16
439,Sandeep Deshmukh,38,England,Allrounder,297,16,6952,114.4,341,5.08,37.1,GT,14.87
440,Aditya Deshmukh,23,India,Allrounder,71,4,7470,136.0,40,7.7,35.61,SRH,11.1
441,Irfan Shetty,40,India,Wicketkeeper,378,19,7713,111.4,0,0.0,54.9,PBKS,16.12
442,Sameer Naidu,37,England,Batter,215,8,4274,122.1,7,7.49,25.73,RCB,6.33
443,Pranav Khan,29,England,Bowler,147,6,46,136.6,351,7.02,27.73,MI,9.31
444,Ankit Verma,24,India,Batter,31,2,9323,135.8,14,6.29,42.91,MI,10.89
445,Sameer Reddy,41,South Africa,Bowler,299,14,2236,152.1,464,5.04,25.29,LSG,14.6
446,Sandeep Naidu,21,India,Bowler,39,2,82,151.6,406,5.64,34.69,MI,10.83
447,Ankit Iyer,26,India,Batter,53,2,4228,118.9,2,8.23,29.6,RR,7.16
448,Aditya Sharma,28,India,Wicketkeeper,261,10,5073,154.0,0,0.0,34.33,RR,13.2
449,Vikas Yadav,19,West Indies,Allrounder,23,1,6911,108.8,184,8.13,27.46,RR,6.7
450,Amit Reddy,27,West Indies,Batter,113,4,11043,134.1,4,6.11,32.9,PBKS,12.68
451,Manoj Patel,19,Sri Lanka,Batter,21,1,4589,123.4,0,9.03,53.89,SRH,8.74
452,Rahul Naidu,24,Australia,Allrounder,55,2,4756,147.1,281,5.65,47.18,MI,9.7
453,Rahul Kulkarni,33,South Africa,Allrounder,272,15,4539,145.7,493,7.7,46.64,GT,15.94
454,Karthik Sharma,30,Sri Lanka,Bowler,149,6,1078,102.9,311,6.38,21.14,SRH,8.42
455,Harshit Deshmukh,26,India,Bowler,26,1,3310,132.0,634,7.5,47.88,MI,11.57
456,Arjun Sharma,31,West Indies,Bowler,302,13,3955,102.0,628,5.83,24.38,RR,15.59
457,Karthik Verma,39,South Africa,Bowler,471,16,3497,120.8,811,6.61,27.02,MI,17.95
458,Harshit Naidu,19,India,Batter,21,1,6157,98.9,4,7.72,40.37,RCB,7.69
459,Pranav Reddy,19,India,Batter,23,1,8238,142.9,2,6.94,30.86,KKR,9.5
460,Arjun Singh,20,West Indies,Wicketkeeper,44,2,2702,122.3,0,0.0,20.41,SRH,8.11
461,Rahul Reddy,40,India,Wicketkeeper,590,20,4141,99.3,0,0.0,33.74,RCB,15.13
462,Harshit Verma,21,England,Batter,71,3,7327,131.0,12,7.68,30.21,GT,8.46
463,Amit Iyer,38,South Africa,Wicketkeeper,276,16,9081,136.7,0,0.0,50.1,SRH,15.19
464,Aditya Yadav,19,Sri Lanka,Allrounder,23,1,8848,97.4,230,7.73,36.82,CSK,8.99
465,Rohan Verma,18,India,Allrounder,22,1,2600,109.5,193,5.37,54.53,LSG,9.2
466,Rohan Deshmukh,41,India,Allrounder,273,15,5118,124.9,148,5.5,41.64,RR,14.74
467,Harshit Chopra,31,India,Wicketkeeper,311,12,5104,137.1,0,0.0,39.59,DC,14.93
468,Sandeep Shetty,20,India,Wicketkeeper,35,2,5658,95.6,0,0.0,31.43,GT,7.56
469,Amit Naidu,24,England,Bowler,21,1,1122,100.3,457,5.97,32.27,CSK,8.39
470,Pranav Khan,32,India,Wicketkeeper,196,9,8602,97.0,0,0.0,22.75,MI,11.81
471,Sandeep Malik,33,West Indies,Wicketkeeper,239,10,8140,118.8,0,0.0,24.65,LSG,9.08
472,Rohan Sharma,23,India,Batter,55,3,12375,136.4,6,7.99,48.02,RR,12.96
473,Pranav Yadav,25,South Africa,Bowler,155,6,82,105.0,879,4.76,23.66,SRH,18.26
474,Karthik Khan,42,India,Batter,637,22,3138,137.4,7,8.23,21.11,RCB,17.45
475,Manoj Khan,26,England,Allrounder,133,5,3564,98.1,151,8.28,38.95,RR,8.27
476,Nikhil Patel,32,West Indies,Wicketkeeper,122,5,11698,137.5,0,0.0,50.48,CSK,14.59
477,Rohan Kulkarni,38,Sri Lanka,Allrounder,332,20,4254,143.1,181,7.5,31.88,MI,13.82
478,Rohan Kulkarni,38,India,Allrounder,203,11,5737,99.8,431,7.85,51.32,SRH,17.94
479,Pranav Singh,25,India,Wicketkeeper,30,1,7343,127.9,0,0.0,48.61,RCB,12.52
480,Manoj Deshmukh,26,India,Wicketkeeper,148,7,6143,122.1,0,0.0,42.53,CSK,11.85
481,Sameer Kulkarni,39,West Indies,Wicketkeeper,423,18,5285,126.6,0,0.0,45.61,DC,12.82
482,Rohan Patel,39,India,Bowler,402,18,2970,98.6,652,4.31,28.65,LSG,17.29
483,Pranav Patel,42,England,Allrounder,118,6,7596,147.3,486,5.56,27.67,KKR,13.59
484,Ankit Verma,27,Australia,Allrounder,164,7,8473,115.2,100,8.42,26.37,PBKS,9.66
485,Karthik Khan,33,West Indies,Batter,18,1,14152,134.5,12,8.76,37.44,KKR,11.49
486,Amit Malik,34,India,Wicketkeeper,201,10,8114,128.3,0,0.0,45.17,RCB,13.28
487,Sandeep Singh,31,India,Wicketkeeper,274,10,7949,108.7,0,0.0,54.87,RCB,13.31
488,Pranav Sharma,38,Sri Lanka,Allrounder,125,6,3215,134.0,429,8.41,26.98,CSK,12.49
489,Karthik Shetty,42,India,Bowler,168,6,1776,99.3,728,6.58,21.07,MI,15.93
490,Karthik Reddy,31,India,Wicketkeeper,173,7,5767,110.5,0,0.0,36.19,CSK,11.28
491,Sameer Singh,41,India,Batter,184,12,14087,138.6,0,9.04,45.99,GT,19.39
492,Aditya Khan,38,Australia,Bowler,136,8,420,115.8,472,5.62,32.99,DC,11.2
493,Rahul Malik,34,Australia,Bowler,224,10,1867,97.4,825,7.75,50.35,CSK,14.75
494,Sameer Kulkarni,34,England,Wicketkeeper,290,11,8385,129.7,0,0.0,35.35,RCB,15.25
495,Sameer Khan,42,India,Bowler,134,7,918,124.2,824,6.76,50.57,RR,16.65
496,Nikhil Chopra,22,India,Batter,41,2,14650,120.3,1,9.15,29.69,RCB,12.95
497,Harshit Chopra,30,India,Allrounder,317,11,1892,149.7,378,7.07,27.37,PBKS,14.59
498,Amit Deshmukh,21,South Africa,Batter,73,3,9230,132.9,3,8.18,45.66,MI,10.23
499,Aditya Iyer,35,India,Wicketkeeper,212,9,9395,102.9,0,0.0,45.05,KKR,12.1
500,Nikhil Mehta,39,South Africa,Allrounder,113,4,8861,105.8,93,8.18,28.31,RCB,10.21
501,Rahul Shetty,34,Sri Lanka,Allrounder,72,4,6488,105.9,142,8.4,49.9,MI,11.36
502,Ankit Deshmukh,42,Australia,Bowler,176,9,161,109.8,641,5.87,50.48,RR,11.68
503,Aditya Khan,33,England,Bowler,285,15,11,125.9,93,5.69,32.57,LSG,9.85
504,Irfan Mehta,39,India,Batter,50,3,11383,104.8,2,8.08,33.69,LSG,11.0
505,Pranav Yadav,41,Australia,Allrounder,76,4,5303,110.5,65,8.39,42.99,LSG,7.03
506,Irfan Verma,21,England,Batter,28,1,4898,141.4,3,7.14,24.58,DC,6.61
507,Irfan Iyer,42,England,Batter,41,2,10171,122.2,8,9.39,28.26,RCB,8.59
508,Irfan Singh,41,India,Allrounder,70,3,4778,105.2,273,5.26,38.19,RCB,10.87
509,Harshit Reddy,26,India,Wicketkeeper,121,7,3460,115.2,0,0.0,49.01,RCB,9.33
510,Sameer Mehta,23,Sri Lanka,Wicketkeeper,20,1,8721,120.9,0,0.0,28.7,LSG,9.47
511,Irfan Kulkarni,42,Sri Lanka,Batter,304,12,4850,137.4,13,8.16,25.85,RCB,10.76
512,Rohan Kulkarni,32,India,Batter,22,1,13974,97.2,10,6.59,45.77,DC,13.33
513,Pranav Deshmukh,34,Sri Lanka,Wicketkeeper,82,4,8805,134.8,0,0.0,36.61,KKR,9.88
514,Pranav Khan,22,West Indies,Batter,30,1,11123,143.3,5,8.95,40.49,RCB,11.23
515,Vikas Singh,20,India,Allrounder,46,2,3324,107.4,321,8.04,23.92,SRH,10.27
516,Irfan Yadav,38,Sri Lanka,Wicketkeeper,308,13,11888,111.2,0,0.0,22.0,MI,14.83
517,Karthik Singh,32,Sri Lanka,Wicketkeeper,53,2,2791,126.9,0,0.0,52.78,MI,6.58
518,Amit Chopra,21,India,Wicketkeeper,56,2,3989,97.4,0,0.0,24.27,GT,7.43
519,Pranav Kulkarni,37,England,Bowler,243,10,3380,151.0,135,5.72,31.07,LSG,9.74
520,Ankit Chopra,25,Sri Lanka,Wicketkeeper,196,7,8452,125.4,0,0.0,21.46,PBKS,9.44
521,Rahul Shetty,40,India,Batter,312,15,8818,154.2,9,6.52,53.78,KKR,17.96
522,Aditya Patel,35,India,Allrounder,507,17,2650,152.1,460,5.02,42.37,CSK,18.33
523,Rohan Mehta,40,India,Batter,240,14,9437,122.3,6,9.04,38.05,KKR,15.33
524,Aditya Singh,32,South Africa,Bowler,221,14,3795,135.0,728,5.86,24.89,MI,15.43
525,Harshit Khan,39,Sri Lanka,Batter,543,19,5205,113.5,15,6.1,44.66,LSG,12.37
526,Irfan Mehta,18,West Indies,Wicketkeeper,20,1,11979,107.1,0,0.0,43.57,LSG,8.83
527,Manoj Kulkarni,23,England,Batter,46,2,9302,100.6,13,9.39,43.54,PBKS,9.66
528,Manoj Singh,37,Sri Lanka,Allrounder,223,8,2592,147.1,110,6.55,26.2,SRH,10.39
529,Irfan Deshmukh,31,England,Allrounder,291,10,6682,145.3,151,7.42,53.06,GT,12.54
530,Pranav Singh,24,India,Allrounder,46,2,5944,124.8,395,7.39,41.62,RCB,12.99
531,Harshit Singh,38,Sri Lanka,Batter,314,11,12349,129.2,13,9.04,21.06,GT,12.94
532,Sameer Malik,39,India,Allrounder,537,18,2372,136.4,52,8.26,43.68,RR,14.88
533,Pranav Sharma,30,Australia,Batter,55,3,7695,134.5,8,6.75,33.79,KKR,8.57
534,Vikas Shetty,22,India,Allrounder,26,1,8168,101.4,271,7.28,43.02,GT,10.42
535,Aditya Kulkarni,21,South Africa,Bowler,60,3,2092,97.9,883,7.8,54.2,GT,14.03
536,Sameer Reddy,40,South Africa,Batter,230,10,12046,147.2,1,7.42,47.38,RR,14.74
537,Nikhil Malik,18,India,Bowler,26,1,3092,139.3,682,6.15,50.75,LSG,12.87
538,Rohan Naidu,35,India,Bowler,128,7,3942,114.6,257,5.54,43.37,RCB,11.54
539,Manoj Sharma,41,Australia,Batter,390,17,5131,140.7,5,8.83,47.92,RR,13.01
540,Ankit Naidu,36,India,Batter,174,9,8285,144.1,1,7.52,24.21,RCB,14.19
541,Karthik Shetty,42,West Indies,Allrounder,498,21,2097,95.3,441,6.91,31.36,PBKS,13.74
542,Sandeep Chopra,40,West Indies,Bowler,205,11,1703,118.8,636,5.39,44.34,MI,14.97
543,Ankit Yadav,35,England,Batter,279,13,8911,121.9,9,7.36,28.31,KKR,14.82
544,Arjun Malik,24,India,Wicketkeeper,119,5,9801,117.4,0,0.0,27.95,CSK,9.54
545,Amit Kulkarni,25,South Africa,Bowler,104,6,1580,131.2,342,4.28,43.39,DC,9.39
546,Sameer Chopra,35,West Indies,Batter,280,10,10300,122.8,15,8.17,33.29,DC,14.51
547,Ankit Chopra,19,India,Bowler,20,1,3979,126.1,871,7.28,36.77,MI,14.69
548,Vikas Kulkarni,35,South Africa,Batter,18,1,6368,115.5,13,6.09,33.31,KKR,8.02
549,Amit Naidu,38,India,Bowler,50,3,300,129.8,135,5.52,38.68,DC,6.44
550,Nikhil Malik,23,Australia,Batter,71,3,9357,140.9,14,8.13,48.45,KKR,12.03
551,Ankit Sharma,38,India,Wicketkeeper,331,13,2596,138.1,0,0.0,53.44,RR,13.04
552,Harshit Deshmukh,38,India,Batter,337,20,8860,106.7,3,6.06,20.26,PBKS,16.14
553,Rohan Shetty,27,South Africa,Batter,125,5,13825,148.9,0,8.27,28.52,LSG,15.23
554,Sandeep Deshmukh,33,West Indies,Bowler,63,3,3932,98.6,729,7.52,52.71,RR,12.97
555,Amit Chopra,22,India,Allrounder,52,3,1842,101.1,42,6.23,37.01,GT,7.41
556,Rohan Yadav,36,India,Batter,300,13,13582,112.1,4,6.9,30.76,DC,16.6
557,Nikhil Malik,23,India,Bowler,33,2,742,127.3,767,7.05,30.9,SRH,13.44
558,Pranav Chopra,36,Australia,Wicketkeeper,51,2,3603,131.6,0,0.0,45.07,MI,8.23
559,Aditya Mehta,26,England,Bowler,41,2,525,119.8,767,5.04,24.27,LSG,13.21
560,Rohan Mehta,38,India,Batter,160,8,10960,135.9,14,6.63,26.35,MI,14.6
561,Aditya Mehta,28,England,Allrounder,230,10,5008,137.5,126,6.84,23.74,RCB,14.01
562,Harshit Yadav,18,Australia,Bowler,26,1,550,110.4,775,6.16,53.7,RR,13.71
563,Karthik Naidu,41,Australia,Wicketkeeper,289,11,11538,124.0,0,0.0,48.21,DC,14.68
564,Irfan Verma,21,West Indies,Batter,21,1,7312,97.6,2,7.93,42.16,RCB,9.23
565,Irfan Chopra,41,South Africa,Batter,82,3,6485,131.1,1,9.33,48.67,CSK,8.89
566,Pranav Shetty,35,England,Wicketkeeper,235,9,6158,148.1,0,0.0,27.98,RCB,9.26
567,Sandeep Naidu,42,West Indies,Allrounder,331,19,4750,131.7,226,5.74,34.39,GT,12.7
568,Irfan Shetty,34,India,Bowler,19,1,1827,149.0,243,7.19,32.37,PBKS,5.28
569,Aditya Deshmukh,23,England,Bowler,80,5,896,141.8,859,4.9,29.62,LSG,15.24
570,Rohan Singh,33,India,Batter,102,4,6387,120.4,11,8.88,43.36,KKR,10.88
571,Sameer Sharma,30,England,Wicketkeeper,133,8,11042,100.7,0,0.0,41.84,CSK,14.43
572,Nikhil Chopra,38,India,Allrounder,231,9,6854,130.2,233,6.58,25.88,PBKS,14.0
573,Arjun Verma,29,India,Batter,282,10,9649,146.8,11,8.58,27.59,RR,15.6
574,Sameer Mehta,29,West Indies,Wicketkeeper,232,8,4776,100.7,0,0.0,20.83,CSK,10.13
575,Rahul Chopra,32,India,Bowler,54,3,765,131.4,241,6.44,39.13,SRH,5.78
576,Pranav Yadav,29,England,Batter,179,10,10889,118.5,15,6.81,40.81,RR,14.08
577,Pranav Malik,33,India,Bowler,75,4,176,154.3,210,5.89,24.78,RR,9.51
578,Pranav Chopra,36,India,Bowler,97,6,681,119.3,344,6.64,34.99,CSK,8.23
579,Nikhil Mehta,23,Australia,Wicketkeeper,85,5,6048,138.1,0,0.0,44.24,CSK,11.53
580,Irfan Naidu,32,India,Wicketkeeper,255,10,4838,154.5,0,0.0,24.49,RCB,13.37
581,Sandeep Deshmukh,36,Sri Lanka,Allrounder,166,6,6338,138.5,75,5.36,40.24,DC,10.5
582,Sandeep Patel,25,India,Wicketkeeper,93,4,10763,111.4,0,0.0,22.78,CSK,13.01
583,Nikhil Patel,39,Sri Lanka,Bowler,367,14,2456,148.7,119,4.33,26.72,RCB,13.54
584,Rahul Naidu,35,West Indies,Batter,255,17,14117,108.6,13,7.13,32.42,RCB,16.36
585,Irfan Sharma,34,South Africa,Allrounder,268,14,8072,126.1,286,5.24,22.37,GT,14.74
586,Nikhil Shetty,42,India,Allrounder,303,13,2596,109.0,170,7.8,38.9,PBKS,11.55
587,Sameer Malik,33,Australia,Bowler,348,13,3591,134.1,636,7.34,38.65,MI,14.65
588,Amit Deshmukh,31,West Indies,Bowler,90,5,2128,115.0,87,5.23,43.43,CSK,7.5
589,Aditya Shetty,30,South Africa,Bowler,257,11,436,134.7,238,7.78,39.52,DC,8.4
590,Rohan Malik,31,South Africa,Allrounder,309,11,4495,122.9,353,7.56,22.1,GT,13.17
591,Manoj Chopra,26,Sri Lanka,Bowler,127,7,1516,152.5,652,6.14,26.14,GT,12.97
592,Rohan Mehta,35,South Africa,Allrounder,428,16,2631,107.1,477,7.42,38.75,DC,15.59
593,Karthik Shetty,39,India,Bowler,73,4,2082,122.0,490,4.37,46.47,RCB,12.86
594,Sandeep Reddy,28,India,Batter,172,9,10727,134.9,13,7.22,47.84,CSK,17.2
595,Vikas Singh,20,India,Allrounder,27,1,4782,109.1,354,8.25,33.98,MI,9.48
596,Aditya Mehta,38,India,Allrounder,508,17,5096,154.5,45,5.53,52.45,CSK,16.73
597,Vikas Sharma,24,West Indies,Allrounder,156,6,7221,145.5,158,6.89,38.23,PBKS,10.52
598,Ankit Yadav,37,India,Batter,101,6,7520,100.3,12,8.18,46.43,CSK,10.38
599,Manoj Mehta,29,West Indies,Wicketkeeper,168,11,3624,102.7,0,0.0,48.91,KKR,10.02
600,Ankit Malik,20,India,Allrounder,49,2,3093,137.5,272,7.74,21.27,SRH,10.6
601,Rohan Iyer,30,West Indies,Batter,177,10,12152,110.8,2,7.06,32.6,RR,12.62
602,Rahul Shetty,34,Australia,Allrounder,287,10,8161,151.2,446,5.31,39.38,GT,17.47
603,Manoj Mehta,36,India,Wicketkeeper,221,9,10017,113.3,0,0.0,33.89,LSG,15.62
604,Karthik Patel,39,India,Batter,322,15,13381,131.0,7,7.57,38.05,SRH,18.93
605,Manoj Singh,39,West Indies,Allrounder,121,8,7241,124.8,466,8.22,54.73,GT,15.25
606,Rahul Reddy,26,India,Allrounder,95,4,2962,107.5,283,7.98,52.57,DC,10.0
607,Sameer Mehta,28,India,Bowler,177,6,3810,144.0,274,4.44,33.32,SRH,10.47
608,Vikas Deshmukh,33,Australia,Bowler,232,12,938,147.1,287,7.34,48.21,KKR,7.98
609,Sandeep Shetty,25,India,Allrounder,115,7,7036,113.3,379,7.77,22.83,MI,14.69
610,Harshit Malik,33,India,Batter,273,10,9081,105.4,10,7.41,44.32,GT,15.21
611,Karthik Iyer,33,Australia,Allrounder,326,15,3319,153.5,424,6.21,42.43,GT,15.38
612,Arjun Shetty,36,Sri Lanka,Batter,144,5,3533,103.0,11,8.88,50.17,RR,8.09
613,Karthik Patel,30,Sri Lanka,Bowler,245,11,2823,124.2,88,7.51,41.22,GT,6.46
614,Nikhil Patel,18,England,Wicketkeeper,23,1,5566,140.9,0,0.0,26.12,DC,10.71
615,Rohan Naidu,35,England,Bowler,228,9,753,118.9,590,5.91,25.12,PBKS,13.74
616,Aditya Shetty,31,England,Wicketkeeper,114,4,9063,117.1,0,0.0,22.39,DC,10.46
617,Nikhil Iyer,26,India,Bowler,224,8,409,103.1,818,4.1,53.71,PBKS,19.73
618,Irfan Reddy,26,India,Wicketkeeper,111,4,4950,128.0,0,0.0,53.8,KKR,11.92
619,Sandeep Reddy,33,India,Batter,356,13,11470,113.7,10,7.51,37.71,LSG,17.32
620,Arjun Malik,33,India,Allrounder,125,5,2310,101.3,393,6.54,42.43,PBKS,10.75
621,Irfan Verma,23,India,Bowler,29,1,3049,132.2,422,4.82,42.76,LSG,11.67
622,Arjun Chopra,26,England,Allrounder,92,6,4873,98.7,102,5.53,47.33,SRH,11.75
623,Nikhil Mehta,29,India,Bowler,237,11,1454,98.5,412,5.75,54.82,GT,15.4
624,Harshit Deshmukh,39,India,Wicketkeeper,450,17,7194,98.5,0,0.0,44.33,LSG,17.39
625,Irfan Iyer,32,South Africa,Bowler,326,11,2508,109.4,665,7.74,24.98,DC,14.46
626,Sandeep Singh,30,England,Batter,40,2,13698,113.2,9,6.42,23.54,KKR,10.82
627,Rohan Khan,40,England,Wicketkeeper,268,9,9877,136.5,0,0.0,22.18,LSG,12.91
628,Irfan Sharma,31,India,Bowler,87,3,1030,154.8,841,5.94,48.49,RCB,16.57
629,Sandeep Reddy,40,India,Bowler,49,3,3837,113.4,564,6.34,41.84,MI,13.33
630,Harshit Reddy,35,India,Batter,33,2,7300,120.6,4,7.84,24.57,GT,7.44
631,Vikas Yadav,20,Sri Lanka,Allrounder,50,2,2535,122.0,107,8.1,26.81,SRH,8.43
632,Amit Kulkarni,34,England,Batter,150,6,10654,119.8,8,7.29,48.96,DC,12.82
633,Aditya Chopra,35,Sri Lanka,Bowler,386,15,3067,141.2,731,6.79,20.39,RCB,16.93
634,Sameer Singh,36,West Indies,Allrounder,268,14,8092,123.9,85,6.46,20.67,LSG,11.2
635,Manoj Verma,32,Australia,Allrounder,76,5,1500,140.6,307,5.91,24.8,RCB,7.58
636,Rohan Naidu,42,India,Allrounder,137,5,7688,107.9,284,6.87,20.42,GT,12.82
637,Harshit Verma,27,India,Wicketkeeper,15,1,11481,109.5,0,0.0,54.16,PBKS,13.05
638,Sameer Chopra,29,South Africa,Wicketkeeper,75,4,5175,143.1,0,0.0,53.59,RR,8.75
639,Irfan Reddy,40,Australia,Wicketkeeper,355,21,9417,124.3,0,0.0,23.84,KKR,13.2
640,Rohan Kulkarni,38,Australia,Allrounder,172,8,3040,122.3,476,6.92,49.55,GT,11.89
641,Rohan Patel,20,Sri Lanka,Bowler,23,1,2869,124.3,717,4.37,25.25,LSG,15.04
642,Amit Iyer,33,West Indies,Allrounder,61,4,3023,139.2,92,6.14,36.66,CSK,8.18
643,Aditya Naidu,27,India,Bowler,86,5,617,118.7,95,5.43,36.08,CSK,6.01
644,Manoj Verma,33,England,Allrounder,89,4,7209,148.5,445,7.75,53.44,LSG,12.77
645,Irfan Shetty,19,India,Batter,23,1,9429,113.9,2,8.75,44.08,RCB,10.74
646,Vikas Khan,35,South Africa,Bowler,452,16,51,110.3,204,5.66,49.43,SRH,8.99
647,Manoj Shetty,42,India,Bowler,362,23,815,149.1,551,4.15,36.15,LSG,18.2
648,Karthik Reddy,41,England,Bowler,70,4,2577,134.6,825,6.42,51.33,SRH,13.79
649,Karthik Kulkarni,19,India,Allrounder,26,1,8770,131.8,66,7.23,22.33,SRH,10.72
650,Vikas Kulkarni,39,England,Batter,106,7,5742,104.0,8,7.81,45.81,RR,10.85
651,Harshit Yadav,36,India,Wicketkeeper,97,4,10286,125.7,0,0.0,43.81,CSK,14.55
652,Ankit Shetty,40,India,Bowler,380,20,2047,100.1,173,4.16,45.07,MI,13.23
653,Sameer Shetty,39,India,Allrounder,482,20,6780,99.3,118,5.25,20.42,CSK,14.69
654,Sandeep Naidu,40,England,Batter,447,18,10187,139.3,6,9.35,32.36,KKR,19.71
655,Aditya Iyer,18,India,Allrounder,30,1,7288,116.0,264,6.04,47.11,SRH,11.55
656,Vikas Mehta,35,West Indies,Wicketkeeper,239,10,7803,134.7,0,0.0,26.48,RCB,12.22
657,Irfan Malik,41,West Indies,Allrounder,266,15,2064,100.9,311,5.61,43.11,PBKS,12.02
658,Irfan Verma,22,England,Allrounder,89,4,1505,110.9,437,7.68,20.73,GT,9.27
659,Aditya Iyer,38,England,Wicketkeeper,377,17,7754,99.9,0,0.0,53.88,CSK,14.02
660,Vikas Chopra,41,West Indies,Wicketkeeper,54,3,7138,112.7,0,0.0,46.92,LSG,8.23
661,Rahul Patel,28,India,Allrounder,110,7,8341,117.9,106,7.19,27.2,GT,11.29
662,Rahul Naidu,23,India,Bowler,16,1,2338,131.9,737,4.46,47.11,KKR,14.86
663,Arjun Mehta,30,Australia,Wicketkeeper,177,11,8502,133.6,0,0.0,38.56,PBKS,12.23
664,Amit Khan,25,Sri Lanka,Batter,85,5,10668,153.1,1,6.15,47.95,KKR,12.91
665,Irfan Singh,29,Australia,Wicketkeeper,270,9,3166,112.6,0,0.0,54.3,CSK,10.83
666,Rahul Yadav,41,India,Allrounder,51,3,7440,129.9,158,7.11,46.18,GT,10.72
667,Vikas Chopra,35,India,Bowler,337,13,3068,134.4,651,7.08,24.48,KKR,18.8
668,Harshit Kulkarni,31,England,Batter,352,12,10515,150.7,13,7.18,27.86,PBKS,12.86
669,Arjun Reddy,21,England,Bowler,20,1,2186,120.9,694,5.41,35.38,GT,13.57
670,Arjun Singh,32,South Africa,Allrounder,171,6,5027,151.6,462,7.15,28.42,DC,14.52
671,Nikhil Chopra,41,South Africa,Bowler,305,11,3793,106.8,842,4.46,51.04,KKR,15.89
672,Karthik Reddy,26,India,Wicketkeeper,126,6,2767,133.7,0,0.0,30.01,CSK,9.28
673,Amit Verma,34,India,Allrounder,115,5,1677,146.7,435,7.86,49.63,KKR,12.08
674,Rahul Sharma,40,England,Bowler,174,9,566,110.1,351,7.49,46.43,LSG,7.49
675,Vikas Verma,29,India,Bowler,296,10,1637,145.5,662,5.75,45.5,SRH,16.55
676,Aditya Singh,24,India,Batter,152,6,14298,134.4,3,8.72,26.21,LSG,14.78
677,Aditya Shetty,37,South Africa,Batter,170,10,3916,154.1,10,7.91,52.81,PBKS,13.11
678,Sameer Malik,29,India,Wicketkeeper,200,7,2687,97.6,0,0.0,25.77,MI,10.2
679,Rohan Chopra,38,England,Batter,333,13,12255,138.6,4,6.46,48.62,CSK,18.7
680,Sandeep Sharma,28,Sri Lanka,Bowler,264,9,368,125.4,307,4.81,49.42,RR,12.57
681,Sandeep Iyer,31,India,Wicketkeeper,135,5,11862,139.0,0,0.0,38.98,DC,13.75
682,Rohan Patel,41,West Indies,Wicketkeeper,43,2,4636,130.4,0,0.0,37.79,RR,6.93
683,Arjun Yadav,42,South Africa,Wicketkeeper,148,5,5712,112.9,0,0.0,39.78,LSG,9.54
684,Vikas Patel,35,South Africa,Bowler,420,17,2804,147.4,669,6.62,42.27,SRH,16.08
685,Manoj Singh,20,India,Wicketkeeper,25,1,8144,140.7,0,0.0,25.6,DC,11.54
686,Sandeep Singh,37,Sri Lanka,Allrounder,19,1,5108,95.6,62,6.62,28.63,PBKS,6.28
687,Sandeep Shetty,25,India,Allrounder,53,2,1946,154.5,164,7.54,23.47,MI,8.92
688,Amit Singh,37,Australia,Allrounder,132,5,5359,143.0,51,6.41,27.14,MI,10.2
689,Vikas Chopra,28,Australia,Bowler,95,4,1978,139.0,717,6.11,41.56,GT,14.39
690,Manoj Mehta,41,India,Batter,107,5,5790,116.3,1,6.66,47.43,GT,9.9
691,Amit Naidu,27,India,Allrounder,84,4,6909,95.3,178,6.94,46.63,CSK,12.77
692,Amit Verma,39,India,Batter,277,12,11331,139.7,3,6.12,27.09,RR,14.97
693,Sandeep Yadav,28,Sri Lanka,Batter,191,8,14673,117.1,0,9.35,31.44,GT,16.08
694,Ankit Naidu,19,India,Allrounder,15,1,4340,113.3,390,5.52,50.68,RR,12.15
695,Vikas Chopra,29,India,Allrounder,170,6,3610,117.1,489,8.49,35.7,SRH,12.89
696,Vikas Iyer,30,South Africa,Allrounder,19,1,2219,148.2,413,7.53,40.76,DC,10.22
697,Manoj Yadav,30,India,Bowler,244,9,3975,119.8,399,5.49,44.35,PBKS,12.3
698,Arjun Iyer,37,India,Wicketkeeper,313,11,11369,95.2,0,0.0,41.69,KKR,16.64
699,Rohan Deshmukh,39,India,Bowler,160,7,3723,142.7,868,5.35,23.25,GT,17.61
700,Rahul Chopra,22,India,Allrounder,35,2,4101,123.9,469,7.06,42.48,GT,11.34
701,Sameer Reddy,22,Australia,Allrounder,29,1,7608,129.8,460,5.23,39.65,RR,13.45
702,Harshit Yadav,38,India,Bowler,182,9,107,131.2,860,6.13,43.68,MI,16.78
703,Nikhil Yadav,37,India,Bowler,226,9,325,111.2,784,7.06,48.88,KKR,15.0
704,Arjun Malik,42,Sri Lanka,Bowler,422,16,2660,99.6,462,5.89,22.05,PBKS,12.58
705,Karthik Iyer,23,India,Wicketkeeper,74,4,3028,115.1,0,0.0,47.47,RCB,9.74
706,Sameer Verma,31,India,Batter,385,13,13999,142.3,6,8.48,38.1,RR,18.55
707,Sandeep Khan,42,Sri Lanka,Batter,193,7,8323,103.8,14,7.54,31.49,LSG,12.27
708,Harshit Sharma,25,South Africa,Wicketkeeper,106,4,7626,121.0,0,0.0,23.1,PBKS,7.15
709,Arjun Patel,30,Sri Lanka,Batter,160,10,7025,130.9,12,6.77,45.75,LSG,14.01
710,Arjun Shetty,41,India,Wicketkeeper,39,2,9701,154.9,0,0.0,52.66,CSK,13.46
711,Karthik Iyer,30,Australia,Allrounder,81,5,7152,120.3,304,7.25,42.27,RR,11.27
712,Rahul Deshmukh,22,India,Wicketkeeper,71,4,11452,142.1,0,0.0,24.14,GT,12.74
713,Ankit Naidu,22,India,Wicketkeeper,89,4,5808,119.6,0,0.0,49.39,CSK,11.33
714,Ankit Deshmukh,32,India,Allrounder,32,2,2435,129.3,401,6.34,40.57,RCB,11.21
715,Rahul Chopra,32,West Indies,Allrounder,321,11,2809,116.7,233,5.65,31.71,RR,13.71
716,Harshit Iyer,35,India,Batter,236,13,5369,96.5,5,6.09,49.11,DC,12.15
717,Manoj Verma,42,Sri Lanka,Batter,492,23,13263,126.1,5,6.96,30.46,SRH,19.08
718,Amit Mehta,21,India,Bowler,29,1,2038,110.6,590,7.57,35.04,SRH,10.91
719,Vikas Yadav,35,Sri Lanka,Wicketkeeper,29,1,9219,147.4,0,0.0,49.47,PBKS,11.21
720,Vikas Khan,32,Australia,Batter,49,2,13299,143.2,6,6.65,36.04,GT,13.92
721,Amit Kulkarni,19,India,Bowler,19,1,3497,103.0,113,5.84,22.82,DC,4.21
722,Ankit Khan,39,India,Allrounder,340,19,4915,124.8,131,7.55,35.29,MI,12.65
723,Karthik Deshmukh,23,England,Bowler,47,3,381,140.9,866,6.77,25.56,PBKS,15.05
724,Sameer Reddy,27,South Africa,Allrounder,160,6,2031,103.1,189,7.14,46.3,MI,9.63
725,Aditya Malik,33,England,Batter,78,3,9779,152.4,6,8.3,22.41,SRH,11.17
726,Rahul Mehta,40,India,Batter,166,7,14863,111.9,9,6.2,29.16,GT,15.63
727,Rohan Chopra,31,England,Allrounder,183,10,6532,149.4,328,5.86,28.73,PBKS,14.02
728,Karthik Shetty,33,India,Wicketkeeper,209,9,5671,111.3,0,0.0,46.58,RCB,11.56
729,Karthik Kulkarni,18,India,Batter,28,1,9783,141.6,1,7.57,22.29,MI,10.41
730,Amit Kulkarni,28,Australia,Bowler,122,6,3236,97.0,149,5.85,22.19,KKR,7.63
731,Harshit Sharma,27,England,Allrounder,118,5,4744,103.4,410,8.17,38.63,MI,9.75
732,Vikas Singh,36,Sri Lanka,Bowler,30,1,3265,115.8,116,5.56,51.49,DC,5.97
733,Sandeep Kulkarni,38,West Indies,Wicketkeeper,117,5,10077,96.3,0,0.0,43.23,LSG,8.76
734,Irfan Chopra,31,England,Batter,322,12,11779,128.6,0,9.37,52.79,SRH,17.97
735,Harshit Khan,24,India,Allrounder,94,5,3797,120.1,470,5.18,29.11,DC,13.57
736,Pranav Chopra,18,South Africa,Wicketkeeper,20,1,4414,138.8,0,0.0,54.35,RCB,8.63
737,Aditya Sharma,42,South Africa,Allrounder,172,10,5571,134.3,489,5.9,26.93,SRH,14.4
738,Irfan Verma,25,West Indies,Wicketkeeper,64,3,5367,128.9,0,0.0,36.24,KKR,10.76
739,Harshit Yadav,21,Sri Lanka,Batter,46,2,3408,131.5,15,9.4,32.23,MI,7.84
740,Ankit Khan,34,West Indies,Bowler,114,5,3176,104.1,415,4.43,27.89,LSG,8.61
741,Vikas Deshmukh,22,Sri Lanka,Bowler,27,1,2923,146.0,614,4.95,39.64,CSK,10.37
742,Sameer Sharma,21,India,Allrounder,25,1,5324,101.9,495,6.83,50.1,PBKS,11.33
743,Amit Mehta,19,India,Allrounder,25,1,3142,99.1,138,7.53,44.77,SRH,8.2
744,Harshit Naidu,27,Australia,Allrounder,94,5,2790,99.9,180,6.9,36.04,MI,9.16
745,Vikas Chopra,21,West Indies,Batter,25,1,7440,104.9,4,7.7,53.1,DC,7.89
746,Sandeep Patel,40,England,Bowler,288,10,1817,135.1,131,7.23,36.18,SRH,8.34
747,Sameer Kulkarni,22,India,Wicketkeeper,27,1,3381,119.7,0,0.0,42.78,CSK,7.36
748,Sandeep Deshmukh,20,Sri Lanka,Wicketkeeper,49,2,8326,127.7,0,0.0,22.18,PBKS,8.38
749,Aditya Shetty,27,India,Bowler,149,6,2325,143.4,214,5.95,36.07,GT,8.35
750,Karthik Verma,20,Sri Lanka,Batter,37,2,6666,142.2,4,6.18,27.05,LSG,7.63
751,Manoj Iyer,37,England,Allrounder,251,9,5493,104.9,55,5.91,31.56,DC,8.84
752,Ankit Naidu,20,India,Batter,39,2,8711,126.2,4,8.65,27.17,LSG,9.46
753,Irfan Deshmukh,34,England,Wicketkeeper,95,4,3662,147.7,0,0.0,50.79,MI,10.69
754,Manoj Mehta,27,India,Wicketkeeper,197,9,11477,147.2,0,0.0,28.36,RR,14.8
755,Rahul Singh,23,South Africa,Wicketkeeper,110,4,9632,122.1,0,0.0,54.47,KKR,15.26
756,Sandeep Kulkarni,36,Sri Lanka,Bowler,194,11,2425,96.6,690,6.93,22.28,MI,14.7
757,Irfan Naidu,32,Australia,Batter,141,6,4140,149.6,3,7.62,38.85,RCB,10.02
758,Ankit Naidu,39,India,Wicketkeeper,411,20,4776,124.9,0,0.0,23.69,CSK,13.14
759,Pranav Iyer,36,West Indies,Bowler,24,1,1597,144.3,710,6.5,33.31,LSG,12.8
760,Vikas Kulkarni,36,Australia,Bowler,370,15,3253,152.9,775,6.95,27.13,DC,17.12
761,Rahul Mehta,27,West Indies,Allrounder,156,7,8443,112.2,105,6.83,47.75,CSK,11.71
762,Sameer Chopra,27,India,Allrounder,26,1,2398,133.1,480,7.02,47.93,CSK,14.99
763,Manoj Deshmukh,27,South Africa,Bowler,25,1,2915,149.9,471,5.5,38.66,PBKS,10.1
764,Arjun Yadav,30,Sri Lanka,Wicketkeeper,122,7,5583,104.5,0,0.0,44.36,RCB,10.87
765,Irfan Reddy,35,Australia,Allrounder,366,13,2528,114.0,108,7.78,50.0,RCB,10.9
766,Sandeep Deshmukh,18,South Africa,Batter,19,1,4387,111.6,4,9.17,54.42,LSG,6.91
767,Sameer Shetty,38,South Africa,Wicketkeeper,369,14,5445,103.4,0,0.0,27.07,PBKS,13.55
768,Arjun Malik,32,South Africa,Wicketkeeper,225,9,6198,106.1,0,0.0,51.29,LSG,10.59
769,Nikhil Naidu,23,West Indies,Batter,77,4,9731,104.1,11,8.29,35.41,KKR,12.37
770,Aditya Singh,19,Sri Lanka,Wicketkeeper,17,1,4827,131.9,0,0.0,22.92,MI,7.76
771,Karthik Chopra,41,West Indies,Allrounder,300,17,3508,143.2,281,8.09,37.68,MI,12.36
772,Nikhil Sharma,38,West Indies,Allrounder,45,3,5340,120.1,272,8.38,54.44,DC,10.2
773,Manoj Singh,34,Australia,Allrounder,282,16,1789,133.1,395,7.34,25.81,SRH,14.15
774,Amit Kulkarni,37,India,Allrounder,296,10,1922,120.6,376,8.09,25.68,LSG,13.75
775,Karthik Patel,27,West Indies,Allrounder,17,1,8475,128.6,441,5.04,38.46,RCB,10.65
776,Nikhil Verma,26,Australia,Bowler,76,5,3036,148.4,194,6.73,22.78,SRH,6.21
777,Pranav Naidu,37,India,Bowler,123,6,3205,106.2,797,6.78,50.04,DC,15.54
778,Harshit Chopra,25,England,Bowler,65,4,3962,127.4,228,7.11,44.86,CSK,7.05
779,Harshit Reddy,37,India,Wicketkeeper,131,5,5240,113.9,0,0.0,36.49,RR,10.86
780,Amit Kulkarni,24,India,Allrounder,81,5,2872,122.6,277,7.88,32.52,SRH,10.72
781,Karthik Deshmukh,30,India,Allrounder,168,8,7099,144.7,401,6.73,31.73,GT,13.52
782,Sandeep Chopra,30,India,Allrounder,156,8,8031,137.7,269,5.61,48.91,RR,15.52
783,Arjun Kulkarni,30,India,Allrounder,301,11,6721,109.4,221,5.35,24.97,CSK,15.47
784,Ankit Verma,31,India,Allrounder,215,10,6860,122.0,339,6.22,46.21,SRH,15.95
785,Aditya Kulkarni,30,India,Bowler,186,8,1382,132.3,773,6.47,32.33,PBKS,18.15
786,Arjun Sharma,40,India,Allrounder,91,6,4868,123.3,90,7.95,54.27,CSK,11.26
787,Ankit Yadav,34,Australia,Wicketkeeper,72,4,3057,133.0,0,0.0,24.42,SRH,7.7
788,Nikhil Kulkarni,18,India,Batter,18,1,4415,114.5,4,8.37,44.02,KKR,7.91
789,Sameer Patel,30,Australia,Bowler,240,11,1912,105.5,756,4.26,49.95,RCB,15.28
790,Harshit Reddy,20,Australia,Allrounder,35,2,7895,145.2,77,5.8,29.77,DC,10.01
791,Manoj Singh,26,Australia,Wicketkeeper,23,1,5415,133.6,0,0.0,44.3,CSK,8.98
792,Sameer Yadav,32,South Africa,Wicketkeeper,35,2,10561,125.8,0,0.0,30.69,PBKS,11.06
793,Vikas Mehta,21,Sri Lanka,Wicketkeeper,23,1,4192,107.8,0,0.0,21.16,MI,4.27
794,Nikhil Deshmukh,19,Sri Lanka,Batter,15,1,11154,134.2,4,7.06,52.84,SRH,10.66
795,Pranav Reddy,38,India,Batter,25,1,9411,141.0,0,9.05,47.6,SRH,13.52
796,Manoj Reddy,34,West Indies,Wicketkeeper,297,16,2554,134.9,0,0.0,29.11,MI,10.8
797,Rahul Mehta,30,England,Wicketkeeper,265,12,7461,149.4,0,0.0,43.48,GT,14.93
798,Ankit Chopra,30,India,Batter,29,1,7750,101.7,6,7.96,35.65,DC,9.71
799,Manoj Kulkarni,23,Australia,Batter,124,5,4749,146.9,11,7.61,39.13,KKR,9.77
800,Aditya Yadav,33,India,Wicketkeeper,36,2,2915,117.8,0,0.0,54.19,RCB,9.85
801,Karthik Reddy,41,West Indies,Bowler,442,19,2046,120.4,626,4.42,21.47,MI,17.22
802,Ankit Sharma,32,India,Batter,27,1,4936,150.1,6,8.59,29.8,DC,9.57
803,Pranav Malik,38,India,Wicketkeeper,374,17,3680,146.5,0,0.0,30.23,GT,13.42
804,Pranav Sharma,19,India,Wicketkeeper,22,1,4638,149.6,0,0.0,46.39,LSG,9.43
805,Sameer Verma,18,Sri Lanka,Batter,20,1,12683,96.1,2,8.82,53.7,MI,10.92
806,Nikhil Shetty,21,India,Wicketkeeper,17,1,5820,138.6,0,0.0,30.67,PBKS,9.82
807,Ankit Patel,31,West Indies,Wicketkeeper,107,6,7768,144.8,0,0.0,29.85,PBKS,10.56
808,Ankit Patel,24,Australia,Bowler,19,1,3102,101.8,505,7.32,44.63,MI,10.75
809,Karthik Yadav,23,India,Bowler,53,3,409,100.8,890,6.05,28.47,PBKS,14.98
810,Harshit Iyer,38,Sri Lanka,Wicketkeeper,341,20,2604,95.7,0,0.0,36.41,CSK,10.25
811,Aditya Kulkarni,18,Australia,Batter,28,1,14362,130.9,15,7.05,30.4,PBKS,12.19
812,Sandeep Kulkarni,40,West Indies,Bowler,132,5,1687,139.6,324,5.14,21.68,SRH,10.96
813,Nikhil Iyer,23,India,Batter,113,5,8699,146.1,13,9.16,43.37,LSG,13.73
814,Rahul Chopra,18,England,Bowler,22,1,1901,148.5,868,6.25,26.49,MI,15.08
815,Amit Yadav,38,India,Allrounder,192,7,8412,109.4,282,5.28,47.81,MI,12.66
816,Pranav Khan,33,India,Bowler,86,3,1491,130.0,371,4.13,54.84,CSK,11.9
817,Ankit Mehta,24,India,Allrounder,66,4,7565,126.3,66,7.99,22.23,LSG,11.22
818,Harshit Sharma,35,West Indies,Bowler,104,6,290,130.9,320,7.16,24.02,LSG,8.24
819,Manoj Yadav,41,India,Allrounder,424,15,2402,149.6,206,5.33,43.42,DC,16.93
820,Aditya Reddy,25,South Africa,Bowler,22,1,301,147.7,562,7.15,40.01,KKR,9.47
821,Sameer Reddy,36,India,Batter,477,16,12984,120.8,14,7.81,31.09,RCB,20.0
822,Sandeep Naidu,23,England,Allrounder,77,4,3156,141.4,211,6.52,41.07,KKR,12.38
823,Rohan Iyer,22,Sri Lanka,Batter,29,1,9852,121.6,5,9.12,41.25,MI,9.88
824,Sameer Verma,42,India,Bowler,328,11,3902,130.5,706,6.4,44.59,PBKS,16.92
825,Rahul Reddy,23,Sri Lanka,Bowler,102,5,2423,125.7,564,4.9,23.65,GT,14.08
826,Aditya Reddy,32,India,Batter,116,5,10114,124.3,7,7.35,42.83,KKR,15.51
827,Manoj Sharma,36,Sri Lanka,Batter,139,5,3550,131.0,13,9.33,46.03,CSK,7.98
828,Harshit Shetty,34,Sri Lanka,Wicketkeeper,321,13,6440,125.4,0,0.0,42.19,MI,12.57
829,Vikas Iyer,20,Australia,Wicketkeeper,22,1,3986,99.3,0,0.0,28.9,DC,5.32
830,Sandeep Deshmukh,18,India,Allrounder,29,1,5299,123.3,435,6.27,21.6,LSG,9.71
831,Harshit Malik,22,Sri Lanka,Bowler,105,4,2594,111.6,81,4.53,54.0,DC,5.63
832,Sameer Deshmukh,38,West Indies,Wicketkeeper,47,3,7359,114.9,0,0.0,36.87,DC,7.57
833,Aditya Mehta,31,India,Allrounder,370,13,2163,131.6,357,5.69,29.82,GT,14.6
834,Sameer Sharma,28,South Africa,Allrounder,26,1,5312,126.0,356,5.72,20.19,MI,10.08
835,Sandeep Kulkarni,19,India,Allrounder,21,1,2633,108.1,211,5.03,21.29,GT,9.01
836,Pranav Naidu,25,India,Batter,103,5,8250,115.3,11,6.38,48.09,PBKS,14.25
837,Amit Patel,26,England,Allrounder,162,7,5483,125.8,296,7.0,30.27,DC,10.42
838,Aditya Chopra,34,Australia,Wicketkeeper,88,4,8531,150.9,0,0.0,33.9,GT,12.52
839,Sameer Khan,39,India,Bowler,50,3,1600,132.0,263,4.33,23.98,LSG,9.0
840,Sandeep Verma,27,India,Batter,45,2,5465,125.4,6,7.21,50.6,MI,10.32
841,Manoj Kulkarni,34,India,Allrounder,30,1,4340,137.1,255,6.73,54.75,GT,11.93
842,Rohan Yadav,32,India,Batter,239,12,11513,111.5,10,6.46,33.81,MI,14.27
843,Pranav Kulkarni,31,Sri Lanka,Allrounder,285,10,8396,119.7,320,6.48,51.77,DC,15.49
844,Nikhil Iyer,32,India,Allrounder,221,8,3629,131.5,156,7.5,30.83,SRH,12.14
845,Harshit Malik,33,India,Allrounder,135,6,3829,152.3,273,7.88,48.74,CSK,13.21
846,Aditya Chopra,23,India,Bowler,97,5,3437,133.2,805,4.01,21.79,SRH,17.49
847,Sandeep Yadav,40,India,Bowler,492,22,2353,98.6,209,4.98,41.13,MI,17.87
848,Sandeep Yadav,32,India,Allrounder,115,5,4316,101.9,115,7.4,33.43,GT,9.1
849,Arjun Verma,29,India,Bowler,171,8,3813,117.1,591,5.73,24.24,MI,14.38
850,Sameer Singh,42,India,Wicketkeeper,144,5,10813,120.1,0,0.0,46.29,RCB,12.87
851,Sameer Verma,28,India,Wicketkeeper,147,5,9743,99.3,0,0.0,22.81,PBKS,11.44
852,Sameer Sharma,28,West Indies,Wicketkeeper,33,2,7547,116.3,0,0.0,52.96,RCB,9.23
853,Karthik Singh,18,England,Bowler,16,1,2490,135.7,736,6.54,32.67,MI,13.5
854,Harshit Khan,24,India,Bowler,77,5,342,95.6,631,6.26,42.26,SRH,15.15
855,Arjun Reddy,32,Sri Lanka,Batter,246,11,12882,131.8,1,9.2,50.58,KKR,15.8
856,Sandeep Deshmukh,39,England,Wicketkeeper,278,12,8608,138.4,0,0.0,24.22,RR,12.06
857,Ankit Verma,18,West Indies,Allrounder,17,1,3266,99.0,412,8.16,38.69,LSG,8.84
858,Harshit Naidu,32,India,Wicketkeeper,288,12,9286,103.5,0,0.0,20.41,SRH,13.25
859,Vikas Verma,22,West Indies,Bowler,25,1,270,112.7,684,5.6,37.01,LSG,12.71
860,Amit Reddy,42,South Africa,Batter,239,13,12106,97.6,14,8.02,24.31,SRH,13.23
861,Vikas Iyer,40,Australia,Bowler,568,19,2009,115.6,123,6.12,45.52,RR,10.6
862,Arjun Deshmukh,27,India,Wicketkeeper,78,5,2540,134.1,0,0.0,49.6,LSG,11.78
863,Pranav Malik,22,India,Allrounder,86,3,6955,120.8,497,7.42,43.55,LSG,15.83
864,Karthik Khan,27,India,Bowler,120,7,3132,113.4,363,5.05,47.61,KKR,11.35
865,Nikhil Naidu,33,South Africa,Allrounder,57,2,3612,142.9,361,6.56,48.78,PBKS,10.22
866,Ankit Chopra,39,India,Batter,456,16,7252,150.0,5,9.0,35.08,PBKS,17.1
867,Ankit Naidu,36,England,Bowler,35,2,216,129.9,359,5.21,32.99,RCB,8.81
868,Amit Verma,29,West Indies,Allrounder,186,7,2129,137.3,303,7.1,44.09,SRH,12.22
869,Harshit Patel,24,India,Bowler,159,6,1321,105.0,403,5.42,35.07,PBKS,14.57
870,Pranav Deshmukh,39,India,Allrounder,286,10,6251,148.4,220,5.5,32.11,DC,14.65
871,Arjun Verma,22,Sri Lanka,Bowler,28,1,1393,96.5,246,4.59,42.6,DC,6.31
872,Arjun Yadav,21,West Indies,Bowler,18,1,1709,115.4,551,6.42,22.51,KKR,8.19
873,Sameer Sharma,20,England,Bowler,24,1,2830,113.7,451,5.56,43.7,LSG,8.45
874,Sandeep Deshmukh,22,India,Allrounder,107,4,8172,116.9,100,7.12,27.63,SRH,11.06
875,Aditya Yadav,25,India,Bowler,36,2,533,122.2,160,7.75,44.09,SRH,8.68
876,Rahul Sharma,31,South Africa,Batter,190,12,6217,124.1,3,6.49,20.96,LSG,9.84
877,Rahul Khan,19,India,Wicketkeeper,17,1,7442,125.3,0,0.0,53.74,SRH,11.14
878,Harshit Patel,39,India,Batter,21,1,6027,97.3,11,7.34,21.08,PBKS,7.13
879,Irfan Deshmukh,18,England,Bowler,26,1,657,104.6,592,5.47,20.82,SRH,11.97
880,Arjun Mehta,42,India,Bowler,656,24,3126,122.5,94,6.87,30.12,MI,17.52
881,Rohan Iyer,34,India,Bowler,197,7,404,102.0,299,7.42,53.46,GT,9.69
882,Aditya Mehta,34,Sri Lanka,Allrounder,412,16,2379,148.3,132,6.1,41.1,RCB,13.21
883,Vikas Chopra,29,South Africa,Wicketkeeper,119,7,7649,144.6,0,0.0,54.44,KKR,13.78
884,Arjun Iyer,21,England,Batter,52,2,7723,152.7,1,7.01,33.63,LSG,11.11
885,Rahul Reddy,20,Sri Lanka,Wicketkeeper,49,2,7611,118.1,0,0.0,31.91,SRH,11.04
886,Arjun Reddy,39,South Africa,Bowler,273,15,3509,104.2,151,6.06,39.38,SRH,10.14
887,Sandeep Sharma,33,India,Allrounder,266,11,5088,140.7,307,6.9,49.18,LSG,14.82
888,Sandeep Reddy,39,India,Batter,55,3,4060,113.1,11,7.54,29.08,RR,8.28
889,Nikhil Malik,24,India,Bowler,59,3,3432,98.5,514,4.74,31.99,RR,13.93
890,Harshit Deshmukh,41,Australia,Allrounder,433,16,7967,153.0,450,5.95,39.52,PBKS,18.99
891,Karthik Kulkarni,38,South Africa,Allrounder,319,13,5689,129.8,182,6.22,24.87,PBKS,13.46
892,Rahul Verma,22,Sri Lanka,Batter,74,4,13295,132.6,4,7.55,37.11,LSG,14.78
893,Irfan Patel,18,India,Batter,20,1,9269,154.6,10,7.41,50.81,LSG,14.33
894,Harshit Patel,22,Sri Lanka,Batter,74,3,6308,129.2,9,8.18,41.72,GT,10.91
895,Arjun Verma,39,England,Wicketkeeper,447,16,11356,107.1,0,0.0,33.83,GT,16.79
896,Manoj Khan,35,South Africa,Batter,29,1,8153,123.5,12,6.14,39.01,MI,9.15
897,Amit Iyer,32,Australia,Batter,233,8,14568,152.8,5,6.8,51.83,GT,18.21
898,Rohan Deshmukh,33,Sri Lanka,Bowler,202,7,448,127.0,662,6.74,50.45,RR,15.31
899,Karthik Chopra,39,West Indies,Wicketkeeper,254,16,8912,102.8,0,0.0,47.67,RCB,12.25
900,Nikhil Kulkarni,26,Australia,Wicketkeeper,161,8,3506,102.5,0,0.0,47.8,DC,9.4
901,Irfan Singh,18,India,Bowler,25,1,1558,147.6,179,5.05,53.04,DC,7.29
902,Manoj Singh,31,India,Allrounder,121,6,3422,122.8,371,5.52,54.33,CSK,13.36
903,Irfan Verma,27,England,Batter,35,2,3322,146.8,10,7.69,40.61,MI,9.46
904,Nikhil Chopra,19,Australia,Wicketkeeper,15,1,10195,117.5,0,0.0,30.0,RR,9.82
905,Manoj Mehta,36,England,Allrounder,18,1,8121,140.7,290,5.71,33.53,RR,10.91
906,Ankit Naidu,21,England,Bowler,55,3,2518,124.5,386,5.94,40.2,GT,7.35
907,Karthik Kulkarni,29,West Indies,Bowler,132,7,1177,153.8,351,7.29,34.27,MI,10.4
908,Harshit Yadav,19,India,Wicketkeeper,18,1,8018,144.7,0,0.0,46.76,PBKS,12.35
909,Manoj Yadav,26,India,Wicketkeeper,50,2,7445,129.4,0,0.0,53.46,DC,14.48
910,Pranav Chopra,34,India,Wicketkeeper,256,10,9091,107.0,0,0.0,23.82,DC,13.04
911,Sameer Sharma,26,India,Bowler,193,8,2044,121.3,298,7.25,49.64,GT,11.22
912,Sameer Kulkarni,39,South Africa,Allrounder,369,15,7452,98.7,360,8.13,50.92,GT,15.21
913,Karthik Iyer,19,India,Allrounder,24,1,8415,125.6,262,6.57,41.93,KKR,13.68
914,Pranav Yadav,31,Australia,Batter,126,6,13584,96.1,5,9.24,36.69,RR,12.93
915,Vikas Patel,26,India,Wicketkeeper,61,4,6523,136.3,0,0.0,45.29,RCB,11.95
916,Arjun Reddy,27,India,Wicketkeeper,145,8,5110,136.6,0,0.0,24.71,RR,12.04
917,Rohan Shetty,26,West Indies,Batter,56,3,13556,116.5,1,7.05,48.16,SRH,13.75
918,Amit Malik,41,England,Batter,394,16,7882,107.6,2,6.98,53.51,MI,13.78
919,Manoj Malik,31,India,Batter,104,6,12354,154.9,3,6.03,43.69,RCB,16.58
920,Sameer Patel,34,India,Wicketkeeper,215,9,7895,144.7,0,0.0,30.31,KKR,15.17
921,Sameer Reddy,36,India,Bowler,222,13,717,139.3,299,4.05,49.2,KKR,11.85
922,Rohan Malik,26,India,Wicketkeeper,182,8,11240,139.4,0,0.0,25.0,PBKS,15.21
923,Arjun Reddy,29,India,Allrounder,60,2,3775,141.1,490,7.64,43.05,LSG,11.96
924,Aditya Singh,22,India,Wicketkeeper,86,3,3070,141.0,0,0.0,49.61,SRH,11.44
925,Aditya Khan,41,Australia,Batter,612,22,9302,100.3,9,8.15,37.07,KKR,15.08
926,Arjun Malik,38,Sri Lanka,Batter,279,12,3128,119.5,12,6.27,34.25,KKR,8.9
927,Sameer Malik,26,Australia,Batter,101,5,5625,115.9,14,6.23,23.88,KKR,8.73
928,Harshit Sharma,38,India,Wicketkeeper,290,11,10218,143.5,0,0.0,53.17,SRH,18.75
929,Aditya Reddy,41,India,Allrounder,388,14,3637,152.3,299,5.25,38.29,MI,16.14
930,Nikhil Deshmukh,20,England,Wicketkeeper,44,2,2948,113.0,0,0.0,22.69,GT,4.99
931,Pranav Naidu,42,India,Bowler,42,2,819,142.7,723,5.9,44.75,RCB,16.02
932,Rahul Iyer,27,West Indies,Batter,173,6,5131,99.4,13,6.18,34.1,KKR,6.99
933,Irfan Deshmukh,28,Australia,Wicketkeeper,142,8,7867,112.7,0,0.0,28.13,RCB,8.09
934,Manoj Singh,27,South Africa,Batter,116,4,9182,143.2,7,6.98,52.52,RCB,13.51
935,Sameer Patel,18,India,Bowler,23,1,2872,149.4,252,5.54,31.25,LSG,7.74
936,Nikhil Verma,19,India,Wicketkeeper,26,1,5287,123.6,0,0.0,27.91,RCB,7.35
937,Aditya Chopra,36,Sri Lanka,Batter,112,4,14036,153.7,15,8.24,41.12,RR,16.08
938,Vikas Malik,21,Australia,Bowler,30,1,1564,133.9,213,5.36,24.3,SRH,6.84
939,Irfan Verma,31,South Africa,Bowler,71,4,1673,125.2,891,7.38,35.73,KKR,14.05
940,Rohan Yadav,22,Sri Lanka,Allrounder,22,1,4528,132.5,338,7.05,22.51,PBKS,7.6
941,Rahul Sharma,39,India,Wicketkeeper,480,21,9013,136.0,0,0.0,28.47,LSG,18.93
942,Aditya Reddy,39,Australia,Wicketkeeper,114,7,4061,137.8,0,0.0,48.79,PBKS,10.22
943,Ankit Khan,35,Sri Lanka,Batter,59,2,8804,128.2,1,8.81,38.21,KKR,10.05
944,Rohan Reddy,18,India,Wicketkeeper,16,1,5438,103.6,0,0.0,47.14,DC,10.86
945,Sameer Singh,26,India,Wicketkeeper,50,3,7698,111.3,0,0.0,37.38,LSG,9.48
946,Sandeep Verma,40,England,Wicketkeeper,277,17,4595,112.1,0,0.0,24.68,MI,8.66
947,Aditya Singh,33,Australia,Allrounder,277,14,6521,98.3,464,7.2,46.2,RR,13.94
948,Manoj Khan,42,England,Allrounder,260,9,7756,95.0,117,6.11,37.89,RCB,11.35
949,Vikas Iyer,35,India,Batter,271,15,3587,111.6,15,6.16,44.74,CSK,12.22
950,Manoj Patel,26,India,Wicketkeeper,73,3,8341,98.8,0,0.0,49.38,LSG,11.14
951,Karthik Naidu,40,India,Wicketkeeper,333,18,8227,95.2,0,0.0,28.64,MI,14.53
952,Sandeep Malik,20,West Indies,Allrounder,23,1,6114,114.0,496,7.59,23.57,RCB,8.66
953,Nikhil Sharma,39,India,Bowler,498,19,3770,111.2,158,5.37,49.49,GT,15.87
954,Pranav Patel,25,India,Wicketkeeper,141,7,4498,113.8,0,0.0,47.61,DC,10.81
955,Irfan Singh,30,India,Batter,100,6,10540,121.0,15,9.12,51.85,RCB,15.53
956,Nikhil Kulkarni,32,England,Allrounder,176,11,6875,152.8,358,6.32,23.13,CSK,14.12
957,Vikas Malik,32,Australia,Bowler,131,6,3269,124.6,136,6.61,33.57,CSK,7.51
958,Rahul Reddy,41,India,Wicketkeeper,60,3,9035,133.0,0,0.0,44.63,SRH,12.71
959,Sandeep Reddy,20,Australia,Bowler,19,1,493,105.0,385,4.02,44.96,RR,9.54
960,Aditya Shetty,33,India,Wicketkeeper,286,13,4074,135.0,0,0.0,53.81,SRH,14.55
961,Karthik Naidu,29,Sri Lanka,Bowler,203,9,2306,152.0,694,6.89,44.59,RR,16.53
962,Harshit Singh,31,India,Wicketkeeper,43,2,9479,112.9,0,0.0,23.69,PBKS,11.15
963,Karthik Kulkarni,20,India,Allrounder,30,1,5819,133.6,362,7.74,21.69,KKR,11.78
964,Rohan Naidu,38,India,Batter,499,17,7921,152.4,4,7.26,37.51,RR,17.96
965,Arjun Reddy,22,India,Bowler,80,3,313,122.5,126,5.64,27.31,SRH,9.14
966,Manoj Patel,34,Australia,Wicketkeeper,82,4,6675,117.1,0,0.0,32.94,LSG,8.21
967,Rahul Deshmukh,36,India,Batter,56,3,9438,141.1,1,6.18,34.58,LSG,14.6
968,Ankit Mehta,20,Sri Lanka,Allrounder,49,2,8117,146.0,175,7.88,27.42,LSG,9.7
969,Sandeep Patel,28,Australia,Bowler,88,3,435,123.3,524,6.5,50.81,PBKS,9.27
970,Manoj Patel,35,India,Batter,30,1,10539,135.7,12,6.76,41.27,CSK,12.92
971,Rohan Mehta,39,England,Wicketkeeper,502,20,7458,112.7,0,0.0,24.78,PBKS,13.92
972,Amit Yadav,20,India,Bowler,21,1,3518,139.3,107,6.48,31.05,MI,7.24
973,Pranav Yadav,24,West Indies,Bowler,72,4,352,118.7,388,6.45,44.96,RR,8.24
974,Karthik Reddy,42,India,Bowler,267,15,3696,148.4,236,4.76,30.06,CSK,11.95
975,Karthik Naidu,41,Sri Lanka,Wicketkeeper,644,23,6475,117.1,0,0.0,22.03,CSK,13.63
976,Amit Singh,24,India,Wicketkeeper,85,3,9574,101.7,0,0.0,38.06,CSK,11.15
977,Amit Naidu,31,Sri Lanka,Allrounder,185,8,6341,145.1,411,5.94,20.51,RR,10.63
978,Aditya Sharma,37,India,Bowler,348,16,2360,115.2,403,5.44,20.68,GT,13.08
979,Sameer Kulkarni,35,Sri Lanka,Allrounder,52,3,5553,119.8,358,5.44,37.25,RR,11.66
980,Aditya Reddy,38,India,Wicketkeeper,253,12,5649,119.3,0,0.0,38.58,CSK,13.57
981,Vikas Chopra,33,England,Wicketkeeper,167,6,10175,130.7,0,0.0,20.35,KKR,12.49
982,Manoj Malik,22,Sri Lanka,Wicketkeeper,55,3,5894,122.8,0,0.0,53.72,DC,8.19
983,Sandeep Iyer,27,India,Wicketkeeper,49,2,10563,126.1,0,0.0,43.71,KKR,13.0
984,Rohan Yadav,21,West Indies,Wicketkeeper,31,2,2797,113.7,0,0.0,47.09,KKR,6.62
985,Pranav Iyer,29,West Indies,Allrounder,79,5,8109,126.3,72,7.71,54.16,RCB,9.07
986,Nikhil Yadav,28,West Indies,Batter,133,7,10968,96.0,8,6.44,46.96,MI,14.31
987,Harshit Khan,28,Australia,Batter,109,6,14307,102.2,3,8.83,29.3,GT,14.44
988,Harshit Naidu,40,India,Wicketkeeper,55,2,4169,96.1,0,0.0,30.27,MI,7.05
989,Sandeep Kulkarni,35,India,Batter,59,2,8925,126.1,5,8.71,32.18,MI,11.3
990,Harshit Chopra,41,India,Wicketkeeper,189,10,8459,117.3,0,0.0,20.05,LSG,12.43
991,Irfan Yadav,28,South Africa,Batter,45,3,7019,133.8,15,7.05,54.1,LSG,8.17
992,Rahul Verma,28,South Africa,Bowler,121,5,2578,96.4,760,7.22,51.45,DC,13.77
993,Harshit Yadav,25,South Africa,Wicketkeeper,43,2,9206,142.0,0,0.0,47.31,RCB,10.66
994,Amit Naidu,32,India,Allrounder,393,14,8104,118.9,304,6.6,30.6,RCB,15.82
995,Ankit Reddy,20,South Africa,Allrounder,16,1,4721,108.7,428,5.23,28.63,RCB,9.49
996,Pranav Deshmukh,19,Australia,Batter,28,1,9586,139.8,9,7.69,36.58,GT,12.69
997,Amit Malik,41,West Indies,Allrounder,321,11,2703,152.5,398,5.2,53.0,SRH,15.4
998,Sameer Chopra,30,Sri Lanka,Bowler,209,8,1414,154.5,880,6.98,39.06,PBKS,16.21
999,Sameer Verma,38,India,Bowler,332,13,1370,99.5,479,7.66,32.8,MI,14.8
1000,Vikas Patel,41,West Indies,Allrounder,114,5,5770,106.7,214,5.79,24.93,GT,11.18
1001,Amit Sharma,42,Australia,Bowler,438,21,3408,141.9,872,6.37,40.24,GT,20.0
1002,Aditya Sharma,27,Australia,Batter,185,7,11314,143.7,11,6.51,42.26,DC,14.91
1003,Karthik Verma,21,India,Batter,29,1,8553,135.4,7,7.36,29.1,PBKS,10.13
1004,Ankit Verma,41,India,Bowler,478,19,2128,150.0,835,5.31,30.17,SRH,20.0
1005,Arjun Mehta,25,England,Allrounder,29,1,2302,148.4,115,6.64,44.77,KKR,8.62
1006,Rahul Patel,40,South Africa,Wicketkeeper,243,14,10302,98.7,0,0.0,25.16,CSK,13.49
1007,Ankit Kulkarni,24,South Africa,Batter,97,4,12158,132.9,12,6.03,35.67,GT,13.95
1008,Karthik Deshmukh,26,South Africa,Wicketkeeper,225,8,5168,103.1,0,0.0,53.53,LSG,12.04
1009,Aditya Naidu,22,West Indies,Wicketkeeper,57,2,11169,126.8,0,0.0,28.47,RCB,10.46
1010,Karthik Naidu,21,India,Bowler,80,3,1512,135.8,201,5.9,22.67,CSK,9.85
1011,Rahul Singh,37,Australia,Batter,220,14,11565,143.4,4,6.96,36.09,PBKS,15.59
1012,Ankit Verma,21,Sri Lanka,Allrounder,30,2,7981,121.0,113,6.91,21.54,SRH,11.12
1013,Sameer Khan,22,Australia,Batter,73,4,5999,121.7,15,6.58,27.32,SRH,7.42
1014,Rahul Malik,18,South Africa,Allrounder,30,1,6194,145.6,198,5.17,54.34,CSK,12.48
1015,Harshit Reddy,36,India,Allrounder,420,15,2634,146.2,298,7.78,28.47,LSG,15.63
1016,Pranav Naidu,38,England,Wicketkeeper,247,15,9211,152.6,0,0.0,26.89,RCB,13.34
1017,Ankit Chopra,30,Sri Lanka,Wicketkeeper,107,4,7044,152.1,0,0.0,54.82,CSK,11.37
1018,Aditya Sharma,38,Australia,Bowler,80,3,2642,153.9,206,6.7,39.93,PBKS,6.31
1019,Vikas Mehta,38,India,Batter,537,18,6103,121.2,15,6.91,40.77,GT,16.93
1020,Pranav Khan,34,India,Batter,15,1,7504,132.3,6,6.26,54.34,GT,12.02
1021,Rahul Shetty,25,England,Wicketkeeper,156,7,3237,106.4,0,0.0,47.74,GT,8.03
1022,Ankit Reddy,33,South Africa,Batter,216,14,11649,151.6,10,9.18,53.6,RCB,16.67
1023,Rahul Patel,30,India,Batter,111,5,5359,153.6,5,7.83,46.51,GT,14.74
1024,Rohan Reddy,26,India,Bowler,49,2,3936,123.6,413,4.61,45.14,RCB,13.72
1025,Rohan Reddy,23,England,Batter,19,1,9763,133.4,10,6.87,43.33,MI,11.44
1026,Amit Yadav,26,India,Batter,168,7,11333,128.9,12,6.57,47.01,KKR,15.71
1027,Ankit Naidu,21,South Africa,Batter,32,2,10932,95.7,0,7.75,20.32,GT,9.17
1028,Sameer Khan,31,Australia,Bowler,306,11,3946,150.6,680,5.36,28.0,CSK,17.43
1029,Harshit Chopra,39,Australia,Bowler,96,4,1666,108.3,536,6.41,31.26,RCB,9.36
1030,Ankit Chopra,20,India,Bowler,28,1,3937,138.7,648,7.22,23.34,RCB,12.09
1031,Irfan Naidu,32,Australia,Batter,20,1,3008,96.8,1,7.5,36.83,PBKS,3.1
1032,Irfan Kulkarni,33,England,Allrounder,102,5,6293,102.1,470,7.32,30.11,RR,11.96
1033,Sandeep Deshmukh,34,India,Batter,226,10,4469,150.2,12,7.39,54.76,GT,14.22
1034,Aditya Chopra,40,South Africa,Bowler,73,4,2500,140.7,596,4.17,33.01,SRH,11.84
1035,Harshit Deshmukh,28,Australia,Allrounder,121,6,6925,140.3,204,6.37,52.14,LSG,14.15
1036,Nikhil Singh,28,India,Wicketkeeper,101,4,2533,152.1,0,0.0,40.2,CSK,8.85
1037,Sameer Sharma,37,South Africa,Batter,382,16,14411,142.3,15,7.25,28.79,RCB,16.75
1038,Harshit Khan,42,West Indies,Batter,202,13,14003,116.5,14,7.97,42.98,MI,15.71
1039,Irfan Reddy,39,England,Allrounder,84,4,2951,106.5,469,5.84,52.14,PBKS,12.07
1040,Rahul Naidu,42,India,Batter,572,23,3153,125.4,7,6.36,27.73,DC,16.92
1041,Pranav Khan,41,India,Allrounder,17,1,8186,97.2,354,5.14,26.13,DC,10.78
1042,Vikas Naidu,38,India,Bowler,221,10,2018,111.9,800,7.29,53.27,DC,18.26
1043,Amit Yadav,40,India,Bowler,442,20,2331,121.2,592,6.21,40.3,RR,18.24
1044,Pranav Deshmukh,33,India,Bowler,49,3,2409,140.5,211,5.96,29.89,PBKS,8.13
1045,Rohan Khan,41,India,Bowler,78,3,2985,148.6,881,5.34,53.13,PBKS,17.83
1046,Aditya Kulkarni,26,Australia,Batter,103,4,12176,120.2,14,9.12,47.31,GT,14.09
1047,Irfan Singh,18,South Africa,Batter,23,1,4994,124.9,14,7.67,27.16,RR,4.72
1048,Sameer Deshmukh,33,India,Batter,125,6,9882,106.2,14,8.07,31.6,KKR,14.09
1049,Vikas Singh,28,India,Wicketkeeper,22,1,9443,146.3,0,0.0,27.25,MI,13.76
1050,Sandeep Singh,20,India,Bowler,18,1,114,99.1,571,4.27,52.93,SRH,11.74
1051,Nikhil Shetty,31,Australia,Batter,258,13,4766,119.6,15,7.77,48.38,DC,12.0
1052,Irfan Singh,25,India,Batter,49,3,12829,114.9,14,8.93,44.28,GT,14.62
1053,Nikhil Patel,42,India,Wicketkeeper,118,4,3046,141.3,0,0.0,42.91,MI,9.97
1054,Harshit Iyer,30,Sri Lanka,Batter,97,6,7939,147.6,13,6.53,38.87,CSK,11.08
1055,Arjun Sharma,20,South Africa,Batter,27,1,4570,120.5,13,6.99,21.31,SRH,5.27
1056,Karthik Reddy,25,South Africa,Batter,184,7,13145,140.9,3,6.45,20.0,LSG,14.55
1057,Arjun Singh,28,India,Wicketkeeper,18,1,4182,120.0,0,0.0,38.29,PBKS,10.18
1058,Sameer Mehta,18,West Indies,Bowler,23,1,1455,153.4,511,4.21,27.91,RCB,11.24
1059,Sandeep Yadav,33,India,Wicketkeeper,195,12,4591,113.3,0,0.0,30.64,RCB,10.76
1060,Rohan Mehta,27,India,Allrounder,123,7,5346,95.1,198,5.81,45.53,GT,12.94
1061,Ankit Sharma,37,India,Allrounder,179,11,3444,108.5,299,8.38,43.21,GT,8.68
1062,Ankit Yadav,35,India,Wicketkeeper,55,2,3620,139.5,0,0.0,49.69,KKR,11.14
1063,Aditya Deshmukh,28,England,Wicketkeeper,114,4,11976,120.4,0,0.0,30.6,LSG,10.49
1064,Manoj Singh,36,India,Allrounder,281,11,8677,137.8,444,6.14,48.59,RCB,17.21
1065,Sameer Sharma,19,India,Bowler,29,1,2555,117.3,298,4.69,51.57,KKR,8.03
1066,Harshit Deshmukh,25,India,Allrounder,85,4,3009,154.1,462,7.82,46.4,RR,11.5
1067,Rahul Singh,18,West Indies,Batter,18,1,5333,130.4,9,7.38,43.14,CSK,9.18
1068,Amit Sharma,32,India,Allrounder,78,4,2926,127.7,152,5.27,44.83,KKR,10.19
1069,Irfan Chopra,26,India,Allrounder,57,3,1676,141.8,130,5.59,40.43,KKR,10.45
1070,Irfan Kulkarni,26,South Africa,Batter,50,2,4818,97.5,10,9.33,29.29,RCB,6.24
1071,Vikas Singh,24,India,Wicketkeeper,78,3,9606,131.1,0,0.0,30.38,DC,12.92
1072,Sandeep Khan,40,India,Batter,57,3,11725,140.5,12,8.5,23.59,RCB,13.0
1073,Nikhil Reddy,40,India,Allrounder,337,12,6311,125.5,136,6.8,32.92,KKR,12.51
1074,Ankit Yadav,35,Australia,Bowler,182,10,3487,144.7,600,7.55,44.4,CSK,14.29
1075,Aditya Patel,36,India,Bowler,282,16,2083,122.7,477,6.71,52.23,LSG,14.3
1076,Karthik Chopra,42,India,Allrounder,479,21,7336,138.7,231,7.43,50.16,LSG,16.26
1077,Karthik Verma,34,South Africa,Wicketkeeper,403,16,3099,111.4,0,0.0,48.25,PBKS,11.71
1078,Karthik Malik,24,South Africa,Bowler,36,2,1253,115.7,515,4.74,31.75,KKR,12.57
1079,Sameer Malik,30,Australia,Bowler,290,10,347,146.4,217,7.72,44.54,DC,10.54
1080,Karthik Chopra,42,India,Allrounder,82,3,1837,128.7,278,7.54,53.15,DC,9.76
1081,Karthik Naidu,34,South Africa,Wicketkeeper,259,11,10651,124.8,0,0.0,33.32,RR,13.65
1082,Amit Iyer,28,India,Wicketkeeper,108,5,3743,104.8,0,0.0,47.52,LSG,9.4
1083,Irfan Chopra,29,West Indies,Allrounder,50,2,2140,118.1,442,7.57,20.88,GT,11.66
1084,Rahul Patel,26,India,Batter,94,4,6281,95.7,10,8.94,44.63,DC,10.43
1085,Rohan Verma,24,India,Allrounder,180,6,6448,121.3,110,8.4,28.22,SRH,11.9
1086,Amit Shetty,42,Australia,Allrounder,522,23,7915,144.0,246,7.47,39.13,SRH,18.74
1087,Karthik Kulkarni,30,India,Batter,251,10,6728,98.1,7,9.38,37.67,GT,12.54
1088,Vikas Chopra,41,West Indies,Wicketkeeper,201,7,10179,138.1,0,0.0,50.19,PBKS,13.26
1089,Harshit Patel,41,India,Allrounder,334,15,7808,143.0,397,5.63,39.34,DC,17.47
1090,Karthik Malik,31,India,Wicketkeeper,83,4,4776,118.8,0,0.0,24.61,GT,9.18
1091,Aditya Sharma,36,England,Allrounder,118,5,3347,104.4,254,8.03,30.84,LSG,8.66
1092,Harshit Shetty,31,Australia,Wicketkeeper,248,11,2880,112.4,0,0.0,50.5,GT,11.14
1093,Sandeep Singh,36,South Africa,Bowler,42,2,836,142.8,480,6.56,28.77,PBKS,9.42
1094,Karthik Patel,20,Sri Lanka,Bowler,50,2,3664,129.3,391,6.37,49.15,DC,9.67
1095,Pranav Chopra,20,India,Batter,30,1,3439,95.7,5,9.17,43.59,RCB,6.74
1096,Rohan Yadav,24,Australia,Wicketkeeper,17,1,9949,98.1,0,0.0,39.21,KKR,9.59
1097,Sandeep Singh,19,South Africa,Batter,20,1,4814,113.4,4,7.01,32.35,RR,3.95
1098,Aditya Patel,35,India,Wicketkeeper,243,14,5869,132.3,0,0.0,31.69,RR,14.32
1099,Sandeep Mehta,27,Australia,Wicketkeeper,180,7,5825,139.0,0,0.0,34.16,PBKS,11.46
1100,Vikas Sharma,34,Sri Lanka,Allrounder,241,15,8254,142.0,244,5.24,30.0,RCB,15.86
1101,Sameer Mehta,37,Sri Lanka,Allrounder,179,8,6219,136.1,60,6.51,31.64,LSG,7.02
1102,Pranav Khan,41,England,Allrounder,89,3,8402,117.4,404,5.2,53.06,LSG,15.11
1103,Manoj Yadav,27,South Africa,Bowler,163,7,1575,135.3,754,6.44,42.13,RCB,14.89
1104,Manoj Deshmukh,23,India,Batter,95,5,7485,120.1,9,6.7,46.28,CSK,13.14
1105,Sameer Naidu,39,West Indies,Bowler,52,3,1510,111.7,158,4.39,29.67,RR,5.25
1106,Manoj Naidu,42,Australia,Allrounder,73,4,5645,153.8,62,6.51,22.36,RCB,9.34
1107,Pranav Deshmukh,32,South Africa,Batter,25,1,9542,105.8,6,7.82,53.97,LSG,9.01
1108,Rohan Patel,30,England,Batter,29,1,10942,119.2,14,6.4,45.83,RCB,10.74
1109,Aditya Naidu,20,Sri Lanka,Bowler,23,1,3447,120.4,245,6.68,32.13,RCB,8.59
1110,Sandeep Verma,23,West Indies,Batter,27,1,5759,110.9,2,7.39,27.19,MI,6.62
1111,Sandeep Naidu,39,India,Allrounder,21,1,7352,111.1,57,6.69,30.06,DC,9.3
1112,Karthik Deshmukh,39,West Indies,Bowler,322,18,1599,153.1,786,6.5,41.13,CSK,18.87
1113,Nikhil Sharma,27,South Africa,Batter,218,8,6305,99.5,7,6.27,53.3,CSK,11.67
1114,Rahul Sharma,29,India,Bowler,60,4,1380,100.5,276,5.13,40.97,RR,9.93
1115,Sameer Patel,39,India,Bowler,47,3,1702,133.9,604,6.37,29.36,RCB,12.8
1116,Arjun Kulkarni,21,India,Allrounder,59,2,5937,152.9,242,5.05,28.78,KKR,14.94
1117,Vikas Patel,31,England,Bowler,35,2,61,137.4,491,6.57,41.35,DC,9.64
1118,Manoj Yadav,38,India,Batter,181,11,13780,111.3,8,7.1,40.92,LSG,16.47
1119,Amit Patel,38,South Africa,Allrounder,454,20,7787,151.8,346,8.03,23.71,KKR,18.19
1120,Rohan Patel,33,England,Bowler,50,2,2852,151.7,477,4.59,45.78,PBKS,12.26
1121,Sandeep Kulkarni,39,Sri Lanka,Allrounder,83,5,4245,107.2,49,8.09,40.57,DC,8.79
1122,Manoj Chopra,37,West Indies,Wicketkeeper,291,19,6311,137.1,0,0.0,43.8,KKR,14.51
1123,Vikas Deshmukh,18,India,Allrounder,17,1,1990,95.9,110,6.43,40.4,RR,6.16
1124,Vikas Iyer,29,India,Allrounder,202,8,1810,122.0,161,5.89,53.52,RR,14.21
1125,Aditya Khan,41,India,Wicketkeeper,442,20,7702,118.9,0,0.0,49.39,DC,15.5
1126,Pranav Malik,38,India,Wicketkeeper,37,2,7927,106.3,0,0.0,43.54,SRH,10.61
1127,Arjun Sharma,28,India,Bowler,98,4,3574,101.1,470,7.71,20.29,KKR,10.37
1128,Karthik Kulkarni,34,India,Bowler,290,11,286,100.6,277,5.65,46.19,CSK,12.21
1129,Sandeep Patel,19,West Indies,Bowler,21,1,967,121.0,599,7.48,29.05,RCB,10.21
1130,Rohan Iyer,20,India,Wicketkeeper,43,2,5390,121.1,0,0.0,45.32,KKR,10.06
1131,Rohan Mehta,37,India,Allrounder,154,8,8564,130.4,440,5.03,41.47,LSG,16.33
1132,Manoj Reddy,33,Sri Lanka,Allrounder,44,2,4962,109.5,298,7.23,44.99,RCB,11.41
1133,Irfan Shetty,37,India,Bowler,405,14,1562,107.0,517,4.35,50.71,LSG,17.88
1134,Arjun Deshmukh,20,Australia,Bowler,42,2,1899,95.8,393,6.81,28.69,RCB,7.71
1135,Arjun Mehta,32,India,Wicketkeeper,117,5,4738,107.9,0,0.0,29.48,LSG,10.63
1136,Sandeep Khan,40,India,Bowler,243,16,3529,98.8,592,4.94,36.06,KKR,17.82
1137,Manoj Khan,41,South Africa,Wicketkeeper,275,12,8792,139.0,0,0.0,41.24,RR,12.32
1138,Manoj Khan,33,India,Batter,124,5,12266,99.9,5,8.36,53.3,CSK,15.14
1139,Harshit Khan,24,West Indies,Allrounder,105,4,5502,143.3,365,7.93,48.8,DC,12.61
1140,Pranav Reddy,40,India,Batter,242,12,10827,127.7,1,9.26,27.01,RR,14.55
1141,Aditya Kulkarni,29,Australia,Batter,319,11,10462,139.6,4,8.16,45.83,RCB,17.73
1142,Amit Patel,26,South Africa,Bowler,85,4,2892,99.1,680,5.98,32.99,MI,12.85
1143,Sandeep Malik,20,Australia,Wicketkeeper,24,1,10702,150.2,0,0.0,40.46,RR,11.81
1144,Aditya Reddy,35,India,Allrounder,357,13,6190,111.1,437,6.88,32.9,MI,16.22
1145,Aditya Yadav,29,Australia,Allrounder,45,3,2879,135.0,457,8.13,47.56,RR,10.67
1146,Rahul Shetty,33,West Indies,Batter,28,1,13723,132.8,9,7.59,28.69,RR,11.27
1147,Sandeep Singh,41,India,Bowler,260,14,1992,120.7,266,6.68,35.49,RCB,9.74
1148,Nikhil Malik,34,India,Wicketkeeper,72,4,3466,134.0,0,0.0,52.77,KKR,12.0
1149,Rohan Khan,41,Sri Lanka,Bowler,170,6,3739,144.5,719,4.24,30.23,RR,14.11
1150,Rahul Verma,21,South Africa,Bowler,52,3,1133,96.3,145,5.69,30.54,MI,4.62
1151,Karthik Naidu,28,India,Bowler,16,1,1089,98.4,849,5.91,37.19,MI,12.85
1152,Vikas Chopra,18,South Africa,Batter,23,1,10961,101.3,15,9.24,46.76,CSK,9.38
1153,Ankit Singh,42,England,Wicketkeeper,226,11,8418,119.6,0,0.0,42.93,DC,10.71
1154,Nikhil Sharma,39,England,Wicketkeeper,220,13,2550,110.6,0,0.0,25.58,DC,10.36
1155,Aditya Malik,32,India,Wicketkeeper,364,14,4513,104.6,0,0.0,22.47,RCB,13.68
1156,Ankit Naidu,34,Sri Lanka,Bowler,266,9,1692,134.9,756,4.71,50.86,PBKS,16.16
1157,Amit Kulkarni,24,India,Allrounder,25,1,7053,136.1,267,7.85,23.87,DC,13.67
1158,Manoj Deshmukh,25,India,Wicketkeeper,119,5,9510,112.4,0,0.0,30.84,PBKS,13.53
1159,Aditya Reddy,33,India,Batter,201,11,11520,125.9,1,6.87,38.74,SRH,15.46
1160,Rohan Malik,22,Sri Lanka,Batter,70,4,10311,116.2,3,7.25,49.0,GT,8.62
1161,Vikas Yadav,33,India,Bowler,192,11,1781,113.5,812,7.0,51.98,RCB,20.0
1162,Sameer Reddy,18,India,Allrounder,23,1,6955,114.6,283,8.33,32.4,SRH,8.6
1163,Sameer Chopra,39,India,Bowler,110,4,2833,151.5,420,5.92,50.67,LSG,9.52
1164,Pranav Singh,25,South Africa,Batter,146,5,10159,118.6,7,6.36,39.37,RR,13.48
1165,Rohan Patel,25,India,Batter,66,3,12702,106.6,6,7.76,50.06,MI,17.05
1166,Sandeep Malik,41,South Africa,Allrounder,96,4,7536,145.3,40,7.37,50.06,DC,11.45
1167,Irfan Reddy,27,England,Bowler,26,1,3266,121.4,775,6.84,41.37,RR,13.76
1168,Manoj Sharma,22,Sri Lanka,Batter,40,2,5370,135.4,9,6.56,26.27,GT,8.5
1169,Sandeep Mehta,25,India,Wicketkeeper,107,4,3062,136.6,0,0.0,28.04,SRH,10.4
1170,Arjun Deshmukh,37,Australia,Allrounder,311,11,5418,104.9,363,5.41,20.07,MI,14.21
1171,Aditya Reddy,24,England,Allrounder,69,4,8282,138.9,406,7.52,38.02,CSK,12.74
1172,Aditya Deshmukh,24,India,Bowler,152,6,2979,100.0,481,4.61,20.67,CSK,13.57
1173,Arjun Reddy,27,South Africa,Batter,88,3,10756,148.5,11,6.58,28.45,DC,12.48
1174,Rahul Chopra,42,Australia,Wicketkeeper,373,13,5696,116.3,0,0.0,23.69,SRH,10.65
1175,Rahul Iyer,40,India,Wicketkeeper,425,18,9996,108.3,0,0.0,38.17,DC,16.54
1176,Karthik Deshmukh,38,Australia,Bowler,108,6,859,109.7,303,6.31,22.02,LSG,6.1
1177,Ankit Deshmukh,41,India,Batter,191,7,5418,109.1,12,7.37,27.68,PBKS,9.77
1178,Sameer Sharma,31,England,Bowler,286,11,735,132.0,133,7.65,39.49,MI,7.29
1179,Nikhil Reddy,21,South Africa,Allrounder,60,3,1778,120.7,100,6.46,38.93,RCB,6.05
1180,Rohan Deshmukh,25,India,Wicketkeeper,101,4,8650,136.8,0,0.0,44.58,PBKS,13.3
1181,Harshit Naidu,42,Australia,Batter,668,23,13701,125.0,14,6.6,34.42,RR,20.0
1182,Rahul Patel,29,Sri Lanka,Batter,22,1,3377,132.9,15,9.05,38.64,MI,8.1
1183,Manoj Naidu,26,Australia,Bowler,48,2,512,131.3,181,4.44,24.1,RR,5.23
1184,Manoj Malik,28,South Africa,Bowler,47,2,3348,103.6,629,5.28,44.22,CSK,11.24
1185,Arjun Malik,34,West Indies,Batter,422,16,13677,118.5,3,6.72,51.35,PBKS,19.97
1186,Sandeep Malik,42,India,Batter,105,7,12088,125.5,14,6.72,34.67,PBKS,12.83
1187,Sandeep Mehta,28,India,Batter,32,2,12215,142.6,8,6.06,22.42,KKR,13.43
1188,Rahul Chopra,42,England,Batter,60,2,11919,128.6,5,7.66,41.99,SRH,12.55
1189,Vikas Verma,31,West Indies,Batter,240,11,13799,110.2,14,8.41,20.35,CSK,13.55
1190,Arjun Khan,22,West Indies,Allrounder,92,4,3219,127.1,392,7.53,49.26,DC,10.77
1191,Vikas Sharma,21,India,Batter,64,3,6526,145.6,4,8.87,36.98,KKR,9.4
1192,Nikhil Singh,37,India,Bowler,486,18,304,142.5,643,5.27,35.8,SRH,18.94
1193,Pranav Khan,26,South Africa,Wicketkeeper,133,5,3864,106.0,0,0.0,49.92,RCB,9.12
1194,Arjun Yadav,26,Australia,Bowler,186,7,2854,123.0,741,7.35,22.65,MI,12.6
1195,Nikhil Kulkarni,24,India,Allrounder,143,6,8230,143.2,118,6.36,51.56,GT,14.08
1196,Amit Mehta,28,India,Wicketkeeper,139,7,4541,107.2,0,0.0,22.34,KKR,9.7
1197,Rahul Singh,35,England,Wicketkeeper,118,4,7964,147.6,0,0.0,33.63,MI,11.81
1198,Irfan Shetty,42,Australia,Bowler,137,9,401,153.1,466,6.06,22.33,KKR,11.11
1199,Harshit Khan,25,India,Batter,93,4,14932,99.4,9,8.27,33.14,MI,16.33
1200,Arjun Singh,36,Australia,Batter,381,16,7440,121.0,3,8.81,54.9,PBKS,14.89
1201,Harshit Reddy,19,England,Allrounder,27,1,5406,114.3,343,6.96,27.7,RCB,8.59
1202,Pranav Chopra,22,India,Batter,54,3,9206,117.4,8,7.23,22.4,RCB,10.95
1203,Pranav Mehta,19,Sri Lanka,Bowler,20,1,1797,122.9,442,5.4,45.3,RR,9.82
1204,Rohan Reddy,32,India,Allrounder,213,9,6707,137.5,479,7.3,20.29,GT,15.36
1205,Harshit Singh,20,India,Wicketkeeper,32,2,6432,108.1,0,0.0,43.16,MI,9.61
1206,Rahul Deshmukh,20,West Indies,Batter,30,1,3175,95.3,13,7.69,48.16,SRH,4.73
1207,Karthik Naidu,39,West Indies,Bowler,318,17,1660,127.9,94,6.94,22.33,GT,8.06
1208,Aditya Reddy,37,England,Batter,136,7,13832,130.0,1,8.68,47.37,GT,13.29
1209,Pranav Khan,37,India,Bowler,269,15,307,143.2,455,6.86,38.13,GT,16.2
1210,Manoj Naidu,22,India,Batter,68,3,4855,135.3,10,6.49,41.72,RR,8.56
1211,Rohan Verma,39,Australia,Batter,153,8,6490,105.2,0,8.6,26.82,LSG,7.89
1212,Vikas Khan,41,West Indies,Wicketkeeper,333,21,10086,148.4,0,0.0,46.25,SRH,15.85
1213,Ankit Sharma,37,Sri Lanka,Batter,324,16,7888,140.5,11,9.18,40.9,PBKS,15.52
1214,Sameer Deshmukh,21,South Africa,Allrounder,26,1,1572,148.3,91,7.29,40.26,RCB,6.76
1215,Rahul Chopra,31,India,Bowler,172,8,507,104.4,579,6.4,36.59,GT,15.64
1216,Vikas Naidu,18,England,Allrounder,24,1,4485,111.3,259,7.51,27.08,RR,7.01
1217,Rahul Naidu,23,India,Allrounder,92,5,4397,109.5,422,6.1,27.52,LSG,12.55
1218,Sameer Malik,31,India,Allrounder,21,1,3833,149.5,60,6.49,37.75,KKR,8.48
1219,Aditya Singh,22,India,Wicketkeeper,102,4,5760,106.3,0,0.0,22.69,CSK,11.85
1220,Rahul Reddy,33,West Indies,Allrounder,291,11,8052,118.0,389,7.44,48.76,LSG,13.62
1221,Harshit Shetty,40,West Indies,Allrounder,124,5,2576,142.8,96,7.31,29.52,RR,8.58
1222,Sandeep Singh,21,India,Bowler,22,1,213,110.8,774,6.63,52.87,GT,14.68
1223,Manoj Naidu,28,Australia,Batter,167,7,4353,114.5,13,8.23,29.43,SRH,9.15
1224,Aditya Chopra,25,India,Bowler,110,5,3140,136.7,197,4.73,27.66,RCB,9.56
1225,Vikas Naidu,26,West Indies,Wicketkeeper,99,4,5468,130.7,0,0.0,29.26,MI,8.94
1226,Vikas Patel,24,South Africa,Bowler,79,5,1121,143.9,276,6.52,47.23,RCB,8.12
1227,Nikhil Yadav,22,India,Batter,84,4,9673,106.3,9,8.66,23.09,MI,10.85
1228,Vikas Singh,40,Sri Lanka,Bowler,346,21,2088,117.1,517,6.66,35.13,RR,15.99
1229,Rahul Verma,38,Australia,Allrounder,60,2,4375,110.6,404,5.11,21.18,DC,12.48
1230,Sameer Sharma,31,India,Allrounder,60,4,1927,109.6,378,8.08,39.51,RCB,9.79
1231,Rohan Naidu,41,India,Bowler,275,11,757,135.0,338,4.15,31.31,SRH,11.69
1232,Rohan Patel,33,India,Allrounder,177,6,6020,148.3,434,8.14,31.39,MI,14.18
1233,Aditya Shetty,22,West Indies,Allrounder,83,3,4544,154.8,161,8.15,48.89,DC,12.81
1234,Nikhil Reddy,38,India,Bowler,168,9,2578,109.9,840,7.21,40.18,MI,15.81
1235,Nikhil Khan,37,India,Batter,105,4,10303,100.7,3,6.24,54.96,KKR,14.88
1236,Aditya Naidu,20,West Indies,Allrounder,53,2,2758,139.9,62,6.14,48.23,KKR,10.06
1237,Arjun Deshmukh,22,West Indies,Wicketkeeper,41,2,8496,146.5,0,0.0,54.92,SRH,10.73
1238,Sameer Reddy,32,Sri Lanka,Batter,272,11,11581,97.4,0,6.85,34.39,MI,14.58
1239,Aditya Iyer,23,India,Allrounder,147,5,1998,96.3,446,5.46,32.61,SRH,14.06
1240,Karthik Kulkarni,40,West Indies,Wicketkeeper,114,7,5211,142.0,0,0.0,39.82,GT,9.3
1241,Arjun Shetty,32,South Africa,Wicketkeeper,350,13,6948,113.8,0,0.0,42.9,RR,13.13
1242,Sandeep Mehta,24,India,Batter,58,2,11401,95.9,14,6.81,46.75,KKR,11.85
1243,Irfan Yadav,34,Australia,Allrounder,165,9,2901,140.7,154,7.18,21.36,SRH,8.52
1244,Amit Kulkarni,19,Australia,Allrounder,19,1,3715,132.2,487,7.93,39.72,RCB,9.17
1245,Arjun Patel,19,England,Bowler,26,1,1329,146.9,165,6.37,40.54,CSK,4.02
1246,Aditya Iyer,40,Australia,Allrounder,436,18,1969,154.4,360,7.03,46.49,RR,15.48
1247,Aditya Verma,18,Australia,Bowler,15,1,2201,137.4,753,5.68,33.62,RCB,11.77
1248,Aditya Deshmukh,42,Australia,Batter,567,19,6377,130.8,14,6.8,52.49,RR,16.63
1249,Vikas Mehta,25,India,Allrounder,73,3,3398,115.5,413,8.25,38.47,RR,9.44
1250,Sandeep Khan,41,India,Allrounder,336,14,2986,154.7,275,5.74,54.34,LSG,16.08
1251,Nikhil Naidu,23,Australia,Bowler,30,2,1270,143.3,246,6.47,45.03,RCB,7.82
1252,Rahul Iyer,23,South Africa,Bowler,75,4,1863,98.2,740,6.25,35.92,MI,10.87
1253,Aditya Shetty,30,India,Bowler,42,2,1572,135.7,101,6.56,33.06,CSK,7.07
1254,Sandeep Yadav,21,Australia,Batter,19,1,13279,105.0,0,9.3,37.51,MI,12.82
1255,Irfan Deshmukh,18,India,Allrounder,19,1,5435,136.8,428,7.42,42.7,MI,10.38
1256,Rohan Singh,36,India,Bowler,287,15,228,104.4,636,5.05,42.26,LSG,19.22
1257,Amit Malik,40,India,Batter,210,9,4680,105.8,13,8.1,44.68,CSK,11.12
1258,Amit Yadav,22,South Africa,Bowler,19,1,1447,135.1,751,5.73,49.31,RR,12.11
1259,Pranav Khan,27,Sri Lanka,Wicketkeeper,70,4,4304,105.2,0,0.0,20.67,MI,6.87
1260,Ankit Patel,25,England,Allrounder,18,1,4453,131.6,83,7.73,44.49,PBKS,8.51
1261,Manoj Chopra,19,India,Bowler,28,1,615,143.2,763,7.18,53.63,DC,13.78
1262,Ankit Khan,39,Australia,Allrounder,277,10,6920,124.3,228,6.88,34.07,MI,13.38
1263,Irfan Khan,26,India,Batter,40,2,5421,129.4,12,6.54,29.7,RCB,8.29
1264,Irfan Patel,32,South Africa,Wicketkeeper,251,12,4870,150.3,0,0.0,40.41,MI,12.55
1265,Sandeep Shetty,20,England,Bowler,40,2,2024,116.3,514,6.25,21.82,RR,8.1
1266,Nikhil Shetty,33,India,Wicketkeeper,347,12,6528,96.9,0,0.0,34.82,DC,13.23
1267,Arjun Chopra,30,West Indies,Wicketkeeper,173,7,6270,100.1,0,0.0,41.24,LSG,8.99
1268,Arjun Mehta,30,India,Wicketkeeper,37,2,8426,147.9,0,0.0,50.9,KKR,11.95
1269,Ankit Chopra,18,India,Batter,18,1,3976,107.7,11,8.31,50.2,LSG,9.26
1270,Karthik Iyer,29,South Africa,Allrounder,60,3,3226,106.8,463,8.1,45.81,GT,11.56
1271,Rahul Deshmukh,25,South Africa,Bowler,15,1,2851,143.2,514,5.09,54.9,RCB,11.52
1272,Pranav Mehta,29,Sri Lanka,Batter,20,1,3494,148.8,4,6.11,41.79,MI,6.66
1273,Vikas Patel,29,South Africa,Batter,54,3,5988,122.9,15,9.41,49.66,CSK,8.87
1274,Karthik Reddy,41,Sri Lanka,Allrounder,76,5,3849,115.1,96,5.22,22.35,DC,9.33
1275,Nikhil Shetty,22,West Indies,Batter,20,1,3178,144.0,12,9.41,49.84,RCB,7.71
1276,Arjun Deshmukh,31,West Indies,Wicketkeeper,243,11,6224,151.3,0,0.0,22.98,SRH,14.97
1277,Rahul Chopra,31,India,Allrounder,58,3,4780,99.3,356,6.35,27.38,RR,11.57
1278,Sandeep Malik,19,India,Wicketkeeper,29,1,10321,108.8,0,0.0,36.42,GT,11.4
1279,Sandeep Sharma,28,South Africa,Wicketkeeper,129,7,6922,111.1,0,0.0,23.53,DC,9.33
1280,Ankit Mehta,21,India,Batter,22,1,7623,103.8,5,6.59,54.06,DC,10.46
1281,Vikas Mehta,35,Australia,Batter,72,4,12038,153.1,6,8.66,35.39,CSK,13.16
1282,Rohan Patel,38,India,Bowler,48,2,3236,142.9,575,5.06,31.42,PBKS,13.67
1283,Rahul Verma,19,England,Allrounder,24,1,4761,109.0,296,6.05,24.54,CSK,9.7
1284,Aditya Singh,24,India,Wicketkeeper,66,3,9172,110.4,0,0.0,32.44,RCB,10.4
1285,Arjun Shetty,41,India,Batter,450,17,10814,98.8,1,8.36,27.37,RCB,14.83
1286,Pranav Naidu,27,India,Bowler,90,3,948,103.8,300,7.07,31.99,MI,6.96
1287,Harshit Deshmukh,39,West Indies,Bowler,579,21,2984,104.3,703,7.29,22.9,RCB,19.67
1288,Karthik Shetty,38,England,Allrounder,403,17,4451,113.1,359,6.7,39.72,RCB,13.58
1289,Vikas Yadav,31,India,Wicketkeeper,19,1,11788,143.2,0,0.0,24.8,PBKS,10.36
1290,Harshit Sharma,38,Australia,Batter,380,16,4428,125.3,15,8.03,25.04,RCB,12.0
1291,Sandeep Khan,21,India,Allrounder,32,2,3794,111.4,335,7.18,37.07,SRH,13.29
1292,Rahul Iyer,29,Australia,Batter,150,6,7194,122.6,14,6.29,30.73,LSG,10.49
1293,Nikhil Naidu,38,England,Batter,111,5,9568,98.4,13,8.88,34.65,CSK,10.97
1294,Ankit Chopra,37,England,Wicketkeeper,122,5,3867,122.5,0,0.0,45.38,PBKS,8.69
1295,Rohan Khan,39,India,Wicketkeeper,399,14,6511,129.5,0,0.0,43.35,CSK,15.2
1296,Sandeep Malik,40,Australia,Batter,462,18,5592,146.7,12,8.72,30.99,MI,15.39
1297,Irfan Naidu,20,England,Wicketkeeper,29,1,10175,127.3,0,0.0,49.4,MI,10.66
1298,Rahul Patel,38,India,Wicketkeeper,473,18,9596,154.4,0,0.0,51.13,RCB,19.83
1299,Rahul Singh,24,Sri Lanka,Allrounder,73,4,7253,106.7,419,6.3,37.13,DC,12.12
1300,Karthik Sharma,33,India,Allrounder,60,2,5349,124.6,114,7.6,36.91,GT,9.05
1301,Nikhil Sharma,38,South Africa,Allrounder,112,7,8123,116.7,225,7.93,50.09,PBKS,12.37
1302,Amit Yadav,31,South Africa,Bowler,154,8,1032,114.7,730,5.55,35.89,CSK,14.7
1303,Rahul Verma,23,India,Bowler,24,1,3578,102.6,809,6.9,26.87,RR,13.5
1304,Arjun Yadav,32,India,Wicketkeeper,223,14,4014,152.1,0,0.0,26.14,SRH,13.31
1305,Sandeep Yadav,31,South Africa,Allrounder,151,6,5395,129.8,314,6.99,37.14,DC,10.66
1306,Ankit Khan,40,South Africa,Wicketkeeper,91,6,11689,133.7,0,0.0,28.04,PBKS,12.11
1307,Aditya Kulkarni,37,India,Batter,146,7,13880,117.3,10,7.93,43.16,PBKS,15.82
1308,Sameer Iyer,18,England,Wicketkeeper,18,1,9158,103.5,0,0.0,39.98,LSG,10.25
1309,Irfan Malik,26,Sri Lanka,Wicketkeeper,18,1,3097,106.1,0,0.0,29.75,RCB,6.36
1310,Manoj Deshmukh,24,India,Bowler,166,6,1546,106.0,301,4.83,48.9,GT,11.4
1311,Pranav Mehta,29,England,Bowler,112,4,1490,150.6,96,5.09,53.95,CSK,8.12
1312,Aditya Naidu,27,South Africa,Batter,127,5,8762,103.6,11,8.0,33.11,LSG,12.02
1313,Rahul Khan,35,Sri Lanka,Allrounder,319,14,4556,117.0,130,7.79,23.05,RCB,12.21
1314,Manoj Verma,35,Australia,Wicketkeeper,179,6,4125,128.4,0,0.0,49.58,RR,9.96
1315,Pranav Sharma,20,South Africa,Batter,18,1,11133,105.5,3,8.79,43.55,PBKS,8.76
1316,Pranav Verma,38,India,Batter,282,15,10448,108.1,12,6.77,50.59,RR,14.82
1317,Rahul Singh,21,South Africa,Wicketkeeper,27,1,2624,110.0,0,0.0,29.21,LSG,5.07
1318,Rohan Khan,29,Australia,Allrounder,113,4,8894,147.2,447,5.0,47.74,SRH,14.05
1319,Amit Khan,31,India,Bowler,168,11,107,140.0,237,6.38,25.32,RR,10.24
1320,Ankit Iyer,29,South Africa,Allrounder,196,9,6052,116.1,240,6.6,23.28,PBKS,11.81
1321,Irfan Sharma,24,South Africa,Wicketkeeper,91,5,8896,124.2,0,0.0,52.23,PBKS,12.31
1322,Sameer Singh,41,India,Wicketkeeper,145,6,6284,97.4,0,0.0,30.2,GT,9.74
1323,Arjun Patel,21,South Africa,Bowler,85,3,3754,109.3,346,4.79,51.8,PBKS,10.06
1324,Vikas Patel,35,India,Allrounder,145,6,1594,123.0,361,6.64,46.62,MI,12.11
1325,Amit Mehta,42,India,Bowler,480,19,103,124.2,840,4.59,35.05,GT,19.62
1326,Pranav Kulkarni,41,India,Wicketkeeper,105,5,6133,130.8,0,0.0,54.98,DC,10.41
1327,Aditya Shetty,27,Australia,Bowler,102,4,211,118.9,361,6.92,48.96,RR,8.79
1328,Pranav Mehta,20,India,Batter,29,1,12763,96.8,3,6.6,27.16,MI,10.31
1329,Rohan Khan,21,India,Allrounder,17,1,5548,125.6,472,6.19,41.53,RCB,13.14
1330,Rahul Naidu,29,South Africa,Wicketkeeper,64,4,10471,149.6,0,0.0,37.84,CSK,14.41
1331,Pranav Reddy,38,England,Bowler,85,3,3720,98.0,541,5.9,21.22,RR,12.25
1332,Amit Khan,23,India,Allrounder,33,2,4308,121.3,217,6.93,49.37,RCB,10.19
1333,Sandeep Chopra,33,India,Batter,199,10,12930,96.5,0,6.56,35.72,SRH,17.03
1334,Vikas Malik,35,India,Bowler,21,1,120,98.0,415,4.9,45.36,DC,10.51
1335,Aditya Deshmukh,22,Australia,Batter,38,2,10890,131.5,6,6.39,29.84,RCB,10.7
1336,Karthik Deshmukh,20,South Africa,Allrounder,46,2,4776,117.8,138,5.61,48.05,LSG,8.13
1337,Pranav Malik,26,South Africa,Bowler,51,3,2390,140.0,892,5.49,24.39,SRH,15.13
1338,Sandeep Shetty,42,Sri Lanka,Allrounder,506,19,8732,109.2,268,7.7,43.71,KKR,16.08
1339,Irfan Singh,31,India,Allrounder,248,10,5016,150.7,142,6.98,33.56,PBKS,13.81
1340,Sameer Kulkarni,36,Sri Lanka,Allrounder,222,12,8786,96.1,57,5.23,48.94,MI,12.5
1341,Rohan Mehta,34,England,Wicketkeeper,236,9,2990,126.5,0,0.0,47.13,GT,10.15
1342,Manoj Shetty,21,England,Allrounder,22,1,2095,115.7,150,5.82,21.05,RCB,7.29
1343,Sandeep Shetty,39,India,Allrounder,182,12,4109,135.1,392,8.37,52.66,DC,15.39
1344,Karthik Mehta,18,India,Bowler,17,1,1579,131.7,370,5.01,43.75,DC,10.97
1345,Rahul Chopra,37,India,Bowler,178,7,3656,145.9,741,5.21,53.15,SRH,15.14
1346,Ankit Malik,31,India,Wicketkeeper,215,11,3313,148.1,0,0.0,45.87,DC,9.59
1347,Rohan Reddy,33,India,Batter,177,8,5803,111.9,10,6.97,53.72,MI,13.13
1348,Nikhil Sharma,36,India,Bowler,359,13,3208,138.0,669,4.04,44.72,SRH,17.44
1349,Sandeep Malik,18,India,Allrounder,16,1,4263,154.4,370,7.18,30.92,RR,10.84
1350,Rahul Malik,18,Australia,Wicketkeeper,23,1,7696,115.4,0,0.0,22.76,RR,6.46
1351,Rahul Chopra,42,Sri Lanka,Wicketkeeper,336,12,3271,121.6,0,0.0,29.14,DC,8.03
1352,Karthik Malik,30,England,Wicketkeeper,88,5,2979,115.6,0,0.0,49.21,MI,8.77
1353,Sandeep Patel,25,South Africa,Batter,22,1,5788,106.1,2,9.27,33.04,DC,7.85
1354,Irfan Khan,24,India,Allrounder,178,6,8610,98.7,66,8.25,23.23,GT,10.48
1355,Amit Verma,26,Australia,Batter,25,1,14270,130.7,12,6.57,25.27,MI,9.76
1356,Nikhil Naidu,26,India,Bowler,65,3,3530,121.8,231,7.68,37.55,MI,7.45
1357,Pranav Naidu,42,West Indies,Wicketkeeper,555,19,6440,109.8,0,0.0,36.48,MI,15.31
1358,Rohan Singh,36,India,Wicketkeeper,263,16,6822,134.7,0,0.0,46.29,LSG,13.09
1359,Ankit Chopra,42,India,Batter,169,10,4231,129.7,15,8.64,51.65,KKR,11.44
1360,Pranav Yadav,19,South Africa,Batter,21,1,10989,140.4,3,8.86,21.95,LSG,10.51
1361,Harshit Verma,28,India,Allrounder,114,4,5632,107.7,94,5.02,43.22,LSG,12.14
1362,Manoj Naidu,22,West Indies,Allrounder,36,2,7889,119.1,244,6.44,50.96,PBKS,10.79
1363,Manoj Iyer,24,India,Allrounder,19,1,5276,149.6,488,8.13,30.99,SRH,11.15
1364,Vikas Sharma,21,India,Batter,62,3,3468,111.3,15,8.42,26.67,LSG,8.73
1365,Ankit Verma,39,West Indies,Wicketkeeper,298,17,8306,106.1,0,0.0,31.97,MI,12.69
1366,Manoj Chopra,31,West Indies,Bowler,81,4,217,144.9,531,5.63,24.2,RR,11.25
1367,Amit Kulkarni,26,South Africa,Batter,114,6,7816,126.9,6,8.57,30.08,RR,9.34
1368,Arjun Mehta,30,West Indies,Allrounder,72,3,2394,113.0,388,6.72,40.86,LSG,9.36
1369,Vikas Patel,19,India,Batter,23,1,6911,104.9,2,7.52,24.08,CSK,7.2
1370,Vikas Khan,35,South Africa,Allrounder,85,4,4718,149.1,91,6.91,32.04,PBKS,8.87
1371,Karthik Yadav,25,India,Allrounder,134,6,6717,134.5,187,7.57,52.6,RCB,14.98
1372,Aditya Sharma,40,India,Allrounder,557,20,8936,129.0,398,7.87,43.0,MI,18.46
1373,Irfan Khan,37,India,Allrounder,320,16,7082,119.0,75,8.14,31.44,KKR,11.84
1374,Sameer Naidu,23,India,Allrounder,51,2,5387,144.6,259,5.04,48.03,RCB,14.17
1375,Rohan Khan,28,India,Bowler,15,1,2433,129.6,440,4.4,36.24,MI,11.32
1376,Karthik Malik,33,Sri Lanka,Batter,178,10,3740,153.8,0,6.42,27.51,KKR,9.2
1377,Arjun Chopra,36,India,Bowler,174,10,409,130.7,391,4.26,45.86,RCB,14.38
1378,Karthik Deshmukh,41,West Indies,Wicketkeeper,230,11,10470,96.9,0,0.0,43.06,DC,11.97
1379,Amit Malik,26,Australia,Wicketkeeper,180,6,7967,126.9,0,0.0,23.61,DC,13.3
1380,Rohan Kulkarni,34,India,Batter,277,16,9722,129.1,7,6.6,30.37,GT,16.61
1381,Karthik Sharma,39,South Africa,Allrounder,121,5,3190,144.1,421,8.28,54.42,KKR,10.7
1382,Pranav Patel,20,West Indies,Wicketkeeper,29,1,11132,110.6,0,0.0,53.94,SRH,13.71
1383,Sameer Singh,23,South Africa,Allrounder,62,3,4033,115.9,137,6.51,21.76,RR,7.22
1384,Manoj Shetty,19,England,Batter,24,1,4805,136.5,0,6.18,36.03,LSG,8.42
1385,Karthik Kulkarni,33,West Indies,Bowler,299,15,2555,131.8,651,4.86,28.85,RCB,17.02
1386,Karthik Verma,39,Australia,Allrounder,91,6,5218,116.6,60,7.02,48.82,MI,10.35
1387,Amit Naidu,24,India,Batter,72,3,8771,123.6,0,8.87,32.28,SRH,13.37
1388,Ankit Khan,19,West Indies,Bowler,19,1,3906,143.3,168,5.38,31.49,SRH,6.13
1389,Aditya Yadav,40,India,Bowler,209,9,896,100.1,112,4.79,36.33,RR,8.4
1390,Vikas Shetty,33,South Africa,Allrounder,327,15,8906,145.5,90,6.69,27.74,RR,14.84
1391,Sandeep Mehta,26,England,Allrounder,149,5,2640,143.5,389,6.33,48.83,RR,11.27
1392,Sandeep Reddy,42,India,Allrounder,143,7,3998,122.5,83,6.35,30.62,GT,12.59
1393,Manoj Shetty,27,India,Bowler,137,8,2156,102.1,532,7.54,52.68,RR,13.2
1394,Karthik Singh,40,Sri Lanka,Allrounder,272,11,4860,126.9,276,7.39,21.14,RR,11.43
1395,Rahul Shetty,18,Australia,Wicketkeeper,22,1,10891,123.5,0,0.0,34.27,RCB,10.61
1396,Amit Shetty,29,India,Allrounder,70,3,6989,134.4,43,5.56,53.99,RR,10.14
1397,Irfan Sharma,32,India,Wicketkeeper,264,13,4253,128.7,0,0.0,45.02,MI,11.92
1398,Irfan Verma,28,Sri Lanka,Batter,234,10,3997,120.1,3,6.24,24.07,PBKS,10.95
1399,Aditya Yadav,41,India,Batter,538,19,5234,151.3,7,8.14,43.16,GT,16.32
1400,Rohan Kulkarni,39,India,Bowler,563,21,2554,116.3,784,4.29,39.27,SRH,20.0
1401,Amit Iyer,24,India,Batter,18,1,7050,145.0,6,7.41,48.51,PBKS,12.07
1402,Irfan Chopra,21,South Africa,Batter,31,2,4995,117.4,9,8.14,28.94,LSG,8.17
1403,Irfan Yadav,30,Australia,Bowler,225,8,2509,116.3,777,4.4,34.46,GT,17.81
1404,Manoj Iyer,32,India,Batter,246,14,13771,134.5,7,8.37,22.45,CSK,18.73
1405,Karthik Naidu,23,Australia,Bowler,87,5,3928,105.9,682,5.5,25.49,SRH,12.43
1406,Manoj Reddy,33,Sri Lanka,Allrounder,143,6,8164,97.5,257,7.9,34.67,MI,9.29
1407,Karthik Patel,22,South Africa,Allrounder,15,1,6255,147.8,195,5.59,39.5,PBKS,11.77
1408,Sameer Khan,19,India,Batter,29,1,14846,125.1,14,6.81,45.6,DC,14.63
1409,Ankit Chopra,26,India,Bowler,26,1,3696,108.2,803,7.64,51.02,GT,14.09
1410,Sandeep Kulkarni,34,England,Batter,362,13,14783,150.0,10,9.27,42.24,RCB,20.0
1411,Rohan Shetty,32,South Africa,Bowler,197,12,3752,119.2,740,6.39,46.33,SRH,16.47
1412,Nikhil Kulkarni,33,West Indies,Wicketkeeper,204,7,11108,126.9,0,0.0,43.71,RCB,14.44
1413,Nikhil Mehta,26,South Africa,Allrounder,49,3,1868,138.9,55,6.5,48.86,DC,10.6
1414,Rahul Kulkarni,41,Sri Lanka,Bowler,176,6,1951,145.0,411,4.56,38.91,MI,10.47
1415,Rahul Khan,42,South Africa,Bowler,216,8,3986,120.9,510,7.21,33.27,RCB,12.79
1416,Rahul Sharma,20,Sri Lanka,Allrounder,26,1,6468,110.1,363,8.2,49.55,MI,9.93
1417,Rahul Deshmukh,18,South Africa,Allrounder,19,1,6721,125.8,333,6.69,30.8,LSG,10.14
1418,Rohan Naidu,35,Australia,Bowler,133,7,824,114.5,839,6.18,21.37,LSG,17.03
1419,Rahul Mehta,23,India,Bowler,73,4,136,95.4,223,5.03,54.24,CSK,9.62
1420,Nikhil Chopra,18,England,Wicketkeeper,20,1,11153,152.9,0,0.0,33.83,MI,12.19
1421,Nikhil Malik,33,West Indies,Bowler,82,4,1460,115.7,713,6.77,43.49,LSG,14.16
1422,Karthik Reddy,35,India,Batter,147,5,4280,151.8,4,8.82,34.01,RR,10.39
1423,Rahul Naidu,34,India,Batter,288,10,8421,111.0,0,8.74,54.66,KKR,13.78
1424,Sameer Malik,25,South Africa,Allrounder,195,7,4431,131.2,74,5.09,43.08,SRH,9.75
1425,Arjun Mehta,23,West Indies,Batter,84,3,11192,102.2,9,8.41,52.85,KKR,9.45
1426,Arjun Deshmukh,30,Sri Lanka,Batter,217,10,13702,132.4,0,6.63,27.79,MI,18.17
1427,Rohan Yadav,19,India,Wicketkeeper,19,1,5846,113.4,0,0.0,39.13,DC,7.62
1428,Vikas Naidu,35,India,Batter,253,11,4159,104.6,13,7.46,25.98,MI,10.06
1429,Sandeep Verma,37,India,Wicketkeeper,47,3,10636,120.1,0,0.0,46.5,CSK,12.29
1430,Manoj Naidu,34,India,Allrounder,122,8,1953,100.0,53,8.14,33.76,SRH,8.99
1431,Pranav Kulkarni,42,West Indies,Wicketkeeper,166,7,3354,101.0,0,0.0,20.58,CSK,7.79
1432,Manoj Deshmukh,30,West Indies,Bowler,122,7,473,131.1,528,6.51,25.71,RR,12.63
1433,Ankit Yadav,21,South Africa,Allrounder,48,3,3451,96.4,158,5.82,49.22,DC,7.49
1434,Manoj Deshmukh,20,India,Bowler,15,1,3576,103.1,817,7.7,28.1,GT,13.64
1435,Rahul Sharma,25,Sri Lanka,Batter,128,7,7630,150.6,1,9.04,34.69,RCB,12.04
1436,Rohan Iyer,28,South Africa,Bowler,151,6,2693,97.4,205,4.19,40.09,PBKS,8.97
1437,Rohan Chopra,39,Sri Lanka,Batter,90,3,8848,96.7,7,7.38,40.41,KKR,11.24
1438,Ankit Shetty,32,Australia,Allrounder,347,12,3500,142.2,309,5.04,30.73,GT,14.92
1439,Amit Singh,26,Sri Lanka,Batter,125,6,4285,130.3,6,6.14,33.92,RR,9.79
1440,Aditya Chopra,22,India,Allrounder,41,2,7438,127.7,457,8.41,29.63,KKR,13.23
1441,Aditya Naidu,22,India,Bowler,15,1,2043,111.3,114,6.7,51.65,LSG,7.53
1442,Rohan Malik,26,India,Wicketkeeper,110,5,8790,117.5,0,0.0,39.25,MI,12.72
1443,Manoj Naidu,33,India,Wicketkeeper,21,1,8714,98.0,0,0.0,34.91,CSK,8.45
1444,Pranav Verma,23,West Indies,Batter,108,4,8698,143.3,0,8.91,27.85,CSK,11.51
1445,Harshit Shetty,37,India,Allrounder,172,11,4293,144.0,411,5.79,52.56,PBKS,14.27
1446,Harshit Deshmukh,37,India,Wicketkeeper,351,14,8858,100.7,0,0.0,35.75,CSK,14.21
1447,Irfan Chopra,41,South Africa,Allrounder,623,22,7391,147.2,330,6.18,22.92,LSG,19.55
1448,Sandeep Reddy,42,India,Allrounder,322,17,8935,140.1,47,5.74,21.8,LSG,16.51
1449,Vikas Shetty,26,Australia,Batter,118,5,12356,121.5,12,7.72,31.7,GT,13.05
1450,Rohan Kulkarni,19,India,Allrounder,18,1,4014,126.8,331,6.38,25.65,SRH,10.61
1451,Irfan Iyer,39,Sri Lanka,Allrounder,169,11,5103,143.3,44,7.0,46.61,LSG,12.63
1452,Karthik Kulkarni,32,India,Allrounder,28,1,1979,104.0,336,5.54,29.39,GT,10.05
1453,Rahul Naidu,20,Australia,Allrounder,54,2,7944,119.5,181,6.26,43.79,RCB,13.24
1454,Vikas Kulkarni,26,India,Bowler,231,8,2531,97.1,751,4.22,33.72,RCB,18.74
1455,Pranav Sharma,19,West Indies,Batter,29,1,12500,106.6,10,8.44,42.45,RCB,9.11
1456,Aditya Verma,19,India,Batter,26,1,11854,148.2,1,6.91,51.35,SRH,15.28
1457,Rahul Patel,37,Sri Lanka,Allrounder,134,8,5686,108.8,79,6.04,34.4,GT,10.01
1458,Nikhil Singh,25,India,Allrounder,50,2,4993,135.3,488,5.84,48.91,RR,15.13
1459,Ankit Mehta,27,England,Batter,71,3,13682,144.5,11,8.36,33.89,DC,14.97
1460,Sandeep Singh,33,Australia,Batter,94,5,12686,139.3,0,6.55,32.62,CSK,13.44
1461,Harshit Singh,21,West Indies,Bowler,82,3,2919,111.2,432,6.55,22.84,GT,7.85
1462,Pranav Deshmukh,24,South Africa,Batter,108,4,13636,104.4,2,9.47,54.59,RCB,13.56
1463,Arjun Deshmukh,20,West Indies,Wicketkeeper,16,1,10238,153.6,0,0.0,47.78,MI,10.76
1464,Ankit Verma,39,Australia,Wicketkeeper,379,17,7885,134.6,0,0.0,40.22,KKR,14.16
1465,Vikas Naidu,25,India,Allrounder,193,7,3474,112.4,267,8.03,36.37,DC,12.6
1466,Rahul Singh,41,West Indies,Allrounder,229,14,8992,119.7,225,7.17,34.96,GT,15.17
1467,Karthik Shetty,38,India,Bowler,385,16,3390,128.9,208,5.26,49.77,RR,13.91
1468,Pranav Mehta,35,Australia,Wicketkeeper,221,8,7200,107.1,0,0.0,52.71,RCB,10.21
1469,Rahul Reddy,28,West Indies,Batter,108,6,12437,144.4,15,8.41,39.47,RR,15.02
1470,Sameer Naidu,38,India,Bowler,120,7,1714,96.0,349,6.96,48.64,CSK,11.63
1471,Aditya Patel,42,India,Wicketkeeper,490,18,2892,97.4,0,0.0,51.15,RCB,13.03
1472,Sandeep Chopra,40,South Africa,Batter,144,6,8805,112.6,4,9.47,27.36,GT,9.84
1473,Aditya Verma,30,England,Bowler,266,12,2422,110.2,703,6.91,50.29,MI,15.78
1474,Rahul Deshmukh,37,Sri Lanka,Batter,118,4,9699,102.6,14,6.36,54.27,DC,10.39
1475,Harshit Naidu,41,India,Allrounder,395,14,7774,145.8,341,7.36,31.35,RCB,17.86
1476,Sameer Sharma,34,England,Bowler,88,3,2659,130.7,544,6.57,41.11,PBKS,10.86
1477,Sandeep Chopra,30,Australia,Wicketkeeper,102,6,6305,136.0,0,0.0,40.14,PBKS,11.01
1478,Amit Mehta,27,West Indies,Allrounder,194,8,5663,111.6,472,6.5,46.9,GT,12.7
1479,Manoj Singh,31,India,Allrounder,80,5,8168,136.5,416,5.79,28.17,RCB,13.76
1480,Arjun Verma,41,England,Wicketkeeper,117,7,8190,132.5,0,0.0,46.15,PBKS,12.14
1481,Rohan Verma,27,Sri Lanka,Batter,59,3,5774,98.6,9,6.77,24.58,LSG,6.63
1482,Pranav Verma,26,India,Bowler,36,2,2261,146.0,600,6.3,21.57,RCB,14.79
1483,Nikhil Khan,42,West Indies,Batter,158,6,6197,115.5,0,8.57,36.75,CSK,8.6
1484,Ankit Yadav,33,South Africa,Batter,397,14,10288,114.9,4,9.25,36.29,SRH,15.62
1485,Aditya Deshmukh,32,Sri Lanka,Batter,130,5,11081,99.9,8,6.05,29.05,MI,12.46
1486,Aditya Kulkarni,20,England,Allrounder,17,1,7597,132.9,446,5.1,34.92,MI,10.11
1487,Ankit Iyer,25,England,Batter,125,6,10429,105.5,2,7.92,30.36,GT,9.15
1488,Manoj Patel,40,England,Batter,213,11,12145,152.9,1,8.32,21.76,GT,12.85
1489,Sandeep Mehta,38,India,Bowler,21,1,1086,129.6,561,7.38,39.74,RR,12.41
1490,Aditya Naidu,22,India,Bowler,72,4,2600,99.2,170,5.9,23.15,SRH,7.22
1491,Manoj Patel,34,West Indies,Batter,183,7,6416,115.5,5,8.1,52.1,LSG,13.93
1492,Nikhil Reddy,19,India,Allrounder,26,1,5466,103.6,311,6.42,45.02,PBKS,10.03
1493,Irfan Yadav,39,Sri Lanka,Allrounder,152,6,8026,126.5,362,6.03,44.42,SRH,13.21
1494,Arjun Naidu,30,India,Allrounder,206,10,2420,142.5,491,8.15,43.67,SRH,16.43
1495,Karthik Singh,42,South Africa,Wicketkeeper,179,10,5386,135.8,0,0.0,53.11,KKR,13.52
1496,Ankit Deshmukh,32,India,Batter,151,6,11014,95.1,13,7.04,29.52,RR,15.29
1497,Rohan Verma,39,India,Batter,233,8,9701,134.7,1,6.76,42.18,GT,16.34
1498,Pranav Singh,35,South Africa,Allrounder,278,11,4983,96.0,244,7.08,45.51,RR,13.35
1499,Karthik Deshmukh,26,England,Allrounder,16,1,4027,134.9,269,6.13,39.48,KKR,10.19
1500,Arjun Yadav,31,England,Bowler,68,4,2477,103.1,632,5.3,23.3,MI,13.41
1501,Rahul Shetty,18,England,Wicketkeeper,17,1,3306,144.9,0,0.0,52.14,DC,7.15
1502,Arjun Yadav,34,West Indies,Allrounder,155,7,8542,101.2,407,7.27,34.07,RCB,11.67
1503,Sameer Singh,25,South Africa,Bowler,58,3,2264,141.8,830,6.77,24.14,DC,14.12
1504,Irfan Sharma,25,India,Batter,27,1,10944,137.7,1,6.0,32.48,GT,12.68
1505,Amit Yadav,23,India,Allrounder,62,3,7643,95.8,103,5.89,38.91,KKR,10.08
1506,Sandeep Malik,30,India,Wicketkeeper,184,11,3710,146.1,0,0.0,53.52,SRH,13.72
1507,Amit Deshmukh,34,India,Batter,234,14,12636,125.9,12,7.98,22.98,GT,17.46
1508,Harshit Singh,24,West Indies,Allrounder,77,5,3975,117.8,180,6.92,41.25,RR,9.3
1509,Rohan Kulkarni,32,Sri Lanka,Batter,84,4,7771,109.4,13,7.36,23.32,PBKS,10.58
1510,Arjun Verma,20,Australia,Wicketkeeper,22,1,8765,113.9,0,0.0,23.38,LSG,7.15
1511,Ankit Shetty,18,India,Wicketkeeper,29,1,6171,105.6,0,0.0,54.56,GT,9.34
1512,Harshit Yadav,36,England,Wicketkeeper,30,1,11726,121.6,0,0.0,38.62,LSG,10.3
1513,Ankit Iyer,21,India,Allrounder,80,3,2886,154.7,146,8.06,40.4,MI,7.85
1514,Rahul Iyer,33,Sri Lanka,Bowler,283,10,2961,114.6,660,7.09,30.7,RR,14.74
1515,Harshit Naidu,42,South Africa,Batter,159,8,8535,135.4,4,7.41,43.88,SRH,11.8
1516,Irfan Sharma,19,India,Wicketkeeper,30,1,11438,113.9,0,0.0,24.66,SRH,13.26
1517,Ankit Naidu,33,West Indies,Bowler,161,6,3517,102.7,837,6.4,40.25,LSG,16.42
1518,Manoj Deshmukh,41,South Africa,Batter,53,3,3223,137.0,5,8.43,46.37,MI,6.07
1519,Vikas Naidu,34,India,Bowler,116,4,1737,125.0,587,7.32,45.56,MI,15.09
1520,Sandeep Deshmukh,23,South Africa,Wicketkeeper,126,5,2651,132.2,0,0.0,26.53,GT,9.18
1521,Rohan Deshmukh,27,West Indies,Wicketkeeper,40,2,8588,96.5,0,0.0,29.96,SRH,9.51
1522,Rohan Chopra,36,England,Bowler,156,6,2476,132.0,337,5.68,49.75,KKR,9.67
1523,Sameer Singh,33,India,Bowler,187,8,2928,102.5,565,4.75,53.72,RCB,14.02
1524,Sandeep Iyer,18,India,Wicketkeeper,15,1,7609,101.5,0,0.0,36.75,LSG,8.81
1525,Aditya Patel,40,Sri Lanka,Bowler,147,7,387,127.5,142,6.23,23.01,GT,8.01
1526,Rahul Singh,37,India,Bowler,313,15,2575,101.3,94,4.22,40.5,GT,13.76
1527,Irfan Khan,24,Australia,Allrounder,68,3,6615,109.0,432,6.91,42.32,RR,13.31
1528,Rahul Mehta,30,India,Bowler,102,5,1146,97.5,262,7.12,37.43,RCB,8.42
1529,Harshit Chopra,26,South Africa,Bowler,40,2,2357,110.1,870,6.62,30.77,PBKS,12.96
1530,Vikas Iyer,36,India,Wicketkeeper,190,9,3996,131.8,0,0.0,51.43,CSK,12.06
1531,Sandeep Naidu,37,England,Bowler,84,5,3669,130.0,133,7.08,45.56,CSK,3.84
1532,Pranav Naidu,22,Australia,Wicketkeeper,92,4,4421,116.9,0,0.0,42.43,DC,8.71
1533,Manoj Shetty,25,Sri Lanka,Wicketkeeper,120,5,7607,123.0,0,0.0,26.65,RR,9.95
1534,Sameer Mehta,34,India,Batter,327,11,7550,128.4,4,8.46,32.55,KKR,13.82
1535,Karthik Deshmukh,31,India,Wicketkeeper,246,9,8204,149.7,0,0.0,20.73,SRH,12.37
1536,Irfan Naidu,23,South Africa,Allrounder,21,1,6554,98.4,326,6.11,46.83,DC,10.64
1537,Sandeep Khan,24,India,Allrounder,88,4,4457,114.9,309,7.46,43.65,CSK,10.89
1538,Ankit Patel,24,Australia,Allrounder,15,1,6470,140.4,179,6.39,35.9,DC,8.12
1539,Manoj Sharma,19,Australia,Wicketkeeper,16,1,11874,119.7,0,0.0,52.72,SRH,8.16
1540,Karthik Iyer,18,West Indies,Wicketkeeper,18,1,3125,110.1,0,0.0,24.22,LSG,5.18
1541,Aditya Deshmukh,29,India,Bowler,17,1,1718,153.2,202,6.22,33.22,RCB,9.94
1542,Ankit Patel,19,Australia,Batter,21,1,13733,115.4,0,6.22,37.71,GT,14.09
1543,Sameer Mehta,28,West Indies,Bowler,91,6,3852,134.5,760,4.62,54.92,DC,15.01
1544,Rahul Yadav,30,India,Batter,198,7,7368,116.3,2,7.58,34.02,GT,11.65
1545,Rohan Mehta,23,West Indies,Batter,86,4,5833,148.0,0,6.4,34.52,KKR,10.3
1546,Rahul Singh,27,India,Allrounder,147,5,5292,134.6,85,6.36,35.47,LSG,10.47
1547,Aditya Patel,21,England,Bowler,15,1,3140,98.7,253,6.46,48.48,RCB,6.81
1548,Karthik Patel,18,Australia,Allrounder,21,1,7622,133.9,426,8.29,53.41,KKR,12.14
1549,Amit Reddy,41,India,Allrounder,110,5,2650,123.6,329,5.53,41.06,SRH,13.0
1550,Irfan Yadav,28,India,Bowler,127,7,1208,119.1,345,6.21,31.83,SRH,11.04
1551,Rahul Naidu,40,England,Allrounder,314,15,7827,118.5,368,5.44,25.69,DC,14.78
1552,Amit Malik,34,South Africa,Bowler,264,15,2203,107.5,662,6.79,22.05,PBKS,14.13
1553,Ankit Kulkarni,24,India,Wicketkeeper,133,6,10753,128.1,0,0.0,40.83,SRH,13.25
1554,Arjun Shetty,35,Australia,Batter,190,9,10662,129.6,8,9.05,32.09,KKR,12.91
1555,Karthik Iyer,19,England,Bowler,26,1,2309,127.4,466,7.05,22.77,LSG,9.04
1556,Ankit Deshmukh,39,England,Batter,289,19,5600,149.5,13,7.98,33.87,MI,14.13
1557,Pranav Khan,33,India,Allrounder,135,6,4009,103.6,123,6.04,25.3,MI,9.32
1558,Harshit Sharma,32,Sri Lanka,Bowler,246,9,2993,130.7,488,5.64,22.82,LSG,14.9
1559,Rohan Deshmukh,33,England,Bowler,333,14,2779,140.3,490,7.57,40.53,DC,13.43
1560,Harshit Khan,27,India,Bowler,28,1,1744,99.8,872,7.15,36.69,GT,15.18
1561,Sandeep Chopra,26,Australia,Batter,181,7,14429,144.7,6,8.21,47.42,RCB,15.92
1562,Pranav Singh,36,India,Bowler,114,5,3247,151.5,864,5.05,24.35,CSK,14.53
1563,Manoj Iyer,22,India,Wicketkeeper,87,3,4916,147.5,0,0.0,53.98,LSG,12.5
1564,Rohan Patel,24,India,Allrounder,57,2,3165,138.3,263,5.62,21.41,RCB,11.51
1565,Pranav Chopra,20,India,Bowler,30,1,652,126.0,432,5.54,40.32,DC,10.08
1566,Aditya Yadav,21,South Africa,Wicketkeeper,56,2,10093,151.2,0,0.0,43.53,LSG,12.09
1567,Manoj Iyer,40,India,Batter,171,8,8359,143.6,9,7.68,53.27,DC,14.89
1568,Arjun Patel,39,Sri Lanka,Wicketkeeper,381,14,2940,96.3,0,0.0,54.39,DC,9.23
1569,Harshit Yadav,25,England,Bowler,118,5,2053,143.9,81,4.33,29.81,DC,6.59
1570,Pranav Yadav,37,Sri Lanka,Batter,243,13,3724,121.4,6,6.46,42.54,RCB,11.18
1571,Ankit Reddy,27,South Africa,Batter,124,7,7668,98.3,9,7.33,40.98,RCB,8.62
1572,Amit Verma,30,India,Wicketkeeper,206,11,9024,149.1,0,0.0,33.41,RR,15.53
1573,Karthik Shetty,39,England,Batter,306,17,13745,121.6,12,6.76,21.69,MI,14.56
1574,Sandeep Mehta,18,South Africa,Allrounder,29,1,1594,144.6,288,7.87,40.58,GT,8.69
1575,Harshit Sharma,38,South Africa,Wicketkeeper,261,13,4399,116.2,0,0.0,47.99,SRH,11.02
1576,Harshit Naidu,37,West Indies,Allrounder,318,15,2414,144.6,442,6.94,42.1,DC,12.55
1577,Irfan Kulkarni,23,India,Wicketkeeper,60,4,8023,142.1,0,0.0,40.95,MI,13.64
1578,Vikas Chopra,40,Sri Lanka,Allrounder,507,19,1897,152.5,277,6.45,38.94,PBKS,14.67
1579,Irfan Naidu,27,England,Batter,16,1,12819,108.2,11,8.12,41.9,LSG,10.84
1580,Pranav Verma,26,West Indies,Allrounder,139,7,2964,106.1,190,7.0,22.09,CSK,9.24
1581,Karthik Singh,29,India,Batter,181,7,4829,140.8,11,8.12,38.32,SRH,13.3
1582,Vikas Iyer,41,West Indies,Wicketkeeper,33,2,4565,108.6,0,0.0,43.33,MI,5.67
1583,Manoj Khan,41,England,Wicketkeeper,133,5,6499,99.8,0,0.0,35.46,SRH,8.7
1584,Amit Patel,41,England,Wicketkeeper,274,17,4904,104.8,0,0.0,26.46,DC,10.9
1585,Arjun Deshmukh,37,England,Wicketkeeper,119,4,7447,107.1,0,0.0,33.53,MI,10.12
1586,Sandeep Deshmukh,31,India,Batter,160,7,4907,118.9,6,6.18,37.91,SRH,11.04
1587,Nikhil Chopra,36,India,Allrounder,147,9,4565,118.0,333,6.69,49.37,GT,12.73
1588,Rohan Deshmukh,33,Australia,Wicketkeeper,92,4,3249,103.7,0,0.0,37.7,RCB,6.07
1589,Pranav Verma,37,India,Bowler,299,13,848,99.3,99,4.24,40.09,SRH,11.1
1590,Rohan Verma,31,England,Bowler,189,11,906,147.7,310,6.15,39.53,LSG,9.2
1591,Rahul Mehta,18,Sri Lanka,Bowler,28,1,2600,97.9,689,7.65,23.43,SRH,7.28
1592,Karthik Khan,28,India,Wicketkeeper,222,9,8080,97.6,0,0.0,26.48,GT,13.07
1593,Sandeep Naidu,28,India,Wicketkeeper,158,6,5285,127.5,0,0.0,42.6,LSG,12.92
1594,Manoj Sharma,39,India,Allrounder,356,13,5485,151.8,327,5.16,49.48,PBKS,14.28
1595,Aditya Chopra,29,Australia,Bowler,39,2,3075,99.6,402,5.13,25.95,DC,8.24
1596,Amit Iyer,32,India,Wicketkeeper,324,11,8261,102.6,0,0.0,24.31,PBKS,14.49
1597,Harshit Sharma,36,West Indies,Wicketkeeper,400,14,10540,126.1,0,0.0,28.6,SRH,17.96
1598,Manoj Mehta,25,India,Bowler,85,4,894,154.4,296,5.36,43.95,MI,10.33
1599,Sandeep Malik,21,South Africa,Allrounder,80,3,4846,103.6,220,8.32,33.37,RCB,7.54
1600,Sameer Mehta,42,England,Wicketkeeper,203,7,8450,128.3,0,0.0,22.69,SRH,10.79
1601,Arjun Chopra,38,South Africa,Allrounder,74,4,8537,135.2,246,5.01,42.46,GT,13.48
1602,Rohan Malik,33,India,Wicketkeeper,240,13,9054,119.6,0,0.0,37.14,LSG,13.93
1603,Harshit Naidu,27,India,Allrounder,27,1,6252,96.4,374,6.45,31.74,RCB,10.4
1604,Vikas Kulkarni,31,India,Wicketkeeper,122,7,10747,105.6,0,0.0,23.44,CSK,12.14
1605,Ankit Mehta,20,India,Batter,48,2,13248,131.0,15,9.35,45.5,KKR,13.39
1606,Amit Deshmukh,39,South Africa,Allrounder,80,3,5688,118.6,482,6.1,28.29,PBKS,11.38
1607,Ankit Deshmukh,24,India,Wicketkeeper,45,2,5773,100.8,0,0.0,26.27,KKR,10.5
1608,Rahul Khan,28,India,Allrounder,81,3,5277,135.7,275,7.79,39.14,CSK,12.28
1609,Vikas Shetty,25,Sri Lanka,Wicketkeeper,154,6,4321,123.5,0,0.0,52.29,RCB,9.68
1610,Vikas Naidu,37,India,Bowler,173,11,2793,111.8,773,4.28,32.25,MI,17.41
1611,Irfan Reddy,31,South Africa,Wicketkeeper,201,9,11303,141.9,0,0.0,54.74,MI,13.48
1612,Karthik Naidu,21,Australia,Batter,70,3,14880,147.5,1,6.84,49.07,CSK,16.52
1613,Manoj Shetty,29,India,Wicketkeeper,123,7,6800,108.5,0,0.0,33.98,MI,11.2
1614,Aditya Iyer,42,South Africa,Batter,458,19,5325,153.7,7,7.43,26.33,DC,13.97
1615,Rahul Singh,33,Sri Lanka,Allrounder,117,4,7308,115.1,291,7.8,45.58,MI,15.05
1616,Ankit Verma,42,England,Allrounder,220,8,5189,129.7,398,6.47,49.14,LSG,13.41
1617,Harshit Iyer,26,West Indies,Batter,111,5,3425,147.0,7,8.81,22.09,RCB,7.17
1618,Aditya Verma,29,India,Allrounder,295,10,6692,103.4,196,7.42,34.55,SRH,13.44
1619,Pranav Verma,33,India,Wicketkeeper,217,12,7289,127.9,0,0.0,34.1,RCB,14.94
1620,Amit Malik,30,Australia,Bowler,93,5,2393,154.8,92,5.97,24.73,KKR,6.54
1621,Karthik Mehta,26,England,Wicketkeeper,172,6,5053,135.5,0,0.0,33.86,RCB,8.5
1622,Arjun Singh,36,Sri Lanka,Allrounder,341,17,8633,104.5,308,5.47,53.22,RR,17.21
1623,Sameer Reddy,33,India,Wicketkeeper,66,3,6183,147.8,0,0.0,51.75,CSK,11.08
1624,Sandeep Verma,27,India,Bowler,101,4,806,107.5,445,7.77,32.44,PBKS,13.04
1625,Irfan Deshmukh,33,India,Batter,214,8,6318,124.0,11,8.34,34.64,GT,13.45
1626,Pranav Patel,39,West Indies,Wicketkeeper,32,2,6947,116.5,0,0.0,40.78,DC,7.92
1627,Karthik Mehta,35,India,Batter,60,3,7195,104.7,5,8.01,36.51,GT,11.29
1628,Vikas Deshmukh,40,India,Bowler,335,21,2495,129.2,352,6.1,27.35,LSG,14.56
1629,Aditya Yadav,35,India,Batter,268,9,7960,96.5,1,8.6,32.42,MI,13.47
1630,Nikhil Shetty,24,Sri Lanka,Bowler,44,2,402,128.8,629,6.96,29.14,PBKS,11.67
1631,Vikas Naidu,19,Sri Lanka,Batter,17,1,10799,129.0,6,8.43,47.87,MI,10.23
1632,Nikhil Naidu,21,India,Bowler,82,3,1760,131.6,194,6.79,37.09,SRH,7.1
1633,Nikhil Shetty,41,Sri Lanka,Bowler,225,15,1031,110.7,852,4.51,34.67,PBKS,19.04
1634,Karthik Kulkarni,31,England,Allrounder,279,10,5459,125.8,303,7.1,30.09,RCB,12.7
1635,Irfan Chopra,27,England,Allrounder,110,5,7052,124.8,327,5.02,30.0,KKR,11.79
1636,Rahul Shetty,34,Sri Lanka,Wicketkeeper,151,10,7729,139.1,0,0.0,20.84,RCB,10.1
1637,Sandeep Iyer,34,South Africa,Wicketkeeper,412,16,7491,130.1,0,0.0,52.95,MI,16.07
1638,Pranav Kulkarni,21,India,Allrounder,36,2,7879,123.3,95,5.61,23.2,GT,12.9
1639,Rohan Chopra,42,England,Bowler,218,8,2172,128.0,563,6.38,34.26,SRH,11.36
1640,Sameer Mehta,21,India,Allrounder,65,3,2781,148.8,138,6.82,26.87,KKR,9.7
1641,Irfan Iyer,42,India,Bowler,278,13,3918,146.7,608,4.09,40.2,PBKS,18.93
1642,Harshit Deshmukh,33,India,Wicketkeeper,232,11,10232,148.4,0,0.0,40.89,SRH,16.13
1643,Rohan Singh,27,England,Bowler,147,6,1261,120.8,515,7.08,46.25,DC,12.05
1644,Amit Shetty,36,India,Wicketkeeper,299,13,8293,149.8,0,0.0,40.02,RR,14.64
1645,Harshit Verma,38,India,Wicketkeeper,101,5,6693,105.8,0,0.0,29.41,CSK,10.45
1646,Ankit Reddy,27,England,Batter,161,6,12174,109.8,6,6.7,30.72,RR,12.83
1647,Irfan Verma,24,India,Wicketkeeper,106,5,5128,128.3,0,0.0,40.58,MI,11.99
1648,Amit Shetty,28,Sri Lanka,Wicketkeeper,151,8,7089,120.6,0,0.0,41.54,RR,12.71
1649,Amit Patel,37,England,Wicketkeeper,426,19,11312,99.9,0,0.0,23.07,CSK,18.63
1650,Rahul Naidu,29,India,Allrounder,161,8,7850,126.1,415,5.6,27.49,RCB,15.94
1651,Nikhil Verma,31,India,Bowler,80,3,360,119.0,528,5.08,48.42,PBKS,13.23
1652,Arjun Chopra,25,India,Allrounder,53,3,7825,134.0,434,5.05,43.41,SRH,14.64
1653,Sameer Shetty,20,India,Allrounder,35,2,4131,151.0,279,7.8,20.7,LSG,9.84
1654,Ankit Yadav,25,Australia,Allrounder,98,4,7624,148.2,51,5.54,36.05,SRH,11.12
1655,Manoj Reddy,22,India,Wicketkeeper,16,1,10892,128.9,0,0.0,43.21,LSG,12.21
1656,Amit Chopra,29,West Indies,Wicketkeeper,30,1,7130,135.7,0,0.0,52.61,DC,10.44
1657,Aditya Patel,36,India,Batter,307,11,4840,138.2,5,9.49,30.05,PBKS,14.23
1658,Nikhil Kulkarni,34,India,Wicketkeeper,88,3,9560,147.8,0,0.0,21.72,KKR,11.31
1659,Sameer Khan,26,England,Wicketkeeper,129,8,5476,108.9,0,0.0,51.41,RCB,11.46
1660,Karthik Chopra,38,India,Allrounder,490,19,6208,108.2,190,5.9,24.83,RR,18.09
1661,Amit Yadav,18,South Africa,Batter,19,1,7241,125.0,7,9.01,43.62,DC,8.53
1662,Pranav Kulkarni,36,England,Wicketkeeper,312,11,5000,109.3,0,0.0,46.53,KKR,8.92
1663,Rohan Iyer,24,India,Bowler,47,2,2465,113.8,120,6.89,34.37,MI,5.85
1664,Rahul Singh,42,India,Allrounder,101,5,3152,153.6,195,5.73,42.6,DC,12.86
1665,Vikas Khan,23,England,Allrounder,61,4,2624,113.2,489,8.27,47.37,KKR,10.23
1666,Amit Naidu,32,South Africa,Wicketkeeper,31,2,9820,141.0,0,0.0,44.21,KKR,10.25
1667,Vikas Shetty,32,India,Bowler,116,7,3970,118.6,259,7.67,24.58,RR,8.63
1668,Harshit Yadav,34,Sri Lanka,Bowler,107,4,2477,138.8,446,6.55,40.13,MI,11.18
1669,Vikas Yadav,41,West Indies,Wicketkeeper,257,11,10331,107.4,0,0.0,37.66,MI,13.68
1670,Amit Sharma,26,South Africa,Wicketkeeper,42,2,4139,113.7,0,0.0,34.96,RR,6.93
1671,Irfan Patel,29,Australia,Allrounder,119,6,7244,139.7,83,7.26,28.13,RR,9.98
1672,Amit Verma,38,India,Wicketkeeper,231,13,6579,119.3,0,0.0,29.42,DC,12.15
1673,Sandeep Chopra,23,India,Batter,135,5,3638,142.0,1,6.7,51.82,RCB,9.94
1674,Ankit Mehta,37,India,Allrounder,158,7,2912,140.1,129,6.3,51.39,RR,13.56
1675,Ankit Khan,34,India,Bowler,78,5,2037,106.0,288,7.22,53.47,MI,8.65
1676,Sameer Malik,27,England,Allrounder,108,7,7916,115.4,53,6.32,22.19,SRH,11.44
1677,Amit Deshmukh,28,South Africa,Wicketkeeper,16,1,11338,124.2,0,0.0,23.82,RCB,12.55
1678,Sandeep Patel,30,England,Bowler,207,10,377,114.0,509,4.94,48.31,CSK,14.62
1679,Karthik Reddy,20,Sri Lanka,Wicketkeeper,19,1,2511,147.5,0,0.0,30.59,GT,6.13
1680,Sameer Khan,27,India,Wicketkeeper,161,8,11347,146.5,0,0.0,50.0,SRH,16.82
1681,Karthik Naidu,29,India,Batter,182,10,6593,103.8,4,8.68,44.16,PBKS,12.09
1682,Aditya Patel,22,Australia,Batter,58,2,13076,136.0,3,9.31,31.61,RR,11.65
1683,Sandeep Deshmukh,25,England,Allrounder,52,2,5285,133.7,382,6.75,37.87,SRH,11.29
1684,Harshit Khan,36,England,Allrounder,471,17,4570,113.7,378,5.42,48.08,RCB,15.12
1685,Pranav Sharma,22,India,Wicketkeeper,15,1,4842,146.7,0,0.0,24.81,KKR,10.52
1686,Sandeep Reddy,38,India,Bowler,48,2,1969,114.7,575,7.62,43.18,DC,10.79
1687,Karthik Yadav,29,Australia,Wicketkeeper,94,4,9706,140.1,0,0.0,48.42,LSG,12.84
1688,Pranav Shetty,21,England,Allrounder,66,3,8811,113.8,135,8.31,50.05,GT,10.17
1689,Harshit Chopra,26,India,Wicketkeeper,175,6,8109,102.9,0,0.0,44.68,LSG,12.31
1690,Rahul Shetty,42,South Africa,Allrounder,268,17,5950,135.7,104,7.6,28.83,DC,12.67
1691,Irfan Patel,21,West Indies,Wicketkeeper,24,1,4569,147.4,0,0.0,25.91,MI,7.08
1692,Manoj Chopra,29,West Indies,Wicketkeeper,98,5,9013,98.2,0,0.0,45.11,MI,11.77
1693,Irfan Kulkarni,34,India,Bowler,130,7,3004,145.9,842,5.81,33.42,KKR,15.71
1694,Nikhil Malik,29,West Indies,Bowler,147,9,3277,145.2,625,4.64,39.21,GT,14.83
1695,Aditya Chopra,29,England,Bowler,175,9,410,138.2,776,4.72,37.89,RCB,18.75
1696,Irfan Khan,23,West Indies,Bowler,129,5,3515,122.7,287,6.3,49.0,RCB,7.65
1697,Rohan Reddy,26,South Africa,Wicketkeeper,30,1,10167,144.8,0,0.0,44.83,GT,10.98
1698,Amit Patel,28,West Indies,Allrounder,87,3,4052,145.3,146,5.37,43.49,SRH,10.89
1699,Amit Shetty,41,India,Batter,373,20,10879,116.8,5,8.44,50.77,RR,18.16
1700,Harshit Iyer,42,South Africa,Wicketkeeper,195,8,5668,138.5,0,0.0,23.94,RR,10.39
1701,Rahul Yadav,25,India,Allrounder,156,7,2511,148.2,411,6.43,21.65,SRH,13.7
1702,Vikas Naidu,41,Australia,Bowler,452,19,44,135.7,732,7.65,42.1,RCB,18.42
1703,Arjun Patel,21,Sri Lanka,Allrounder,59,3,6910,109.9,264,5.95,52.97,PBKS,12.04
1704,Sandeep Patel,27,Australia,Wicketkeeper,60,2,3171,112.9,0,0.0,47.14,DC,7.94
1705,Pranav Naidu,30,India,Batter,137,5,7769,103.4,7,7.38,20.38,RR,10.29
1706,Aditya Mehta,34,England,Batter,75,4,13893,153.5,15,7.9,32.92,PBKS,15.3
1707,Amit Kulkarni,40,Australia,Wicketkeeper,395,14,7019,116.4,0,0.0,32.04,MI,15.39
1708,Pranav Malik,26,England,Wicketkeeper,100,6,2711,126.2,0,0.0,35.42,SRH,7.82
1709,Vikas Mehta,21,India,Wicketkeeper,82,3,9606,147.8,0,0.0,37.69,LSG,11.97
1710,Harshit Malik,39,West Indies,Batter,231,9,12938,103.3,12,7.78,54.4,LSG,16.17
1711,Nikhil Patel,19,India,Batter,26,1,12504,99.4,13,6.87,43.21,MI,12.28
1712,Ankit Kulkarni,30,Sri Lanka,Batter,326,12,11564,119.9,1,8.08,34.78,LSG,12.92
1713,Pranav Khan,30,India,Wicketkeeper,310,11,5461,142.1,0,0.0,26.85,CSK,14.76
1714,Rohan Khan,18,India,Batter,29,1,7153,133.9,11,8.87,34.66,RR,9.39
1715,Vikas Verma,39,India,Allrounder,263,12,5253,110.4,397,6.6,46.32,LSG,14.86
1716,Vikas Chopra,38,England,Bowler,237,9,3085,114.3,436,5.95,40.86,GT,12.33
1717,Irfan Patel,42,England,Wicketkeeper,168,6,11318,154.7,0,0.0,35.23,DC,13.83
1718,Irfan Verma,41,India,Allrounder,201,8,4826,115.7,200,8.22,21.92,MI,11.94
1719,Harshit Reddy,37,Australia,Bowler,459,16,2897,120.1,577,4.78,27.69,KKR,16.72
1720,Sameer Singh,29,India,Wicketkeeper,131,6,2760,95.0,0,0.0,52.03,RCB,10.01
1721,Sameer Chopra,21,Australia,Allrounder,20,1,4760,139.5,356,7.95,25.87,GT,8.95
1722,Rahul Patel,40,South Africa,Bowler,61,3,597,99.1,813,4.46,45.34,PBKS,15.2
1723,Manoj Iyer,28,India,Allrounder,210,9,6525,120.8,331,8.25,24.17,RR,14.55
1724,Karthik Malik,20,India,Bowler,47,2,634,115.9,763,5.95,33.12,CSK,13.24
1725,Vikas Malik,26,India,Wicketkeeper,22,1,9714,132.3,0,0.0,45.16,KKR,13.74
1726,Amit Verma,38,India,Bowler,183,7,1979,97.1,529,4.42,54.8,KKR,13.69
1727,Manoj Iyer,31,South Africa,Bowler,234,9,3058,98.2,347,4.88,26.65,GT,12.55
1728,Manoj Singh,40,India,Allrounder,261,12,5926,118.5,222,5.14,48.08,DC,15.0
1729,Irfan Malik,20,West Indies,Allrounder,19,1,2291,121.7,441,6.19,43.65,KKR,11.76
1730,Rahul Shetty,34,India,Allrounder,424,16,4353,146.7,407,6.78,50.31,PBKS,17.78
1731,Karthik Verma,40,India,Bowler,550,21,2534,141.7,528,4.04,36.13,PBKS,19.5
1732,Rahul Iyer,33,West Indies,Wicketkeeper,264,10,11658,154.3,0,0.0,36.91,CSK,15.8
1733,Karthik Malik,38,India,Allrounder,51,2,4403,140.3,73,8.45,28.7,RCB,8.34
1734,Sameer Deshmukh,41,Sri Lanka,Allrounder,245,9,7268,154.5,431,6.88,50.01,CSK,15.92
1735,Pranav Naidu,22,West Indies,Bowler,104,4,2763,137.4,391,4.37,32.1,SRH,8.59
1736,Sandeep Shetty,28,England,Wicketkeeper,115,4,2611,95.4,0,0.0,34.12,GT,5.52
1737,Nikhil Patel,37,India,Allrounder,46,2,4889,144.1,413,5.82,31.81,MI,11.03
1738,Nikhil Shetty,23,India,Bowler,30,2,2659,95.0,586,7.14,30.77,RCB,12.83
1739,Rahul Patel,41,South Africa,Allrounder,111,4,4838,109.0,235,5.84,22.39,RR,11.18
1740,Irfan Singh,40,India,Bowler,319,16,1454,128.3,261,4.71,30.2,RCB,13.12
1741,Karthik Patel,40,Australia,Allrounder,312,14,3143,117.6,156,6.46,50.66,RCB,11.89
1742,Ankit Naidu,29,West Indies,Batter,230,11,3334,124.6,1,9.17,31.56,MI,9.62
1743,Rahul Iyer,35,West Indies,Allrounder,30,2,1538,152.2,207,5.37,22.11,CSK,9.61
1744,Harshit Khan,30,England,Batter,83,5,5824,112.9,6,7.04,31.21,PBKS,7.3
1745,Sandeep Chopra,38,England,Wicketkeeper,349,20,5034,104.9,0,0.0,47.41,KKR,12.98
1746,Sameer Naidu,37,West Indies,Bowler,218,12,3335,133.1,535,4.47,24.33,RCB,15.27
1747,Harshit Khan,18,Australia,Batter,18,1,8718,149.6,5,6.25,26.65,SRH,10.42
1748,Sameer Patel,36,India,Bowler,334,17,2511,127.7,425,7.12,22.72,LSG,14.78
1749,Harshit Naidu,32,West Indies,Wicketkeeper,181,11,8043,152.3,0,0.0,28.64,MI,13.98
1750,Vikas Malik,25,India,Bowler,70,3,170,105.1,446,7.27,49.89,LSG,7.32
1751,Irfan Chopra,19,England,Batter,27,1,11951,125.7,6,6.05,46.93,MI,12.79
1752,Karthik Shetty,27,Australia,Bowler,170,6,1746,149.6,493,7.55,48.69,KKR,10.69
1753,Karthik Sharma,31,India,Batter,146,7,12195,107.0,15,9.11,29.95,LSG,11.86
1754,Karthik Shetty,37,India,Allrounder,330,13,8309,117.6,61,6.01,33.77,SRH,15.15
1755,Sameer Mehta,24,West Indies,Allrounder,20,1,6750,104.6,200,6.91,44.19,PBKS,10.71
1756,Amit Verma,41,India,Batter,41,2,11810,113.6,1,6.59,37.62,RR,12.16
1757,Arjun Singh,39,India,Bowler,235,14,1872,139.4,270,7.03,42.59,CSK,12.51
1758,Rahul Deshmukh,25,Sri Lanka,Allrounder,116,6,6178,127.8,367,5.55,23.06,KKR,13.95
1759,Sameer Reddy,37,India,Batter,24,1,3077,119.8,7,7.32,21.39,KKR,8.02
1760,Manoj Malik,39,England,Bowler,267,11,183,152.3,239,5.04,53.38,KKR,12.53
1761,Sameer Khan,22,Australia,Allrounder,36,2,8698,97.6,374,6.23,26.27,RR,11.57
1762,Aditya Sharma,41,South Africa,Wicketkeeper,231,9,7056,118.5,0,0.0,53.17,RR,11.94
1763,Nikhil Sharma,24,India,Allrounder,104,4,7784,140.8,269,5.49,23.8,RR,11.29
1764,Pranav Patel,22,India,Batter,58,2,11004,117.9,2,9.43,47.13,MI,12.65
1765,Sandeep Deshmukh,23,South Africa,Allrounder,111,5,5893,132.7,186,6.2,26.72,SRH,9.34
1766,Harshit Patel,27,India,Batter,86,5,12089,151.3,15,6.51,52.12,RR,18.88
1767,Karthik Naidu,24,India,Batter,37,2,3623,132.5,12,9.11,48.29,MI,8.88
1768,Vikas Reddy,23,England,Batter,29,1,5338,115.1,14,6.24,30.98,PBKS,7.19
1769,Harshit Yadav,37,India,Bowler,48,2,58,116.4,236,6.42,25.2,DC,8.31
1770,Ankit Naidu,28,India,Bowler,125,5,1556,143.9,236,6.27,33.37,KKR,9.8
1771,Vikas Iyer,27,England,Batter,247,9,3414,106.8,14,6.46,28.31,KKR,10.83
1772,Arjun Iyer,20,West Indies,Allrounder,25,1,1964,133.6,97,6.05,41.03,RCB,6.52
1773,Arjun Chopra,39,India,Wicketkeeper,65,3,8568,136.8,0,0.0,32.69,CSK,11.78
1774,Pranav Yadav,19,South Africa,Batter,15,1,12219,107.2,1,8.88,36.42,CSK,9.71
1775,Irfan Yadav,30,West Indies,Batter,168,10,3324,105.8,15,8.8,23.85,CSK,6.05
1776,Pranav Mehta,36,Sri Lanka,Allrounder,386,13,3446,115.6,389,8.09,43.94,RR,13.26
1777,Ankit Kulkarni,33,Sri Lanka,Allrounder,189,10,5220,136.4,314,5.09,31.06,LSG,12.91
1778,Rohan Kulkarni,29,South Africa,Bowler,76,4,3612,131.6,244,4.21,28.43,RCB,8.37
1779,Harshit Verma,29,India,Wicketkeeper,29,1,9223,118.2,0,0.0,22.82,RCB,9.96
1780,Manoj Iyer,40,India,Bowler,477,18,1724,112.9,507,4.56,23.14,DC,16.28
1781,Karthik Reddy,32,England,Wicketkeeper,266,12,7841,149.6,0,0.0,20.21,LSG,13.06
1782,Aditya Chopra,39,India,Bowler,250,13,2918,102.4,275,5.84,30.77,KKR,10.03
1783,Sameer Naidu,36,South Africa,Allrounder,152,7,6775,104.7,197,8.24,53.8,GT,11.65
1784,Karthik Patel,24,Sri Lanka,Bowler,79,4,3705,139.5,873,4.78,39.13,GT,16.23
1785,Vikas Yadav,37,West Indies,Batter,250,14,13807,128.2,12,9.1,38.71,DC,14.67
1786,Karthik Sharma,34,South Africa,Bowler,355,14,2732,105.0,256,4.74,52.08,KKR,12.02
1787,Nikhil Shetty,26,India,Wicketkeeper,71,3,7685,114.7,0,0.0,33.02,KKR,9.99
1788,Harshit Khan,32,England,Bowler,99,4,3821,115.3,861,6.89,53.32,LSG,15.49
1789,Pranav Patel,37,India,Batter,265,17,3142,130.8,1,8.58,50.83,MI,14.26
1790,Sameer Khan,28,India,Allrounder,53,2,2733,110.4,149,5.17,36.28,DC,7.51
1791,Nikhil Khan,27,Sri Lanka,Allrounder,45,2,4273,139.6,400,5.79,52.17,DC,11.71
1792,Rahul Shetty,23,India,Allrounder,54,3,2837,115.5,252,6.48,53.65,GT,10.43
1793,Sandeep Chopra,21,Sri Lanka,Wicketkeeper,89,3,7107,121.7,0,0.0,37.12,GT,10.3
1794,Pranav Iyer,40,India,Batter,216,8,3645,149.6,4,7.23,39.91,LSG,11.74
1795,Karthik Iyer,30,England,Wicketkeeper,239,8,9724,140.7,0,0.0,48.41,CSK,13.6
1796,Sameer Sharma,36,England,Wicketkeeper,133,6,3892,115.5,0,0.0,35.18,LSG,7.8
1797,Sandeep Mehta,29,South Africa,Bowler,59,2,612,116.8,193,7.22,47.79,SRH,5.19
1798,Rohan Deshmukh,39,England,Allrounder,182,7,8048,132.4,293,8.29,45.96,MI,13.72
1799,Ankit Malik,18,India,Bowler,23,1,2131,145.7,104,7.06,33.83,SRH,5.76
1800,Amit Kulkarni,33,Australia,Bowler,123,6,1838,119.1,523,4.19,43.58,KKR,14.87
1801,Aditya Shetty,28,India,Allrounder,25,1,6016,139.9,56,6.58,32.49,LSG,9.97
1802,Rohan Reddy,22,Sri Lanka,Batter,27,1,9363,106.2,1,8.22,46.23,KKR,8.82
1803,Aditya Reddy,40,England,Allrounder,592,22,8492,107.2,441,6.91,30.22,DC,17.01
1804,Sandeep Singh,31,West Indies,Allrounder,129,7,5504,124.0,184,7.62,27.56,SRH,7.96
1805,Sameer Kulkarni,26,England,Wicketkeeper,57,2,10836,153.0,0,0.0,45.03,MI,10.95
1806,Harshit Shetty,21,India,Bowler,17,1,725,120.6,462,7.64,36.63,MI,9.93
1807,Harshit Patel,20,India,Bowler,15,1,3016,126.5,429,7.41,44.75,MI,10.16
1808,Nikhil Kulkarni,37,England,Bowler,87,3,433,121.8,707,4.96,24.32,LSG,11.3
1809,Vikas Khan,21,India,Bowler,17,1,2941,95.1,173,4.78,21.37,MI,8.58
1810,Vikas Sharma,18,South Africa,Bowler,25,1,2561,109.5,622,7.71,43.22,MI,9.56
1811,Aditya Naidu,24,India,Bowler,90,4,1179,128.0,829,7.19,25.36,PBKS,15.68
1812,Karthik Iyer,39,India,Batter,325,19,5881,131.0,6,8.55,45.59,GT,16.71
1813,Aditya Patel,26,India,Bowler,56,3,3475,153.5,409,6.93,40.07,MI,11.8
1814,Manoj Kulkarni,42,Australia,Bowler,196,8,1688,133.9,598,5.3,22.4,PBKS,12.96
1815,Manoj Verma,38,India,Bowler,285,10,28,102.2,750,7.41,31.47,DC,15.48
1816,Harshit Iyer,39,India,Allrounder,151,9,5546,130.8,216,7.86,33.78,MI,9.44
1817,Rahul Kulkarni,41,India,Wicketkeeper,53,2,3945,123.4,0,0.0,49.91,LSG,8.12
1818,Aditya Kulkarni,28,India,Allrounder,295,10,3649,147.2,412,6.19,23.08,PBKS,15.29
1819,Aditya Shetty,28,England,Allrounder,183,8,3959,145.9,430,7.72,26.36,LSG,11.45
1820,Vikas Mehta,33,India,Bowler,178,6,1445,104.9,499,5.64,44.73,RCB,13.26
1821,Sameer Shetty,32,Sri Lanka,Allrounder,231,8,8865,133.1,277,6.87,26.88,RR,13.6
1822,Aditya Shetty,32,South Africa,Bowler,46,3,3577,97.5,222,4.8,31.27,RR,7.27
1823,Manoj Singh,28,South Africa,Bowler,206,7,3348,146.5,757,6.13,43.34,CSK,15.19
1824,Vikas Patel,23,South Africa,Bowler,45,2,613,152.2,357,5.65,45.17,CSK,8.91
1825,Karthik Reddy,28,Australia,Batter,113,4,12000,126.7,8,9.26,29.06,RCB,13.28
1826,Nikhil Deshmukh,25,South Africa,Wicketkeeper,43,2,5118,98.2,0,0.0,45.41,LSG,6.3
1827,Ankit Patel,33,England,Batter,287,11,12958,113.2,9,6.42,38.64,MI,17.38
1828,Harshit Yadav,22,Sri Lanka,Wicketkeeper,30,2,7546,128.9,0,0.0,41.02,RR,9.4
1829,Pranav Verma,38,South Africa,Allrounder,168,6,2498,117.8,346,5.58,41.6,PBKS,10.96
1830,Aditya Singh,22,England,Allrounder,81,3,5379,138.7,72,8.39,52.29,RCB,9.85
1831,Manoj Yadav,18,England,Allrounder,22,1,8955,130.5,486,7.67,26.72,KKR,11.73
1832,Arjun Singh,28,England,Allrounder,209,8,3092,132.4,105,7.33,41.09,PBKS,11.62
1833,Aditya Mehta,28,India,Bowler,213,10,2001,126.7,656,5.86,31.71,PBKS,16.74
1834,Ankit Chopra,33,South Africa,Batter,417,15,5430,106.9,10,7.82,48.18,MI,12.37
1835,Nikhil Khan,20,India,Wicketkeeper,44,2,8882,106.1,0,0.0,22.97,SRH,10.46
1836,Aditya Iyer,42,India,Allrounder,165,7,3520,134.5,154,6.53,35.32,DC,9.73
1837,Ankit Malik,38,Sri Lanka,Allrounder,19,1,7919,128.5,179,5.97,32.15,PBKS,9.59
1838,Nikhil Khan,28,India,Allrounder,225,8,8141,150.4,370,8.27,37.58,GT,15.77
1839,Rohan Deshmukh,24,India,Batter,142,5,11259,139.2,9,7.15,21.28,CSK,13.85
1840,Manoj Deshmukh,25,Australia,Wicketkeeper,138,7,5846,123.5,0,0.0,31.77,CSK,9.69
1841,Amit Kulkarni,22,India,Batter,68,3,10617,95.7,4,9.22,39.35,RR,9.41
1842,Arjun Iyer,32,Sri Lanka,Wicketkeeper,245,11,4265,139.4,0,0.0,36.98,PBKS,10.63
1843,Vikas Deshmukh,26,Sri Lanka,Allrounder,156,8,2834,153.3,340,5.3,38.13,PBKS,12.56
1844,Rahul Sharma,22,West Indies,Batter,75,3,9042,109.2,4,8.15,36.92,DC,10.05
1845,Pranav Reddy,28,South Africa,Batter,127,7,8351,99.5,1,7.5,23.72,DC,8.55
1846,Nikhil Shetty,38,India,Allrounder,280,10,1957,109.4,410,7.93,26.82,PBKS,14.38
1847,Rahul Khan,40,India,Wicketkeeper,94,5,4175,125.3,0,0.0,46.91,MI,8.83
1848,Rahul Shetty,34,England,Bowler,133,6,332,129.6,502,4.24,24.17,DC,13.3
1849,Manoj Chopra,28,West Indies,Wicketkeeper,43,2,8987,97.2,0,0.0,21.85,CSK,9.29
1850,Irfan Yadav,40,India,Batter,89,5,7272,102.1,7,8.92,21.58,LSG,8.36
1851,Amit Kulkarni,25,Sri Lanka,Batter,16,1,3691,145.6,7,7.53,29.18,KKR,9.23
1852,Irfan Iyer,42,England,Bowler,161,8,1587,97.4,854,5.6,35.72,GT,14.29
1853,Arjun Shetty,38,Sri Lanka,Batter,201,13,13971,129.3,13,8.02,31.63,SRH,16.7
1854,Vikas Mehta,35,India,Batter,59,3,12547,101.4,15,7.1,32.84,CSK,13.89
1855,Nikhil Khan,18,West Indies,Batter,20,1,9507,141.0,6,6.35,53.82,DC,10.52
1856,Rohan Chopra,22,West Indies,Allrounder,27,1,2809,146.9,467,8.4,41.03,DC,11.66
1857,Ankit Yadav,24,Australia,Allrounder,125,5,2476,112.1,373,7.45,42.08,DC,9.95
1858,Karthik Mehta,27,South Africa,Batter,146,8,6028,123.9,3,7.59,46.52,GT,11.1
1859,Aditya Khan,19,India,Batter,24,1,14300,114.1,6,6.99,52.36,KKR,14.83
1860,Karthik Sharma,36,Australia,Allrounder,205,10,5686,124.1,52,5.2,51.95,KKR,11.36
1861,Irfan Iyer,27,India,Bowler,30,1,3878,127.8,817,6.32,28.74,DC,16.26
1862,Karthik Reddy,30,India,Allrounder,305,12,5433,146.1,327,6.2,39.57,PBKS,17.22
1863,Rahul Mehta,37,India,Bowler,157,10,2536,101.0,131,5.96,20.56,MI,6.66
1864,Rohan Naidu,18,India,Batter,18,1,3877,117.6,11,9.37,41.11,RR,9.17
1865,Manoj Deshmukh,24,India,Bowler,125,6,1710,136.0,749,4.3,52.64,DC,14.89
1866,Sameer Patel,18,India,Batter,23,1,10486,102.6,6,8.01,40.36,SRH,12.28
1867,Sameer Khan,21,India,Batter,45,3,4844,119.4,2,8.68,50.79,LSG,10.81
1868,Irfan Khan,41,West Indies,Wicketkeeper,154,8,6924,133.9,0,0.0,51.47,PBKS,10.06
1869,Aditya Deshmukh,18,India,Batter,17,1,9513,102.9,12,8.18,30.84,RCB,9.44
1870,Manoj Malik,18,South Africa,Wicketkeeper,20,1,2717,107.1,0,0.0,51.81,LSG,4.82
1871,Harshit Khan,36,Australia,Batter,53,2,10850,135.6,6,8.66,30.53,SRH,10.94
1872,Irfan Yadav,26,Sri Lanka,Allrounder,15,1,6826,140.4,62,5.64,36.6,KKR,8.81
1873,Harshit Yadav,36,Australia,Wicketkeeper,303,14,3948,108.5,0,0.0,41.58,CSK,11.85
1874,Irfan Naidu,37,India,Wicketkeeper,275,12,8582,97.4,0,0.0,31.42,GT,14.95
1875,Ankit Deshmukh,41,South Africa,Bowler,359,18,2376,103.9,491,5.78,54.46,DC,16.44
1876,Harshit Verma,29,Sri Lanka,Allrounder,206,8,5942,102.8,248,5.73,27.12,RCB,11.12
1877,Nikhil Verma,29,England,Batter,150,7,13575,120.5,14,8.69,39.79,RCB,14.44
1878,Sameer Sharma,32,West Indies,Bowler,355,13,594,97.1,693,4.08,35.6,DC,15.58
1879,Irfan Shetty,28,India,Bowler,187,9,3377,148.1,789,7.1,23.03,PBKS,16.22
1880,Sameer Patel,30,West Indies,Wicketkeeper,31,2,11012,127.3,0,0.0,51.96,GT,13.23
1881,Rohan Khan,21,India,Batter,59,3,14206,144.8,10,7.36,24.68,GT,16.94
1882,Aditya Malik,33,West Indies,Allrounder,59,2,4735,140.1,307,8.27,52.95,DC,8.78
1883,Nikhil Singh,39,India,Bowler,252,13,2623,116.8,739,6.57,52.84,RR,16.58
1884,Aditya Sharma,32,India,Bowler,76,3,591,114.9,153,5.05,44.53,GT,8.19
1885,Harshit Reddy,40,India,Bowler,288,10,2614,150.8,178,6.91,27.17,SRH,10.67
1886,Amit Verma,24,India,Batter,20,1,14149,139.3,2,8.79,22.23,MI,13.12
1887,Rahul Reddy,20,South Africa,Wicketkeeper,30,2,7418,118.2,0,0.0,29.9,DC,8.95
1888,Vikas Verma,28,Sri Lanka,Allrounder,186,7,6536,154.0,343,6.07,42.5,RR,13.45
1889,Karthik Singh,19,India,Batter,23,1,14479,153.6,15,8.51,33.2,DC,15.15
1890,Manoj Deshmukh,30,England,Batter,260,9,3447,121.1,12,8.81,50.43,PBKS,11.1
1891,Karthik Verma,19,India,Batter,17,1,7020,151.9,3,6.63,27.66,GT,10.38
1892,Vikas Mehta,32,India,Allrounder,146,7,4037,140.4,322,6.14,33.78,LSG,12.6
1893,Vikas Mehta,42,India,Wicketkeeper,350,23,4603,131.5,0,0.0,35.56,RR,14.28
1894,Rahul Chopra,36,Sri Lanka,Wicketkeeper,23,1,11757,139.5,0,0.0,27.99,RCB,11.17
1895,Rohan Mehta,30,West Indies,Batter,260,9,5849,113.0,14,6.2,36.6,MI,10.56
1896,Rohan Mehta,27,South Africa,Batter,52,3,14252,116.3,4,6.59,34.0,DC,12.96
1897,Karthik Yadav,20,South Africa,Wicketkeeper,20,1,8672,98.4,0,0.0,40.42,CSK,10.58
1898,Vikas Singh,19,Sri Lanka,Bowler,22,1,2923,104.1,535,7.36,40.92,PBKS,9.96
1899,Sandeep Iyer,40,India,Batter,88,4,11128,120.2,11,8.33,44.54,RCB,12.87
1900,Aditya Chopra,40,West Indies,Batter,237,14,9858,125.3,15,7.44,20.26,DC,13.63
1901,Arjun Deshmukh,19,India,Wicketkeeper,17,1,3929,136.5,0,0.0,43.15,RR,8.5
1902,Manoj Chopra,26,India,Wicketkeeper,105,6,2895,97.3,0,0.0,32.89,KKR,9.78
1903,Pranav Yadav,23,West Indies,Bowler,26,1,2282,120.2,349,7.72,37.57,LSG,7.61
1904,Nikhil Reddy,33,West Indies,Bowler,31,2,951,138.0,287,7.46,40.37,MI,6.6
1905,Aditya Deshmukh,22,India,Bowler,68,3,245,146.9,602,7.03,35.99,RR,13.05
1906,Nikhil Chopra,18,Australia,Allrounder,19,1,4117,118.2,164,6.66,53.83,CSK,6.29
1907,Vikas Kulkarni,33,Sri Lanka,Bowler,317,13,877,100.0,181,6.65,50.2,LSG,8.53
1908,Sandeep Kulkarni,23,West Indies,Batter,69,4,4114,99.1,15,7.68,39.24,RCB,5.34
1909,Vikas Kulkarni,34,England,Bowler,59,3,3391,147.7,348,5.59,27.14,RR,9.09
1910,Amit Malik,31,South Africa,Wicketkeeper,15,1,5655,144.6,0,0.0,39.52,DC,10.98
1911,Karthik Mehta,39,India,Wicketkeeper,302,12,10848,98.3,0,0.0,54.01,KKR,18.48
1912,Vikas Mehta,31,Australia,Bowler,292,11,3166,112.5,156,5.95,36.43,GT,10.51
1913,Manoj Patel,31,India,Batter,187,10,13508,113.3,1,9.0,26.74,GT,16.29
1914,Rohan Naidu,29,Australia,Wicketkeeper,143,5,7859,102.7,0,0.0,30.43,DC,7.89
1915,Manoj Shetty,27,West Indies,Wicketkeeper,238,8,11904,141.8,0,0.0,36.51,PBKS,14.58
1916,Rahul Deshmukh,22,England,Allrounder,94,4,5735,105.0,355,5.8,31.65,LSG,9.81
1917,Pranav Verma,38,Australia,Allrounder,83,3,5706,115.6,156,8.29,54.58,SRH,8.3
1918,Nikhil Yadav,28,Australia,Bowler,114,6,3382,105.7,423,5.84,51.19,DC,10.69
1919,Rohan Mehta,34,India,Allrounder,406,14,6522,137.6,495,6.61,54.43,RR,18.43
1920,Pranav Kulkarni,22,West Indies,Bowler,80,3,1315,100.8,289,4.19,45.22,DC,6.41
1921,Rahul Deshmukh,32,India,Bowler,202,10,2449,106.1,888,5.07,21.38,SRH,19.97
1922,Sameer Kulkarni,38,England,Bowler,227,11,1604,141.5,575,4.08,24.71,LSG,13.29
1923,Arjun Singh,40,Australia,Wicketkeeper,153,9,6637,123.1,0,0.0,41.21,RCB,10.82
1924,Amit Patel,21,Australia,Wicketkeeper,59,2,10610,120.7,0,0.0,20.95,KKR,12.69
1925,Arjun Mehta,32,India,Allrounder,203,9,1917,95.6,258,7.74,46.67,RR,10.44
1926,Karthik Reddy,38,England,Batter,270,16,5289,121.0,5,9.13,38.74,RR,8.36
1927,Amit Malik,21,Australia,Batter,33,2,11986,118.4,8,7.67,51.06,MI,11.79
1928,Vikas Sharma,22,India,Wicketkeeper,15,1,4325,148.6,0,0.0,31.75,PBKS,10.52
1929,Rohan Reddy,28,India,Allrounder,206,10,6565,150.6,349,7.15,53.67,KKR,18.32
1930,Irfan Yadav,36,India,Allrounder,216,9,7745,122.2,152,6.78,29.75,RCB,11.71
1931,Arjun Mehta,23,India,Bowler,65,4,2339,103.6,838,7.64,40.29,CSK,15.75
1932,Rahul Patel,37,South Africa,Wicketkeeper,191,9,6465,112.0,0,0.0,29.77,KKR,9.53
1933,Sameer Iyer,32,Australia,Bowler,177,10,12,154.9,324,5.54,21.92,KKR,10.37
1934,Nikhil Malik,39,South Africa,Wicketkeeper,264,10,5996,129.7,0,0.0,22.89,PBKS,14.07
1935,Manoj Deshmukh,25,Sri Lanka,Batter,19,1,9299,121.4,12,6.54,37.87,LSG,8.22
1936,Sameer Kulkarni,18,South Africa,Bowler,25,1,1319,114.0,101,4.98,23.04,LSG,5.32
1937,Irfan Naidu,33,India,Wicketkeeper,230,9,4867,113.2,0,0.0,53.83,PBKS,12.94
1938,Sandeep Shetty,40,India,Wicketkeeper,58,3,7648,151.7,0,0.0,31.72,RR,12.72
1939,Vikas Deshmukh,29,India,Allrounder,153,7,6418,149.6,489,7.0,20.22,SRH,15.11
1940,Pranav Deshmukh,33,Sri Lanka,Bowler,15,1,1592,151.9,665,7.08,23.2,MI,11.56
1941,Amit Naidu,29,Sri Lanka,Wicketkeeper,144,6,3965,104.7,0,0.0,53.63,RR,8.73
1942,Vikas Verma,31,Australia,Allrounder,136,5,2795,95.9,126,6.88,29.02,DC,8.47
1943,Irfan Sharma,25,England,Bowler,111,7,3115,136.6,314,5.71,45.66,RR,9.26
1944,Nikhil Deshmukh,20,India,Batter,23,1,4298,112.3,8,9.48,38.84,GT,8.44
1945,Sandeep Malik,32,Australia,Allrounder,56,3,3376,119.3,249,6.87,25.92,RR,8.17
1946,Vikas Malik,27,India,Batter,81,3,13725,146.2,5,9.42,37.44,MI,16.33
1947,Manoj Khan,27,India,Wicketkeeper,139,9,5701,131.2,0,0.0,27.95,RCB,11.61
1948,Harshit Patel,37,India,Batter,79,3,5033,136.7,14,7.9,38.03,SRH,11.25
1949,Sandeep Chopra,35,India,Bowler,182,12,1333,131.7,255,7.76,32.98,RCB,10.07
1950,Arjun Chopra,42,South Africa,Batter,169,9,5736,105.2,1,8.7,33.46,CSK,6.57
1951,Vikas Malik,33,England,Bowler,81,3,3207,120.9,365,5.32,47.36,PBKS,11.02
1952,Sandeep Deshmukh,32,India,Wicketkeeper,70,4,3192,124.1,0,0.0,47.79,MI,8.37
1953,Amit Verma,20,West Indies,Bowler,55,2,2006,115.5,773,6.19,48.35,LSG,12.49
1954,Sameer Chopra,42,West Indies,Wicketkeeper,285,13,11961,109.3,0,0.0,27.85,LSG,13.28
1955,Arjun Khan,40,India,Allrounder,323,13,8528,110.7,295,6.77,20.32,RR,16.9
1956,Rahul Mehta,22,Australia,Bowler,18,1,2475,125.7,502,6.46,35.59,DC,6.97
1957,Ankit Sharma,30,Sri Lanka,Allrounder,130,7,7646,129.3,48,8.38,50.22,DC,14.33
1958,Karthik Malik,24,India,Bowler,101,4,3251,129.2,389,4.53,50.38,PBKS,13.32
1959,Amit Khan,30,Sri Lanka,Bowler,76,4,1993,138.1,488,6.22,33.02,KKR,10.94
1960,Ankit Khan,32,Sri Lanka,Wicketkeeper,213,12,9312,100.5,0,0.0,36.03,KKR,12.31
1961,Sameer Kulkarni,19,Australia,Bowler,26,1,217,147.0,438,5.5,28.54,MI,9.35
1962,Rahul Mehta,32,England,Wicketkeeper,210,7,10897,153.0,0,0.0,53.53,SRH,15.9
1963,Sameer Malik,35,India,Batter,330,16,8430,115.9,6,6.87,51.34,LSG,16.77
1964,Amit Patel,27,West Indies,Bowler,204,9,245,121.6,105,7.67,31.23,RCB,7.69
1965,Amit Naidu,34,England,Allrounder,207,7,6521,136.3,275,6.84,29.57,RR,12.44
1966,Rohan Singh,29,West Indies,Allrounder,299,10,2510,98.1,492,7.58,21.73,CSK,12.42
1967,Manoj Shetty,32,India,Wicketkeeper,365,13,11478,118.2,0,0.0,32.37,GT,16.87
1968,Sandeep Khan,41,England,Batter,510,19,14984,124.5,8,7.1,31.23,RR,19.43
1969,Rahul Mehta,22,Australia,Bowler,42,2,902,113.6,122,4.73,54.12,RR,7.48
1970,Sandeep Yadav,19,India,Batter,28,1,5484,121.7,13,7.44,40.18,RR,9.66
1971,Amit Patel,35,India,Bowler,202,9,2978,109.5,574,7.74,43.84,RCB,10.37
1972,Sameer Iyer,20,India,Wicketkeeper,17,1,10030,138.0,0,0.0,41.26,LSG,13.01
1973,Irfan Naidu,28,West Indies,Allrounder,290,10,8784,135.6,456,5.31,22.24,SRH,16.46
1974,Arjun Iyer,41,West Indies,Allrounder,236,11,8104,139.4,344,7.09,27.38,PBKS,13.66
1975,Irfan Sharma,42,Sri Lanka,Bowler,154,8,1344,96.8,601,7.2,49.53,RR,11.43
1976,Amit Mehta,27,Australia,Wicketkeeper,133,8,4924,122.6,0,0.0,27.62,SRH,10.67
1977,Sameer Yadav,35,India,Bowler,238,8,403,152.2,794,4.51,22.54,LSG,19.4
1978,Manoj Deshmukh,35,South Africa,Allrounder,424,17,3950,115.9,81,5.7,41.71,RR,12.61
1979,Sameer Kulkarni,25,England,Wicketkeeper,59,2,3432,127.7,0,0.0,24.4,MI,7.46
1980,Sandeep Reddy,31,India,Wicketkeeper,147,7,8568,112.4,0,0.0,28.36,LSG,11.09
1981,Karthik Khan,21,South Africa,Bowler,48,2,876,119.7,495,4.81,44.64,LSG,8.86
1982,Vikas Mehta,31,England,Allrounder,70,4,6398,117.0,207,5.76,33.68,RCB,9.48
1983,Rahul Patel,36,India,Batter,233,13,11853,152.3,13,9.42,48.0,MI,18.87
1984,Sameer Shetty,33,India,Batter,225,15,10720,99.1,5,6.85,31.09,RCB,15.78
1985,Irfan Singh,19,India,Allrounder,16,1,2853,125.4,497,5.93,47.22,DC,12.36
1986,Amit Mehta,27,India,Batter,168,6,3003,145.7,6,9.0,32.59,MI,11.3
1987,Rahul Verma,23,Australia,Wicketkeeper,99,4,11119,136.2,0,0.0,30.95,PBKS,12.86
1988,Rahul Naidu,20,Australia,Bowler,35,2,2635,137.1,874,4.23,20.34,PBKS,14.48
1989,Karthik Mehta,40,Australia,Batter,271,17,9445,114.8,10,7.43,44.27,KKR,14.54
1990,Harshit Naidu,39,West Indies,Wicketkeeper,129,6,7311,141.0,0,0.0,30.64,DC,11.49
1991,Harshit Khan,38,Australia,Wicketkeeper,365,13,7851,143.7,0,0.0,30.29,KKR,15.07
1992,Sandeep Deshmukh,24,India,Wicketkeeper,32,2,3462,121.8,0,0.0,45.45,RCB,10.22
1993,Rahul Naidu,36,India,Bowler,106,4,300,154.2,369,6.63,27.88,RCB,11.13
1994,Nikhil Yadav,42,South Africa,Allrounder,269,11,2504,131.6,369,7.32,52.03,LSG,13.02
1995,Sameer Deshmukh,39,Sri Lanka,Allrounder,287,18,4483,140.1,120,5.55,39.89,KKR,14.38
1996,Rahul Sharma,30,Australia,Allrounder,84,4,3028,123.5,456,5.96,31.68,CSK,11.02
1997,Harshit Deshmukh,33,Sri Lanka,Wicketkeeper,137,8,7856,129.8,0,0.0,51.12,DC,10.96
1998,Pranav Singh,41,India,Wicketkeeper,348,23,5189,129.2,0,0.0,42.11,PBKS,14.79
1999,Karthik Khan,26,India,Batter,110,7,5299,98.1,7,7.82,28.15,DC,8.33
2000,Sameer Yadav,34,South Africa,Allrounder,249,16,7814,113.6,44,6.72,26.36,RCB,11.22
2001,Harshit Mehta,38,England,Allrounder,180,12,2356,114.4,287,6.76,29.03,DC,10.32
2002,Vikas Iyer,42,West Indies,Bowler,395,17,2174,103.0,480,5.76,52.47,DC,13.84
2003,Harshit Deshmukh,34,Sri Lanka,Wicketkeeper,197,7,11464,147.1,0,0.0,44.77,CSK,14.36
2004,Amit Verma,27,India,Wicketkeeper,239,9,3528,101.4,0,0.0,47.16,DC,8.99
2005,Sameer Naidu,33,India,Wicketkeeper,290,14,6151,143.5,0,0.0,46.87,PBKS,15.31
2006,Sameer Kulkarni,32,India,Allrounder,149,5,3581,133.6,242,5.4,49.2,CSK,12.7
2007,Amit Yadav,26,India,Bowler,27,1,9,133.8,520,6.19,36.04,LSG,10.46
2008,Arjun Malik,19,South Africa,Allrounder,15,1,5610,97.1,484,6.85,42.36,GT,10.92
2009,Harshit Mehta,41,Sri Lanka,Allrounder,612,21,3248,121.1,313,5.29,30.24,CSK,17.98
2010,Harshit Patel,39,South Africa,Allrounder,438,18,2951,103.0,319,6.91,44.21,KKR,12.39
2011,Pranav Reddy,38,England,Batter,187,7,7023,104.8,15,8.78,23.65,MI,8.24
2012,Sameer Deshmukh,18,India,Bowler,24,1,2751,147.6,343,4.55,38.49,SRH,9.05
2013,Vikas Deshmukh,31,England,Wicketkeeper,51,3,7231,123.0,0,0.0,23.73,RCB,7.74
2014,Rahul Iyer,27,India,Batter,196,9,4081,147.1,8,8.27,48.99,MI,13.63
2015,Ankit Patel,23,West Indies,Wicketkeeper,29,1,10868,132.6,0,0.0,22.63,GT,10.31
2016,Harshit Patel,21,India,Allrounder,41,2,2945,98.0,238,5.39,29.01,DC,9.04
2017,Aditya Sharma,24,India,Allrounder,83,5,2829,110.6,114,5.47,33.48,PBKS,7.39
2018,Karthik Khan,28,India,Bowler,66,3,3495,131.6,478,7.58,49.22,DC,12.15
2019,Harshit Chopra,42,India,Batter,252,14,6115,101.8,15,8.49,45.76,RR,10.77
2020,Aditya Yadav,42,West Indies,Batter,519,19,9345,133.3,10,6.96,31.93,LSG,16.78
2021,Sameer Sharma,38,Sri Lanka,Bowler,228,12,15,110.8,664,7.79,29.77,CSK,13.97
2022,Pranav Singh,29,India,Allrounder,25,1,8561,96.5,277,8.26,44.38,RR,12.94
2023,Nikhil Chopra,20,India,Batter,19,1,10756,145.2,15,8.54,54.11,GT,12.09
2024,Nikhil Shetty,35,England,Batter,227,11,8112,98.9,13,9.41,48.76,CSK,8.23
2025,Amit Verma,27,Australia,Batter,27,1,5507,133.8,8,8.26,24.49,RCB,7.9
2026,Arjun Singh,28,Sri Lanka,Batter,144,7,7912,153.9,13,8.28,51.91,MI,15.42
2027,Ankit Iyer,18,India,Allrounder,18,1,4469,97.4,98,6.54,32.68,MI,9.61
2028,Ankit Khan,21,India,Allrounder,48,2,3239,137.1,338,7.89,36.08,MI,10.91
2029,Rohan Verma,20,West Indies,Batter,17,1,14678,120.6,9,6.19,36.42,GT,12.25
2030,Sameer Reddy,35,Australia,Batter,257,10,4523,133.5,10,9.25,30.91,CSK,11.34
2031,Rahul Patel,26,India,Bowler,18,1,3651,99.0,568,6.0,54.04,PBKS,11.11
2032,Manoj Chopra,19,Australia,Allrounder,20,1,6340,123.7,327,6.26,32.43,MI,10.4
2033,Sandeep Iyer,25,India,Allrounder,15,1,5352,134.7,151,7.39,45.04,PBKS,10.83
2034,Sandeep Deshmukh,41,India,Bowler,553,23,21,113.9,777,5.02,24.38,GT,20.0
2035,Karthik Chopra,34,India,Bowler,245,9,864,97.4,707,6.49,40.92,KKR,19.64
2036,Irfan Chopra,39,England,Bowler,229,13,1656,148.4,684,7.3,35.72,SRH,15.08
2037,Rohan Yadav,31,India,Allrounder,257,10,3588,99.6,371,6.61,43.48,PBKS,13.4
2038,Rahul Reddy,37,India,Batter,431,16,7144,109.7,4,8.87,34.75,PBKS,14.91
2039,Pranav Yadav,36,India,Batter,119,6,7095,147.6,1,8.94,28.51,RCB,9.72
2040,Sandeep Yadav,41,India,Wicketkeeper,81,3,2546,128.0,0,0.0,26.74,SRH,6.92
2041,Irfan Deshmukh,38,South Africa,Batter,118,7,8592,149.7,6,6.36,48.72,CSK,12.07
2042,Aditya Kulkarni,32,England,Bowler,65,3,1683,97.9,467,6.89,49.53,MI,8.96
2043,Karthik Kulkarni,39,India,Allrounder,360,17,4688,115.5,220,6.53,39.13,KKR,15.17
2044,Karthik Naidu,24,South Africa,Bowler,96,6,1032,140.4,83,4.35,40.39,SRH,6.06
2045,Amit Shetty,31,Sri Lanka,Bowler,187,8,1184,106.3,288,4.71,26.45,CSK,11.59
2046,Sandeep Verma,31,India,Allrounder,43,2,7800,130.3,47,5.2,49.41,SRH,11.44
2047,Nikhil Naidu,33,Australia,Batter,359,13,6675,97.9,14,6.06,40.05,DC,12.35
2048,Irfan Naidu,24,Australia,Allrounder,110,6,5435,114.6,152,7.87,32.24,RR,8.94
2049,Harshit Yadav,32,South Africa,Batter,59,3,12039,111.5,4,8.09,20.93,LSG,11.1
2050,Arjun Verma,21,Australia,Allrounder,57,2,6892,132.5,304,7.57,40.33,MI,11.52
2051,Rahul Mehta,27,India,Batter,141,7,7130,135.5,7,8.6,27.21,MI,11.06
2052,Pranav Naidu,42,India,Bowler,406,22,3926,102.6,100,5.34,24.54,GT,11.7
2053,Nikhil Singh,28,Sri Lanka,Wicketkeeper,184,9,5569,135.6,0,0.0,50.05,CSK,11.47
2054,Aditya Shetty,21,Australia,Allrounder,89,3,8091,132.7,179,8.37,26.44,RR,8.23
2055,Pranav Malik,36,England,Wicketkeeper,117,7,8724,101.3,0,0.0,48.45,PBKS,9.86
2056,Sameer Yadav,33,India,Bowler,236,10,1461,132.1,562,6.2,47.35,DC,14.56
2057,Karthik Yadav,42,West Indies,Allrounder,122,8,7150,145.1,79,7.46,21.97,RR,10.79
2058,Vikas Reddy,21,India,Bowler,74,3,1689,146.1,627,6.84,30.01,CSK,13.3
2059,Pranav Chopra,41,India,Batter,59,3,6514,113.8,6,8.24,53.53,LSG,10.41
2060,Rohan Sharma,29,South Africa,Batter,33,2,7594,129.8,14,6.12,25.83,PBKS,10.16
2061,Sameer Yadav,24,India,Allrounder,17,1,8097,105.6,168,7.49,28.24,PBKS,9.89
2062,Amit Naidu,37,West Indies,Bowler,355,18,2692,149.9,855,5.88,27.41,SRH,19.86
2063,Irfan Yadav,40,England,Wicketkeeper,18,1,3953,103.7,0,0.0,46.56,RR,6.19
2064,Amit Reddy,34,England,Allrounder,216,8,5205,149.7,324,6.75,25.13,DC,12.96
2065,Aditya Patel,40,India,Batter,175,6,7509,109.0,6,8.26,25.49,PBKS,10.06
2066,Aditya Sharma,23,India,Bowler,56,2,856,130.6,282,6.6,46.42,RCB,5.82
2067,Amit Kulkarni,22,India,Wicketkeeper,84,3,4703,113.6,0,0.0,35.68,LSG,9.09
2068,Ankit Kulkarni,19,South Africa,Bowler,19,1,2817,154.0,144,5.54,30.23,SRH,7.39
2069,Amit Iyer,23,India,Wicketkeeper,94,4,5368,112.7,0,0.0,32.41,DC,10.82
2070,Rahul Shetty,39,India,Batter,228,14,5518,110.1,13,7.98,52.04,RCB,13.67
2071,Aditya Malik,21,Australia,Bowler,52,2,2130,148.7,810,5.01,23.62,RCB,15.85
2072,Sameer Naidu,35,West Indies,Allrounder,365,17,5178,149.4,257,7.3,25.91,RCB,14.61
2073,Rohan Singh,23,India,Wicketkeeper,77,5,5715,153.1,0,0.0,35.85,SRH,11.69
2074,Harshit Chopra,30,India,Wicketkeeper,149,5,4389,151.7,0,0.0,43.69,LSG,11.2
2075,Vikas Deshmukh,40,India,Batter,146,5,10853,106.3,12,7.06,30.63,GT,12.19
2076,Amit Chopra,38,West Indies,Bowler,403,19,3272,103.6,209,4.35,23.66,RCB,13.43
2077,Vikas Chopra,25,India,Batter,25,1,11602,142.7,2,7.48,24.95,GT,14.45
2078,Arjun Iyer,26,India,Allrounder,129,5,5518,133.6,475,5.46,26.9,RCB,14.13
2079,Aditya Kulkarni,24,West Indies,Bowler,34,2,2559,105.0,532,4.37,52.33,MI,10.8
2080,Aditya Shetty,20,Sri Lanka,Batter,35,2,14163,116.2,8,8.88,42.95,DC,12.84
2081,Harshit Sharma,28,India,Batter,15,1,4370,135.6,10,7.88,43.89,CSK,10.12
2082,Rahul Deshmukh,23,Sri Lanka,Batter,87,5,10192,111.0,11,8.2,21.37,KKR,8.54
2083,Ankit Singh,19,India,Bowler,24,1,3082,148.5,379,5.73,39.93,RR,7.17
2084,Arjun Malik,26,West Indies,Batter,75,3,7705,154.5,15,8.91,25.73,RCB,9.87
2085,Sandeep Malik,34,West Indies,Bowler,84,3,3228,135.5,123,6.63,54.3,SRH,4.6
2086,Amit Chopra,28,Sri Lanka,Wicketkeeper,108,7,3223,154.1,0,0.0,44.03,RR,9.35
2087,Pranav Verma,37,South Africa,Batter,41,2,13431,142.9,10,6.85,23.75,KKR,12.44
2088,Arjun Iyer,20,South Africa,Allrounder,48,2,2507,149.6,160,7.73,33.4,RR,7.37
2089,Arjun Yadav,31,England,Allrounder,87,3,1901,120.8,227,7.21,35.32,DC,10.26
2090,Aditya Sharma,27,India,Wicketkeeper,85,3,10196,113.6,0,0.0,46.67,GT,13.41
2091,Vikas Reddy,19,West Indies,Bowler,29,1,2531,151.4,443,7.56,26.12,PBKS,8.65
2092,Rahul Sharma,18,India,Bowler,18,1,3544,139.2,481,7.32,28.85,SRH,10.88
2093,Rohan Kulkarni,26,India,Batter,47,2,10760,111.1,15,6.24,51.93,SRH,11.7
2094,Manoj Deshmukh,25,West Indies,Bowler,83,5,1637,138.3,354,6.41,29.0,KKR,10.28
2095,Sandeep Deshmukh,25,Australia,Batter,53,2,5799,96.7,9,8.52,33.14,RR,6.96
2096,Amit Yadav,31,India,Bowler,122,5,2958,103.8,822,6.38,48.81,RR,17.32
2097,Rahul Verma,34,India,Bowler,328,14,3577,134.1,121,4.89,34.18,SRH,10.65
2098,Sandeep Singh,30,Australia,Wicketkeeper,80,5,5557,130.8,0,0.0,23.76,DC,6.97
2099,Ankit Chopra,30,Australia,Allrounder,72,4,8589,149.6,413,5.06,29.44,RCB,14.43
2100,Manoj Verma,18,Australia,Wicketkeeper,24,1,10904,144.2,0,0.0,54.98,RR,12.54
2101,Harshit Yadav,36,England,Batter,378,17,12110,110.9,5,6.74,43.2,MI,15.66
2102,Karthik Mehta,26,England,Bowler,94,6,1186,149.9,783,7.67,37.6,CSK,12.9
2103,Vikas Yadav,38,India,Allrounder,54,2,8249,103.1,221,7.78,54.21,KKR,12.61
2104,Nikhil Singh,24,South Africa,Allrounder,103,5,8108,104.8,112,8.38,30.48,MI,7.95
2105,Aditya Mehta,21,West Indies,Batter,29,1,14816,111.3,3,6.35,48.56,LSG,15.29
2106,Vikas Mehta,35,India,Bowler,45,2,887,100.3,217,5.44,31.98,MI,6.94
2107,Vikas Sharma,30,India,Allrounder,184,11,2187,132.8,424,8.43,34.57,RR,14.09
2108,Harshit Singh,37,India,Wicketkeeper,491,17,10703,105.0,0,0.0,54.52,RR,18.2
2109,Amit Khan,31,India,Batter,201,13,3481,111.9,3,8.87,22.45,RCB,10.64
2110,Arjun Iyer,28,West Indies,Batter,106,7,7004,102.2,12,6.2,40.33,PBKS,9.13
2111,Rohan Deshmukh,28,India,Wicketkeeper,212,8,9307,150.7,0,0.0,37.39,SRH,15.19
2112,Ankit Mehta,18,India,Wicketkeeper,16,1,3749,145.6,0,0.0,35.61,DC,8.77
2113,Irfan Chopra,27,Australia,Batter,33,2,11834,138.9,9,8.48,26.09,PBKS,10.73
2114,Arjun Naidu,25,India,Wicketkeeper,48,2,4782,116.7,0,0.0,42.31,DC,10.29
2115,Sandeep Malik,42,India,Bowler,365,14,2465,116.7,597,4.27,38.72,RCB,17.07
2116,Karthik Verma,22,England,Bowler,28,1,314,123.5,174,7.79,48.56,DC,4.64
2117,Sandeep Chopra,26,South Africa,Allrounder,16,1,8295,142.8,227,6.51,40.84,GT,9.64
2118,Vikas Naidu,38,South Africa,Allrounder,28,1,7977,119.7,420,8.1,41.15,RR,7.65
2119,Aditya Iyer,19,India,Batter,16,1,6161,120.0,1,8.21,25.05,RR,8.13
2120,Manoj Reddy,34,India,Allrounder,209,7,8637,96.0,430,5.33,50.57,PBKS,18.64
2121,Pranav Naidu,18,England,Bowler,21,1,409,107.7,259,4.9,45.76,MI,7.91
2122,Sameer Singh,42,India,Allrounder,209,7,5020,125.4,300,6.12,25.69,DC,12.73
2123,Nikhil Patel,35,Sri Lanka,Wicketkeeper,144,6,11697,152.6,0,0.0,49.81,LSG,14.25
2124,Arjun Malik,38,Australia,Bowler,80,5,474,119.4,327,7.28,46.68,SRH,7.77
2125,Harshit Chopra,27,India,Batter,222,9,7889,95.5,7,6.5,20.7,LSG,12.44
2126,Manoj Sharma,33,India,Bowler,375,14,1533,122.3,709,6.23,38.13,KKR,17.21
2127,Rahul Kulkarni,41,Sri Lanka,Batter,104,4,14369,120.4,0,6.03,45.13,DC,15.34
2128,Nikhil Mehta,37,Australia,Allrounder,39,2,6202,138.9,133,6.55,28.16,MI,9.7
2129,Nikhil Shetty,18,South Africa,Allrounder,28,1,7780,130.3,359,7.85,27.38,RCB,10.99
2130,Irfan Chopra,36,Sri Lanka,Allrounder,217,13,8783,132.7,307,5.83,49.05,PBKS,15.41
2131,Nikhil Reddy,27,India,Allrounder,54,3,4206,110.5,329,6.45,50.35,PBKS,11.72
2132,Harshit Chopra,21,India,Batter,60,2,5869,121.9,6,8.34,37.08,SRH,10.34
2133,Rohan Shetty,21,South Africa,Bowler,27,1,2309,132.6,653,4.78,32.56,RCB,12.92
2134,Arjun Naidu,19,South Africa,Batter,18,1,10490,123.8,13,9.48,37.01,RCB,9.85
2135,Aditya Yadav,18,West Indies,Bowler,22,1,2129,150.0,701,6.15,48.03,SRH,11.39
2136,Pranav Yadav,25,India,Allrounder,87,3,8848,138.1,327,6.58,40.52,GT,14.02
2137,Irfan Sharma,42,South Africa,Allrounder,18,1,2667,106.5,395,6.72,36.24,DC,10.1
2138,Amit Chopra,36,South Africa,Allrounder,361,14,7751,149.9,223,5.86,31.74,RCB,13.86
2139,Pranav Verma,35,West Indies,Wicketkeeper,123,5,11886,152.1,0,0.0,38.66,MI,12.06
2140,Pranav Patel,30,India,Wicketkeeper,161,6,10395,132.9,0,0.0,39.0,KKR,14.74
2141,Harshit Yadav,31,England,Bowler,48,2,1379,117.5,848,4.49,23.47,GT,15.09
2142,Harshit Verma,21,West Indies,Bowler,34,2,985,121.8,681,6.37,47.23,RR,12.08
2143,Pranav Khan,42,India,Allrounder,192,10,5419,104.9,425,5.77,34.22,CSK,14.15
2144,Pranav Malik,25,South Africa,Batter,27,1,9378,137.6,2,9.24,34.66,GT,10.22
2145,Arjun Yadav,19,India,Wicketkeeper,21,1,7986,126.0,0,0.0,22.95,MI,11.63
2146,Manoj Chopra,18,Australia,Batter,17,1,7801,135.0,2,9.45,29.99,CSK,6.75
2147,Karthik Reddy,41,West Indies,Batter,215,11,12543,101.6,14,8.05,53.8,RCB,13.46
2148,Amit Deshmukh,38,India,Bowler,373,14,1146,133.9,356,4.66,28.59,DC,14.7
2149,Karthik Mehta,18,South Africa,Wicketkeeper,20,1,3453,138.1,0,0.0,47.19,SRH,5.48
2150,Aditya Reddy,40,India,Bowler,377,15,561,131.9,432,6.56,51.24,RR,14.72
2151,Aditya Kulkarni,18,South Africa,Wicketkeeper,16,1,5137,99.7,0,0.0,31.58,LSG,8.23
2152,Amit Reddy,36,West Indies,Allrounder,61,3,2050,154.3,139,5.87,33.63,GT,8.55
2153,Vikas Patel,24,England,Wicketkeeper,41,2,5305,139.0,0,0.0,43.97,RCB,9.31
2154,Rahul Naidu,24,India,Wicketkeeper,74,3,2674,107.7,0,0.0,28.36,GT,6.12
2155,Rahul Mehta,24,India,Batter,42,2,4845,119.7,7,6.98,28.2,RCB,7.72
2156,Irfan Chopra,42,India,Bowler,329,14,2030,147.8,639,4.07,53.8,DC,17.74
2157,Rahul Yadav,36,Sri Lanka,Wicketkeeper,199,12,11432,115.5,0,0.0,31.85,KKR,13.11
2158,Nikhil Sharma,27,England,Allrounder,81,5,2653,135.8,482,5.02,48.89,RCB,13.88
2159,Irfan Patel,30,Australia,Batter,111,5,3866,104.6,7,6.51,47.65,RR,8.7
2160,Irfan Patel,32,Sri Lanka,Allrounder,94,4,2387,97.7,112,7.16,41.79,RR,6.31
2161,Pranav Chopra,32,India,Wicketkeeper,199,12,2729,113.5,0,0.0,32.91,RCB,10.7
2162,Sameer Malik,23,West Indies,Wicketkeeper,20,1,4176,141.2,0,0.0,48.38,PBKS,8.91
2163,Arjun Khan,38,India,Allrounder,178,7,5973,151.8,214,6.4,34.23,RR,14.58
2164,Vikas Shetty,41,India,Wicketkeeper,463,16,11336,141.3,0,0.0,36.94,RR,20.0
2165,Arjun Kulkarni,25,South Africa,Bowler,15,1,1386,149.5,314,7.41,23.06,DC,5.68
2166,Karthik Shetty,36,West Indies,Batter,409,15,13430,144.5,13,9.28,47.7,PBKS,18.09
2167,Karthik Naidu,30,South Africa,Batter,292,11,6865,143.3,12,6.7,49.75,CSK,12.5
2168,Ankit Shetty,34,South Africa,Batter,144,5,5353,152.1,2,7.01,21.75,CSK,9.31
2169,Vikas Kulkarni,39,England,Bowler,176,6,652,127.3,168,4.57,40.15,DC,8.78
2170,Amit Shetty,30,West Indies,Allrounder,279,11,2359,96.0,391,7.26,53.61,DC,13.92
2171,Aditya Patel,26,India,Bowler,114,7,2337,103.6,222,4.17,20.49,GT,10.28
2172,Karthik Shetty,28,India,Wicketkeeper,292,10,11253,129.0,0,0.0,52.63,PBKS,17.0
2173,Vikas Reddy,42,West Indies,Allrounder,477,22,7917,144.4,319,7.33,20.46,PBKS,17.13
2174,Sameer Khan,18,England,Bowler,16,1,3896,122.6,699,6.06,37.46,CSK,10.95
2175,Aditya Mehta,40,West Indies,Wicketkeeper,157,8,4629,99.3,0,0.0,43.96,SRH,11.15
2176,Pranav Patel,27,England,Batter,147,6,13257,140.9,14,7.76,36.99,SRH,13.14
2177,Rahul Singh,42,India,Wicketkeeper,58,2,11412,104.0,0,0.0,42.69,RCB,12.2
2178,Karthik Yadav,30,India,Wicketkeeper,123,8,9905,105.3,0,0.0,50.53,GT,16.09
2179,Nikhil Patel,26,Sri Lanka,Batter,183,7,11719,104.4,15,8.15,53.68,LSG,13.94
2180,Irfan Mehta,30,South Africa,Bowler,264,9,2036,99.4,815,5.97,41.94,PBKS,16.81
2181,Arjun Mehta,22,Sri Lanka,Allrounder,53,2,1812,143.2,444,5.89,48.62,KKR,10.31
2182,Pranav Chopra,38,South Africa,Allrounder,365,18,7089,125.1,360,8.43,35.92,CSK,15.04
2183,Aditya Verma,25,England,Batter,69,3,9241,102.9,10,8.64,39.14,CSK,11.59
2184,Amit Kulkarni,39,India,Batter,296,15,11876,100.4,5,7.91,34.63,MI,13.2
2185,Irfan Singh,42,Australia,Allrounder,453,24,5789,146.4,241,7.99,23.47,SRH,17.4
2186,Vikas Iyer,32,Australia,Wicketkeeper,197,10,6540,100.4,0,0.0,29.19,DC,8.46
2187,Harshit Reddy,38,India,Allrounder,144,5,8885,102.7,333,8.06,45.2,KKR,12.87
2188,Sandeep Verma,21,England,Wicketkeeper,35,2,11233,101.1,0,0.0,41.81,MI,10.02
2189,Sandeep Khan,42,South Africa,Wicketkeeper,207,11,11928,116.4,0,0.0,47.61,DC,14.81
2190,Irfan Deshmukh,23,England,Bowler,93,4,2490,133.4,880,4.89,28.25,KKR,14.09
2191,Vikas Malik,39,India,Batter,323,12,14642,147.4,12,8.5,24.44,GT,19.33
2192,Pranav Naidu,29,Australia,Batter,139,6,12153,130.6,10,9.03,24.45,GT,15.65
2193,Harshit Kulkarni,18,Australia,Wicketkeeper,22,1,2624,120.7,0,0.0,25.63,SRH,3.79
2194,Sameer Kulkarni,24,India,Batter,52,3,10884,140.5,15,8.45,23.7,GT,13.07
2195,Arjun Malik,23,India,Bowler,23,1,3249,143.9,118,5.92,52.77,DC,6.21
2196,Manoj Verma,20,England,Bowler,39,2,1858,152.0,190,5.95,38.75,MI,6.89
2197,Rahul Yadav,28,England,Bowler,169,6,3629,145.9,299,5.5,37.25,RCB,10.3
2198,Vikas Shetty,31,Sri Lanka,Batter,228,8,8198,124.4,1,7.65,49.64,RR,12.16
2199,Aditya Malik,18,Australia,Bowler,17,1,144,119.2,874,7.16,31.67,MI,13.7
2200,Manoj Mehta,29,India,Wicketkeeper,89,3,11080,124.5,0,0.0,40.05,GT,15.8
2201,Nikhil Deshmukh,33,Sri Lanka,Batter,136,9,7451,142.6,11,6.83,37.03,RCB,11.48
2202,Manoj Iyer,22,England,Allrounder,47,2,8128,101.4,454,6.17,28.36,RCB,12.19
2203,Amit Singh,42,West Indies,Wicketkeeper,316,14,9869,152.0,0,0.0,30.68,PBKS,13.4
2204,Rohan Malik,35,India,Allrounder,351,15,7284,122.6,212,5.59,30.75,RCB,14.83
2205,Arjun Kulkarni,34,South Africa,Allrounder,258,11,8025,114.4,483,5.12,39.04,DC,16.2
2206,Sandeep Chopra,28,Australia,Allrounder,180,10,2179,116.4,455,6.93,35.66,RCB,13.98
2207,Amit Iyer,40,India,Allrounder,220,14,2777,117.6,450,8.38,29.04,CSK,13.76
2208,Nikhil Kulkarni,27,India,Bowler,120,6,537,122.5,738,4.93,46.58,KKR,15.96
2209,Rahul Yadav,21,England,Allrounder,40,2,5436,137.6,57,5.72,20.74,CSK,8.15
2210,Arjun Deshmukh,34,India,Wicketkeeper,141,7,7468,120.1,0,0.0,47.16,RCB,11.04
2211,Manoj Mehta,27,Sri Lanka,Wicketkeeper,171,9,10685,115.3,0,0.0,39.73,PBKS,13.94
2212,Karthik Khan,40,Australia,Wicketkeeper,202,8,9271,107.3,0,0.0,45.97,LSG,13.03
2213,Ankit Malik,22,India,Bowler,26,1,1179,146.2,294,4.2,26.94,GT,9.04
2214,Aditya Chopra,20,India,Bowler,21,1,3425,116.2,144,7.32,45.29,MI,5.65
2215,Sameer Malik,22,Australia,Bowler,49,2,379,149.4,140,5.21,24.43,CSK,6.43
2216,Sameer Patel,30,India,Batter,286,12,7299,124.6,15,6.62,22.87,GT,13.12
2217,Ankit Sharma,23,India,Wicketkeeper,54,2,10227,106.8,0,0.0,53.03,GT,12.33
2218,Pranav Naidu,30,India,Batter,224,9,10865,117.6,14,9.42,52.32,RCB,18.38
2219,Arjun Kulkarni,28,Sri Lanka,Allrounder,92,5,4604,111.2,119,6.91,44.58,SRH,9.02
2220,Sandeep Mehta,36,West Indies,Allrounder,56,2,7853,154.3,477,7.31,29.28,MI,11.89
2221,Sameer Kulkarni,39,India,Wicketkeeper,411,15,4175,135.3,0,0.0,21.82,GT,12.76
2222,Aditya Naidu,30,Sri Lanka,Bowler,20,1,259,95.2,548,4.43,54.98,MI,12.01
2223,Karthik Shetty,39,India,Bowler,108,7,1334,142.2,266,7.05,37.84,KKR,8.92
2224,Aditya Reddy,23,India,Bowler,53,2,1749,104.1,898,5.14,29.96,RCB,15.85
2225,Pranav Verma,28,West Indies,Batter,290,10,5357,140.4,7,7.32,38.89,KKR,13.98
2226,Aditya Yadav,23,West Indies,Allrounder,58,3,4123,96.1,324,5.27,23.58,PBKS,10.94
2227,Rahul Naidu,27,Sri Lanka,Wicketkeeper,103,5,5147,119.6,0,0.0,52.66,LSG,9.08
2228,Amit Mehta,30,Australia,Bowler,107,5,2365,143.1,873,6.42,36.32,DC,13.47
2229,Sandeep Khan,33,Sri Lanka,Batter,150,10,6060,101.5,5,7.27,50.66,LSG,11.36
2230,Amit Singh,32,Sri Lanka,Bowler,54,2,2158,105.1,589,6.98,37.93,KKR,9.96
2231,Karthik Deshmukh,41,India,Bowler,97,4,3896,132.5,651,5.85,53.12,DC,15.0
2232,Sandeep Sharma,34,India,Bowler,221,8,1492,127.4,486,6.2,21.76,MI,11.19
2233,Sandeep Sharma,41,Australia,Bowler,54,2,2270,106.2,580,4.24,21.14,CSK,12.46
2234,Ankit Kulkarni,37,England,Wicketkeeper,395,15,10926,139.6,0,0.0,45.32,KKR,15.5
2235,Pranav Chopra,29,India,Bowler,47,3,827,145.2,97,4.52,25.42,RR,8.64
2236,Sameer Reddy,26,England,Bowler,89,5,1885,109.9,148,5.14,33.03,MI,7.22
2237,Irfan Deshmukh,29,India,Bowler,46,3,3190,124.3,232,4.97,34.26,PBKS,8.15
2238,Harshit Khan,38,England,Bowler,297,19,378,98.4,390,7.75,24.98,PBKS,11.33
2239,Pranav Malik,24,India,Allrounder,63,4,6514,132.6,461,5.18,21.91,GT,14.39
2240,Karthik Patel,24,Sri Lanka,Wicketkeeper,17,1,4386,145.2,0,0.0,37.92,KKR,8.25
2241,Pranav Iyer,22,India,Batter,73,4,5578,128.7,3,7.84,25.98,RCB,10.23
2242,Karthik Shetty,39,India,Wicketkeeper,254,15,3962,106.9,0,0.0,31.16,RCB,13.62
2243,Manoj Patel,21,India,Wicketkeeper,16,1,4481,130.6,0,0.0,27.35,RCB,6.51
2244,Sandeep Deshmukh,37,West Indies,Wicketkeeper,54,2,9670,102.0,0,0.0,53.95,DC,12.28
2245,Amit Verma,25,India,Bowler,43,2,1557,143.2,425,4.08,47.58,PBKS,11.98
2246,Pranav Iyer,24,Australia,Batter,141,5,4697,103.1,4,7.04,25.1,LSG,6.42
2247,Rahul Patel,42,India,Bowler,292,10,2797,133.6,484,6.65,47.4,SRH,12.53
2248,Sameer Singh,38,England,Bowler,323,17,614,136.5,690,7.56,25.45,CSK,15.56
2249,Amit Malik,27,India,Bowler,194,7,3468,145.5,455,4.93,27.33,PBKS,15.16
2250,Harshit Deshmukh,29,India,Batter,196,7,13927,137.2,11,6.25,34.09,CSK,17.11
2251,Harshit Patel,22,Sri Lanka,Batter,67,4,5324,134.0,8,9.22,23.16,KKR,9.74
2252,Arjun Singh,24,England,Allrounder,84,4,4014,110.5,430,8.32,31.8,GT,8.34
2253,Rohan Patel,22,India,Batter,34,2,10894,98.1,1,7.41,37.38,RCB,11.44
2254,Nikhil Iyer,31,India,Allrounder,47,2,5553,119.1,182,5.43,32.27,LSG,9.28
2255,Karthik Deshmukh,19,South Africa,Batter,28,1,12679,143.2,0,8.7,25.37,MI,12.34
2256,Sandeep Malik,31,West Indies,Bowler,101,4,3871,117.4,189,5.39,25.3,SRH,8.74
2257,Irfan Iyer,28,India,Allrounder,179,6,7319,137.4,483,7.79,26.66,CSK,14.63
2258,Amit Patel,27,England,Bowler,27,1,3918,101.3,588,5.39,41.99,CSK,8.39
2259,Manoj Khan,36,India,Allrounder,319,15,5127,154.2,342,5.42,47.32,SRH,17.3
2260,Rohan Reddy,39,India,Allrounder,244,12,5428,129.7,470,6.37,51.9,RCB,16.59
2261,Karthik Reddy,21,India,Allrounder,16,1,6046,105.5,70,6.94,33.25,CSK,9.22
2262,Amit Yadav,42,South Africa,Batter,95,4,6765,133.7,3,8.95,42.78,CSK,11.05
2263,Harshit Patel,32,India,Allrounder,159,7,5729,148.6,61,8.03,52.19,LSG,10.88
2264,Harshit Deshmukh,35,Sri Lanka,Batter,18,1,5426,127.6,0,6.33,45.92,DC,8.91
2265,Aditya Sharma,41,India,Allrounder,72,4,5664,131.4,61,7.65,25.84,LSG,10.71
2266,Vikas Sharma,31,India,Batter,162,8,4305,138.2,1,8.79,23.01,LSG,8.36
2267,Karthik Verma,27,South Africa,Allrounder,112,6,2435,105.4,400,6.62,31.81,KKR,10.77
2268,Nikhil Reddy,24,England,Batter,26,1,10320,119.0,13,6.06,39.25,RCB,10.04
2269,Karthik Sharma,40,India,Allrounder,353,14,1544,134.8,210,7.17,49.27,KKR,13.77
2270,Nikhil Reddy,24,Sri Lanka,Bowler,122,6,3433,102.2,527,4.82,49.8,RCB,12.88
2271,Rahul Singh,30,India,Bowler,172,7,985,153.5,221,4.6,49.49,PBKS,10.54
2272,Amit Sharma,40,South Africa,Batter,346,16,9972,153.9,3,7.75,23.41,SRH,14.65
2273,Harshit Patel,27,India,Batter,147,6,12642,133.3,15,7.06,32.25,MI,15.64
2274,Sameer Verma,39,India,Batter,416,15,13733,98.9,8,9.25,39.23,CSK,16.97
2275,Irfan Deshmukh,36,Australia,Batter,193,8,3049,134.2,10,8.07,28.95,PBKS,7.24
2276,Ankit Shetty,25,India,Batter,122,6,13003,145.6,1,7.28,26.82,RCB,16.45
2277,Sameer Khan,36,West Indies,Wicketkeeper,276,10,6164,144.6,0,0.0,39.69,RR,11.2
2278,Karthik Mehta,38,India,Bowler,71,3,1565,137.8,697,6.9,27.26,LSG,14.31
2279,Manoj Khan,35,India,Batter,188,10,6543,147.1,15,7.99,35.12,RR,13.67
2280,Karthik Mehta,27,India,Wicketkeeper,22,1,5354,153.0,0,0.0,35.83,SRH,8.4
2281,Sandeep Yadav,42,Australia,Wicketkeeper,314,11,11813,103.6,0,0.0,33.63,GT,13.2
2282,Harshit Sharma,21,Australia,Wicketkeeper,55,3,9558,152.1,0,0.0,31.19,MI,12.74
2283,Vikas Naidu,39,West Indies,Batter,133,5,11856,147.9,5,9.04,32.26,CSK,12.16
2284,Amit Malik,21,India,Wicketkeeper,23,1,4057,100.0,0,0.0,45.36,RCB,7.38
2285,Ankit Kulkarni,35,West Indies,Bowler,83,3,2066,142.0,878,5.18,35.49,PBKS,16.12
2286,Sameer Patel,36,Sri Lanka,Bowler,230,15,2993,141.7,630,5.84,33.38,MI,16.12
2287,Irfan Malik,34,West Indies,Batter,252,10,7260,117.6,9,7.55,32.86,MI,11.27
2288,Harshit Patel,35,England,Bowler,141,5,2101,143.5,835,6.0,32.66,LSG,14.74
2289,Arjun Singh,25,India,Wicketkeeper,144,5,5327,126.5,0,0.0,43.48,LSG,13.13
2290,Arjun Sharma,19,Sri Lanka,Allrounder,25,1,5377,111.7,381,5.94,52.67,RR,12.42
2291,Manoj Mehta,20,Australia,Bowler,27,1,374,129.6,862,6.75,42.67,MI,14.73
2292,Arjun Khan,38,Australia,Bowler,55,3,2457,132.1,766,4.11,37.83,LSG,14.4
2293,Karthik Deshmukh,31,Sri Lanka,Bowler,147,9,1094,116.6,124,6.07,22.85,RR,6.37
2294,Aditya Patel,36,India,Bowler,328,12,1734,152.0,195,4.73,34.3,SRH,11.49
2295,Karthik Khan,29,India,Batter,127,7,10987,98.2,9,7.63,21.31,GT,13.17
2296,Ankit Deshmukh,39,England,Bowler,324,18,3190,127.3,551,6.73,37.8,RR,15.37
2297,Rohan Kulkarni,36,South Africa,Bowler,374,13,2620,139.7,369,4.92,25.89,CSK,15.29
2298,Arjun Yadav,37,South Africa,Wicketkeeper,201,13,6852,106.4,0,0.0,36.12,SRH,11.74
2299,Sandeep Patel,32,India,Allrounder,174,9,6094,109.8,213,6.0,42.58,LSG,11.37
2300,Sandeep Khan,21,India,Bowler,56,2,2581,144.5,496,6.47,34.62,DC,12.67
2301,Arjun Mehta,26,Australia,Batter,79,3,9555,111.4,7,6.26,54.3,KKR,10.31
2302,Sandeep Verma,37,Sri Lanka,Wicketkeeper,34,2,11137,130.8,0,0.0,44.84,RR,11.09
2303,Manoj Sharma,32,India,Batter,172,10,7913,126.1,2,6.03,21.31,PBKS,12.81
2304,Ankit Kulkarni,24,India,Bowler,21,1,2927,150.2,497,6.16,53.89,PBKS,13.89
2305,Karthik Deshmukh,21,India,Bowler,25,1,764,122.5,334,6.05,53.08,RR,12.82
2306,Arjun Chopra,19,South Africa,Allrounder,25,1,7887,98.9,464,7.36,36.3,MI,11.34
2307,Ankit Khan,40,Australia,Bowler,30,1,592,123.2,348,4.91,35.94,SRH,7.81
2308,Manoj Singh,21,India,Batter,89,3,7737,116.4,8,8.04,25.75,CSK,10.94
2309,Irfan Patel,18,Sri Lanka,Wicketkeeper,17,1,10950,125.2,0,0.0,49.06,LSG,12.16
2310,Arjun Chopra,22,South Africa,Batter,74,3,12030,115.3,4,8.32,52.74,CSK,12.29
2311,Karthik Verma,21,West Indies,Batter,57,2,4713,107.6,7,9.19,21.38,RR,8.17
2312,Sameer Reddy,28,Australia,Bowler,289,10,1729,144.7,711,6.82,53.88,RR,16.47
2313,Aditya Mehta,39,West Indies,Bowler,495,18,1276,131.0,598,7.38,38.55,RR,17.27
2314,Aditya Khan,30,England,Allrounder,237,10,6319,109.8,173,5.1,36.09,MI,13.31
2315,Rahul Mehta,28,India,Batter,16,1,14263,128.4,15,8.2,45.99,RCB,15.66
2316,Sameer Deshmukh,29,England,Wicketkeeper,67,4,3653,111.8,0,0.0,39.77,CSK,8.66
2317,Pranav Deshmukh,33,India,Wicketkeeper,56,2,11311,100.3,0,0.0,34.48,CSK,11.2
2318,Vikas Reddy,42,India,Wicketkeeper,480,18,4560,140.0,0,0.0,44.27,DC,15.12
2319,Ankit Singh,21,India,Allrounder,69,3,5477,111.7,43,8.47,37.44,PBKS,7.6
2320,Harshit Iyer,19,West Indies,Allrounder,23,1,2965,121.4,64,6.15,49.99,SRH,7.78
2321,Pranav Malik,27,West Indies,Wicketkeeper,183,7,9625,136.1,0,0.0,50.89,SRH,14.71
2322,Amit Singh,31,Australia,Wicketkeeper,140,8,2735,107.2,0,0.0,50.57,RR,9.12
2323,Irfan Singh,27,Sri Lanka,Wicketkeeper,133,6,11306,98.6,0,0.0,51.1,LSG,14.73
2324,Harshit Singh,18,India,Allrounder,15,1,4982,113.9,106,6.15,37.92,KKR,9.0
2325,Rohan Shetty,25,South Africa,Allrounder,205,7,2571,97.9,477,8.29,32.33,RR,12.05
2326,Ankit Deshmukh,38,India,Wicketkeeper,103,6,8996,146.4,0,0.0,33.86,SRH,11.67
2327,Vikas Khan,38,India,Allrounder,273,11,2812,120.5,478,5.7,33.49,CSK,14.38
2328,Sandeep Verma,23,Sri Lanka,Bowler,28,1,3949,140.7,569,7.48,37.68,RCB,11.05
2329,Rohan Reddy,40,England,Wicketkeeper,643,22,3603,154.3,0,0.0,36.28,RCB,17.28
2330,Rahul Iyer,30,India,Batter,17,1,9103,110.7,8,6.2,35.26,SRH,10.44
2331,Amit Sharma,35,India,Wicketkeeper,310,17,10275,104.4,0,0.0,53.16,GT,16.51
2332,Karthik Deshmukh,36,West Indies,Wicketkeeper,320,17,5709,141.0,0,0.0,29.39,LSG,11.19
2333,Karthik Khan,20,Australia,Allrounder,29,1,2605,138.3,407,7.07,52.94,CSK,9.51
2334,Irfan Iyer,31,India,Allrounder,232,13,7483,125.9,96,8.09,47.11,RR,14.91
2335,Arjun Verma,23,Sri Lanka,Bowler,25,1,933,128.2,520,6.14,24.02,KKR,10.51
2336,Irfan Shetty,29,India,Wicketkeeper,268,10,11578,102.6,0,0.0,38.53,GT,16.28
2337,Ankit Verma,29,India,Bowler,244,11,523,96.3,206,5.02,45.3,GT,11.64
2338,Arjun Singh,39,England,Bowler,407,18,193,130.7,112,4.12,38.87,SRH,11.51
2339,Rohan Kulkarni,39,Australia,Allrounder,376,14,5327,124.1,213,8.39,22.23,DC,11.92
2340,Irfan Khan,41,India,Bowler,92,5,3868,145.5,278,6.1,54.89,MI,10.45
2341,Harshit Chopra,22,Sri Lanka,Allrounder,103,4,6585,114.2,415,6.51,51.73,PBKS,12.7
2342,Sameer Shetty,20,India,Wicketkeeper,37,2,7308,106.5,0,0.0,41.54,RR,10.55
2343,Sandeep Sharma,38,West Indies,Wicketkeeper,158,6,8717,119.3,0,0.0,21.44,KKR,9.81
2344,Sameer Naidu,39,India,Batter,173,6,11894,110.9,1,7.22,44.01,DC,11.89
2345,Irfan Sharma,20,England,Bowler,52,2,2602,111.1,279,7.61,48.4,SRH,7.95
2346,Ankit Deshmukh,19,West Indies,Bowler,19,1,1092,127.3,719,4.21,22.47,GT,12.3
2347,Sameer Verma,25,India,Bowler,89,3,3226,141.0,729,7.55,43.03,CSK,13.42
2348,Aditya Malik,41,Sri Lanka,Batter,90,4,11276,133.9,9,8.88,53.91,RR,13.69
2349,Ankit Iyer,34,Australia,Wicketkeeper,61,3,8389,137.8,0,0.0,52.36,SRH,10.76
2350,Amit Malik,26,India,Wicketkeeper,143,5,8424,126.0,0,0.0,24.1,GT,13.53
2351,Nikhil Mehta,40,Sri Lanka,Wicketkeeper,90,3,11551,126.7,0,0.0,24.44,KKR,11.95
2352,Vikas Kulkarni,21,India,Allrounder,19,1,5896,123.9,273,7.07,41.79,PBKS,11.65
2353,Harshit Mehta,34,South Africa,Wicketkeeper,270,9,10929,95.6,0,0.0,26.82,PBKS,11.11
2354,Rohan Singh,42,India,Batter,136,5,4714,152.0,8,7.72,33.43,LSG,12.05
2355,Rohan Reddy,32,India,Bowler,187,11,3530,137.9,826,5.61,41.13,KKR,18.77
2356,Aditya Verma,37,Australia,Wicketkeeper,337,18,5837,112.9,0,0.0,34.38,RCB,12.09
2357,Sandeep Chopra,35,India,Wicketkeeper,192,8,4190,108.1,0,0.0,53.81,KKR,11.38
2358,Amit Reddy,22,India,Wicketkeeper,20,1,10971,102.8,0,0.0,33.01,RCB,9.11
2359,Sandeep Iyer,34,India,Bowler,56,2,479,108.3,95,4.1,47.32,MI,8.02
2360,Sameer Sharma,23,India,Bowler,52,2,2138,99.8,475,4.76,36.61,CSK,10.56
2361,Rahul Sharma,32,West Indies,Wicketkeeper,185,7,11644,95.6,0,0.0,22.97,CSK,10.36
2362,Rahul Sharma,39,India,Wicketkeeper,449,16,7341,143.5,0,0.0,47.0,GT,15.34
2363,Harshit Patel,24,India,Wicketkeeper,60,3,11560,149.9,0,0.0,49.91,SRH,16.11
2364,Pranav Patel,27,West Indies,Bowler,96,6,3220,98.1,574,6.6,47.4,PBKS,11.24
2365,Vikas Singh,26,South Africa,Bowler,180,7,1295,142.9,772,7.21,37.8,SRH,16.83
2366,Vikas Deshmukh,21,Sri Lanka,Batter,27,1,5988,145.7,0,6.82,45.45,CSK,8.55
2367,Aditya Mehta,29,Sri Lanka,Allrounder,84,5,4214,104.3,50,8.43,27.9,RR,5.37
2368,Manoj Khan,40,South Africa,Wicketkeeper,38,2,4007,107.7,0,0.0,47.74,RR,5.52
2369,Sameer Singh,20,India,Wicketkeeper,17,1,6183,106.2,0,0.0,22.33,SRH,9.63
2370,Arjun Singh,27,South Africa,Wicketkeeper,23,1,10191,154.9,0,0.0,20.87,MI,10.9
2371,Harshit Chopra,19,South Africa,Allrounder,28,1,5991,116.9,143,7.92,49.46,KKR,7.65
2372,Manoj Chopra,27,South Africa,Bowler,175,9,1590,149.1,701,6.11,52.42,PBKS,15.3
2373,Arjun Yadav,32,South Africa,Batter,337,13,12100,99.5,3,6.03,28.76,GT,15.55
2374,Harshit Mehta,33,England,Wicketkeeper,142,9,8578,135.2,0,0.0,51.09,MI,14.11
2375,Ankit Naidu,36,Sri Lanka,Bowler,306,14,95,131.4,789,5.75,26.6,MI,19.14
2376,Amit Patel,37,South Africa,Bowler,232,8,2873,153.0,862,7.06,29.4,RCB,16.07
2377,Manoj Sharma,29,India,Bowler,190,8,3501,100.2,85,5.88,39.57,SRH,7.45
2378,Sameer Iyer,42,Sri Lanka,Allrounder,469,19,4249,103.7,301,6.76,35.47,MI,14.21
2379,Karthik Naidu,28,India,Wicketkeeper,51,2,4760,115.0,0,0.0,38.26,SRH,9.67
2380,Nikhil Iyer,33,India,Wicketkeeper,144,5,11534,130.1,0,0.0,20.3,MI,12.58
2381,Nikhil Deshmukh,22,South Africa,Batter,53,3,10139,137.8,8,8.66,32.82,PBKS,10.07
2382,Nikhil Naidu,23,West Indies,Bowler,48,2,304,140.3,540,4.2,53.43,DC,12.03
2383,Rohan Khan,19,India,Allrounder,26,1,7078,114.4,190,5.84,26.43,RCB,10.23
2384,Ankit Reddy,29,India,Batter,120,8,12469,104.3,4,8.02,32.47,GT,14.3
2385,Irfan Sharma,22,India,Wicketkeeper,48,3,3538,136.8,0,0.0,39.6,PBKS,8.36
2386,Sameer Deshmukh,38,South Africa,Bowler,265,13,3893,120.2,134,5.47,39.67,DC,9.13
2387,Irfan Iyer,32,Sri Lanka,Bowler,56,3,2060,99.7,246,4.02,50.84,SRH,7.23
2388,Amit Sharma,35,Sri Lanka,Allrounder,298,11,6840,137.4,458,5.27,52.2,MI,17.34
2389,Aditya Verma,34,India,Bowler,101,6,558,117.2,509,5.03,39.91,LSG,14.21
2390,Amit Naidu,20,India,Allrounder,55,2,4378,151.5,327,8.09,45.88,MI,9.36
2391,Rahul Mehta,38,India,Batter,49,2,5916,135.1,14,6.3,34.36,DC,8.66
2392,Ankit Iyer,21,India,Batter,47,3,8942,97.9,7,7.65,26.69,RR,8.13
2393,Vikas Sharma,32,Sri Lanka,Bowler,17,1,3316,122.2,520,7.0,30.56,CSK,8.82
2394,Amit Naidu,36,India,Batter,294,11,12404,146.3,9,7.34,46.21,SRH,18.2
2395,Vikas Shetty,35,West Indies,Allrounder,284,11,4884,102.1,343,5.95,28.82,RCB,11.11
2396,Ankit Iyer,35,Australia,Wicketkeeper,140,7,10236,150.2,0,0.0,40.36,PBKS,12.24
2397,Irfan Deshmukh,42,West Indies,Wicketkeeper,119,4,4814,127.0,0,0.0,40.87,MI,7.41
2398,Harshit Chopra,33,India,Allrounder,117,4,7812,143.4,411,6.28,38.32,MI,14.83
2399,Rohan Singh,42,India,Batter,67,3,12199,102.7,12,6.41,38.79,CSK,12.61
2400,Rahul Naidu,25,India,Bowler,136,6,1793,113.5,342,7.56,50.43,SRH,9.53
2401,Irfan Khan,34,South Africa,Allrounder,187,8,1995,109.9,247,7.67,21.27,RCB,9.5
2402,Aditya Reddy,26,India,Batter,180,7,11977,138.7,7,6.36,26.99,LSG,14.91
2403,Sameer Chopra,40,India,Allrounder,212,9,2948,125.1,202,6.3,45.39,GT,11.89
2404,Manoj Khan,25,West Indies,Allrounder,63,4,4210,119.4,211,5.4,36.98,RCB,11.68
2405,Sameer Verma,19,South Africa,Wicketkeeper,26,1,9856,127.4,0,0.0,48.64,CSK,12.32
2406,Rahul Singh,37,India,Allrounder,217,11,6124,143.5,133,5.6,44.25,RR,12.39
2407,Arjun Khan,41,England,Batter,18,1,3696,137.0,15,7.95,34.42,DC,7.43
2408,Pranav Mehta,38,India,Batter,175,10,4365,134.9,3,6.48,38.36,MI,12.21
2409,Rahul Mehta,32,India,Wicketkeeper,279,13,7332,133.4,0,0.0,31.83,CSK,13.1
2410,Amit Kulkarni,40,India,Wicketkeeper,387,15,2889,149.4,0,0.0,40.56,RCB,14.87
2411,Sameer Yadav,30,Australia,Allrounder,358,12,2181,122.0,389,5.3,46.47,DC,16.41
2412,Pranav Iyer,23,Sri Lanka,Batter,25,1,12271,124.7,11,8.78,51.32,RCB,11.09
2413,Irfan Reddy,19,India,Bowler,25,1,454,119.6,425,5.02,51.45,CSK,9.41
2414,Sameer Khan,24,Australia,Bowler,146,6,2595,136.1,712,7.41,50.06,DC,14.98
2415,Rohan Sharma,28,India,Wicketkeeper,29,1,5633,100.3,0,0.0,50.27,LSG,9.83
2416,Sameer Singh,22,England,Batter,101,4,3459,105.7,7,7.12,28.38,PBKS,7.04
2417,Amit Reddy,39,India,Batter,64,3,14818,110.1,0,7.46,31.22,SRH,14.51
2418,Amit Verma,24,India,Batter,94,6,6514,112.8,13,6.47,40.03,DC,11.28
2419,Rahul Chopra,19,India,Batter,22,1,13714,115.8,10,7.55,46.13,SRH,12.28
2420,Ankit Shetty,37,England,Allrounder,177,6,6145,140.4,214,8.13,31.62,KKR,12.19
2421,Manoj Patel,22,India,Allrounder,28,1,5488,104.1,331,7.61,24.56,CSK,11.5
2422,Manoj Mehta,36,West Indies,Batter,16,1,4207,143.5,12,7.21,28.62,RR,6.75
2423,Rohan Sharma,40,Sri Lanka,Wicketkeeper,353,15,6875,98.8,0,0.0,24.61,KKR,11.71
2424,Aditya Khan,40,India,Bowler,621,22,3474,133.0,375,7.26,28.86,KKR,15.44
2425,Amit Sharma,27,Sri Lanka,Bowler,148,6,1544,126.7,856,6.11,42.94,RR,16.75
2426,Amit Yadav,23,England,Allrounder,45,3,2097,146.9,292,5.82,30.83,RCB,10.11
2427,Rohan Iyer,24,India,Allrounder,78,4,2366,96.0,275,7.43,33.04,RR,9.59
2428,Nikhil Sharma,35,India,Bowler,191,9,3232,127.6,306,5.34,22.55,RCB,13.1
2429,Rahul Sharma,27,India,Batter,172,6,9910,108.1,1,8.77,43.7,CSK,13.27
2430,Pranav Shetty,29,West Indies,Batter,118,4,9783,128.7,8,8.81,45.93,GT,13.04
2431,Sameer Khan,25,India,Bowler,27,1,1608,116.3,534,6.52,48.31,MI,10.29
2432,Nikhil Khan,25,Australia,Bowler,191,7,1370,129.3,547,5.12,46.09,CSK,13.34
2433,Ankit Malik,28,India,Wicketkeeper,172,10,5301,117.7,0,0.0,30.6,PBKS,11.36
2434,Sandeep Reddy,36,India,Allrounder,271,14,4933,144.1,383,6.61,52.55,CSK,16.52
2435,Karthik Singh,23,West Indies,Bowler,20,1,318,134.7,341,6.07,51.61,DC,7.41
2436,Aditya Mehta,32,India,Batter,236,8,10289,108.9,3,6.34,44.81,RCB,14.65
2437,Vikas Deshmukh,20,India,Bowler,35,2,774,146.4,521,7.13,34.53,GT,11.95
2438,Pranav Shetty,40,India,Batter,98,6,8776,121.3,3,6.31,28.08,PBKS,10.94
2439,Pranav Singh,34,India,Batter,351,16,4743,141.3,3,7.02,22.64,PBKS,11.7
2440,Arjun Singh,34,West Indies,Bowler,350,14,334,120.7,827,7.14,40.86,DC,19.88
2441,Aditya Naidu,36,India,Wicketkeeper,262,11,11609,100.4,0,0.0,31.81,RCB,16.61
2442,Harshit Shetty,34,India,Batter,45,2,11765,152.7,6,6.31,48.25,DC,13.33
2443,Arjun Khan,20,Sri Lanka,Bowler,58,2,706,108.4,601,5.75,52.67,PBKS,12.16
2444,Irfan Sharma,26,West Indies,Allrounder,107,6,2877,104.7,409,6.21,39.71,MI,10.24
2445,Amit Sharma,42,West Indies,Bowler,294,16,2519,95.2,381,7.59,28.33,RCB,11.67
2446,Sandeep Kulkarni,35,India,Bowler,107,5,363,105.3,364,7.57,23.96,RCB,9.98
2447,Pranav Yadav,26,West Indies,Allrounder,215,8,2398,146.7,73,7.0,36.7,RCB,9.97
2448,Aditya Sharma,31,India,Bowler,106,6,147,135.8,729,7.78,22.59,RCB,13.46
2449,Sameer Deshmukh,24,India,Allrounder,19,1,2569,119.5,407,8.47,30.06,RCB,9.08
2450,Irfan Khan,32,India,Allrounder,151,8,4555,113.3,407,6.95,23.03,RCB,11.78
2451,Arjun Patel,24,England,Bowler,16,1,1667,122.0,339,4.01,49.29,RR,7.91
2452,Pranav Malik,30,England,Batter,105,4,12746,155.0,7,8.0,30.04,CSK,14.16
2453,Ankit Reddy,32,India,Wicketkeeper,198,8,11302,111.8,0,0.0,25.59,PBKS,13.3
2454,Pranav Sharma,25,India,Batter,43,2,14184,112.1,2,6.57,47.75,RCB,15.64
2455,Irfan Mehta,33,India,Wicketkeeper,149,5,11198,149.3,0,0.0,54.13,CSK,17.61
2456,Rohan Yadav,24,Australia,Batter,17,1,13159,147.9,12,6.81,31.49,GT,12.29
2457,Nikhil Patel,30,India,Bowler,71,3,1994,147.2,94,4.43,42.26,KKR,8.48
2458,Manoj Chopra,34,South Africa,Allrounder,56,2,8933,120.8,241,5.58,30.05,DC,11.47
2459,Manoj Yadav,32,India,Batter,216,13,12344,122.2,12,8.58,54.62,RR,17.93
2460,Rohan Mehta,29,Australia,Batter,128,6,13748,116.3,1,6.19,36.87,SRH,14.34
2461,Vikas Kulkarni,32,India,Wicketkeeper,196,7,6181,125.2,0,0.0,31.06,SRH,12.87
2462,Amit Verma,36,South Africa,Allrounder,252,14,5216,147.5,137,7.55,52.86,PBKS,13.37
2463,Sandeep Reddy,22,India,Wicketkeeper,39,2,4906,143.3,0,0.0,49.77,MI,9.01
2464,Pranav Iyer,26,West Indies,Wicketkeeper,104,4,7752,128.0,0,0.0,48.91,DC,12.21
2465,Pranav Chopra,26,India,Batter,79,3,11077,118.9,3,7.06,31.09,GT,13.98
2466,Sandeep Kulkarni,41,Australia,Wicketkeeper,343,20,11853,123.0,0,0.0,30.0,KKR,15.09
2467,Vikas Yadav,39,England,Allrounder,256,13,8769,113.8,108,8.37,23.43,GT,11.71
2468,Sandeep Khan,41,India,Wicketkeeper,243,10,11210,126.6,0,0.0,22.0,DC,15.45
2469,Rohan Yadav,25,India,Bowler,32,2,322,108.2,803,4.42,36.25,CSK,15.45
2470,Manoj Sharma,29,Australia,Wicketkeeper,259,11,10149,121.0,0,0.0,47.99,DC,15.91
2471,Sameer Deshmukh,42,Australia,Wicketkeeper,615,24,7920,139.4,0,0.0,34.92,PBKS,20.0
2472,Aditya Shetty,32,India,Allrounder,151,7,3465,114.0,263,6.17,47.09,DC,11.36
2473,Irfan Verma,29,South Africa,Wicketkeeper,278,10,8763,98.1,0,0.0,20.45,RR,10.22
2474,Sameer Verma,20,India,Bowler,35,2,1405,123.6,372,7.02,24.58,RCB,9.43
2475,Nikhil Singh,29,Australia,Batter,17,1,8598,151.0,5,6.82,50.08,PBKS,12.34
2476,Ankit Shetty,42,South Africa,Bowler,296,13,1237,123.9,537,6.7,38.21,DC,13.19
2477,Amit Naidu,23,India,Bowler,22,1,1507,152.9,875,7.71,27.53,SRH,16.64
2478,Rohan Iyer,40,India,Batter,431,19,3862,106.8,8,8.84,27.47,RR,11.07
2479,Vikas Shetty,38,South Africa,Bowler,329,18,1232,119.3,875,6.57,52.6,RCB,19.67
2480,Aditya Shetty,28,Sri Lanka,Bowler,147,5,1690,125.7,305,4.34,52.15,CSK,9.68
2481,Rahul Khan,39,India,Bowler,361,15,2644,104.4,782,7.44,32.83,CSK,20.0
2482,Arjun Malik,41,India,Wicketkeeper,69,4,4470,132.1,0,0.0,25.58,DC,11.28
2483,Rahul Khan,20,Australia,Wicketkeeper,40,2,5062,153.1,0,0.0,52.02,GT,8.6
2484,Aditya Khan,24,South Africa,Allrounder,77,3,8033,102.3,275,5.58,22.99,RCB,9.92
2485,Amit Patel,26,India,Wicketkeeper,95,5,2914,149.6,0,0.0,26.78,LSG,10.8
2486,Harshit Singh,40,India,Wicketkeeper,482,17,10082,120.0,0,0.0,35.71,RCB,17.22
2487,Manoj Kulkarni,32,South Africa,Wicketkeeper,57,3,5694,130.9,0,0.0,22.51,DC,8.21
2488,Rohan Khan,32,India,Batter,26,1,5498,150.9,14,6.79,51.79,CSK,11.05
2489,Sameer Khan,35,England,Batter,86,3,11505,96.2,1,8.73,31.45,DC,8.26
2490,Karthik Malik,19,India,Bowler,17,1,1266,111.5,270,6.39,51.84,RCB,7.9
2491,Rahul Reddy,28,Australia,Bowler,149,8,3963,99.3,667,6.41,51.82,CSK,13.31
2492,Harshit Reddy,40,India,Bowler,91,4,673,99.7,115,7.64,38.63,GT,5.54
2493,Manoj Mehta,24,England,Bowler,19,1,2122,118.6,874,5.15,26.29,DC,16.37
2494,Nikhil Kulkarni,30,Sri Lanka,Batter,60,3,8635,152.5,4,8.02,37.61,RCB,9.97
2495,Irfan Khan,41,India,Allrounder,217,12,2884,132.2,117,5.29,31.91,KKR,12.98
2496,Aditya Mehta,38,West Indies,Bowler,379,15,2490,121.1,258,7.25,26.75,KKR,10.83
2497,Irfan Naidu,18,England,Allrounder,22,1,2558,141.1,156,5.67,29.3,KKR,7.36
2498,Arjun Singh,31,Sri Lanka,Batter,155,7,4501,107.4,1,8.69,31.26,CSK,9.16
2499,Arjun Iyer,35,Sri Lanka,Batter,426,15,4979,151.6,5,7.63,52.61,RR,15.23
2500,Rahul Sharma,24,India,Batter,69,4,9495,116.5,3,6.72,25.23,LSG,12.18
2501,Sameer Chopra,29,India,Bowler,187,11,3947,122.6,584,5.94,51.53,GT,16.76
2502,Sameer Deshmukh,39,West Indies,Wicketkeeper,447,21,9095,150.8,0,0.0,33.42,SRH,16.55
2503,Karthik Shetty,33,India,Allrounder,69,4,3218,148.8,150,6.72,48.23,SRH,10.13
2504,Sandeep Khan,40,India,Bowler,88,5,3089,114.2,702,4.01,34.76,GT,14.05
2505,Ankit Chopra,27,India,Bowler,98,5,731,107.0,831,4.87,21.32,PBKS,15.88
2506,Manoj Iyer,29,England,Batter,132,7,9088,110.8,1,8.25,21.83,PBKS,14.08
2507,Irfan Shetty,30,India,Wicketkeeper,114,4,4379,108.9,0,0.0,48.07,KKR,11.62
2508,Manoj Kulkarni,35,Australia,Allrounder,33,2,8280,124.0,160,7.98,34.56,LSG,7.63
2509,Vikas Malik,18,Australia,Allrounder,18,1,6851,107.0,327,8.42,27.54,GT,7.15
2510,Sameer Kulkarni,28,India,Batter,69,3,5859,105.4,12,7.02,33.28,MI,9.96
2511,Pranav Reddy,39,Sri Lanka,Allrounder,51,2,4493,131.9,237,8.19,34.42,KKR,9.16
2512,Harshit Naidu,20,England,Allrounder,40,2,3559,97.9,331,8.27,27.36,CSK,8.52
2513,Ankit Patel,20,Australia,Batter,17,1,4269,131.9,10,7.98,21.38,RR,5.9
2514,Amit Mehta,28,South Africa,Allrounder,180,7,3232,133.9,342,6.41,44.43,MI,12.09
2515,Ankit Shetty,28,India,Wicketkeeper,181,8,2508,133.3,0,0.0,31.22,RCB,10.9
2516,Sandeep Reddy,22,India,Allrounder,17,1,6601,120.6,483,5.33,24.51,RCB,12.67
2517,Sandeep Deshmukh,38,India,Batter,318,16,4200,123.5,6,9.32,31.1,MI,9.67
2518,Sameer Mehta,36,Sri Lanka,Wicketkeeper,188,8,11782,141.0,0,0.0,37.43,RR,13.98
2519,Amit Mehta,38,Sri Lanka,Wicketkeeper,280,15,3715,113.6,0,0.0,48.42,GT,10.03
2520,Sameer Naidu,23,India,Wicketkeeper,111,4,5537,147.0,0,0.0,43.56,KKR,11.92
2521,Pranav Shetty,22,Sri Lanka,Wicketkeeper,81,4,11949,97.8,0,0.0,39.82,CSK,15.05
2522,Ankit Yadav,34,Australia,Wicketkeeper,291,16,4388,140.8,0,0.0,24.78,KKR,12.24
2523,Ankit Verma,37,India,Wicketkeeper,77,3,11973,108.7,0,0.0,50.89,KKR,13.06
2524,Vikas Patel,38,India,Bowler,205,11,495,140.2,680,4.08,36.58,RCB,18.11
2525,Harshit Singh,20,South Africa,Batter,38,2,7633,95.4,14,7.56,48.68,LSG,9.06
2526,Aditya Sharma,27,India,Batter,173,8,12195,127.4,14,7.26,43.71,CSK,16.66
2527,Arjun Kulkarni,30,Sri Lanka,Allrounder,126,5,3939,152.4,333,7.46,38.6,RR,12.21
2528,Sameer Verma,32,South Africa,Wicketkeeper,201,10,8818,119.0,0,0.0,53.38,MI,15.66
2529,Rohan Malik,29,India,Batter,107,7,9663,112.9,7,8.25,24.43,DC,10.9
2530,Karthik Yadav,29,South Africa,Bowler,124,6,2314,116.7,516,7.2,43.12,CSK,11.84
2531,Karthik Patel,37,England,Wicketkeeper,107,6,11827,123.2,0,0.0,26.96,MI,10.95
2532,Ankit Yadav,40,England,Bowler,346,13,1908,98.6,816,6.29,34.47,CSK,18.19
2533,Ankit Patel,18,West Indies,Allrounder,20,1,5290,121.2,251,6.91,46.2,RCB,7.9
2534,Rohan Yadav,39,England,Wicketkeeper,183,7,7251,144.7,0,0.0,46.99,MI,11.52
2535,Ankit Khan,34,South Africa,Wicketkeeper,276,11,6563,97.3,0,0.0,26.79,SRH,10.39
2536,Irfan Khan,27,India,Allrounder,129,6,7308,151.1,171,6.88,49.22,SRH,14.77
2537,Manoj Mehta,20,India,Batter,54,2,12952,113.2,7,8.95,35.03,PBKS,14.29
2538,Nikhil Naidu,40,India,Allrounder,204,9,8684,104.4,249,6.65,21.09,SRH,11.72
2539,Sandeep Yadav,26,England,Bowler,28,1,525,109.4,699,7.6,28.4,CSK,11.4
2540,Nikhil Kulkarni,41,West Indies,Bowler,389,16,3514,150.7,356,4.32,40.29,GT,13.36
2541,Rahul Sharma,21,Sri Lanka,Bowler,19,1,250,149.7,787,6.53,32.1,PBKS,11.27
2542,Harshit Sharma,23,England,Wicketkeeper,24,1,10996,132.3,0,0.0,21.36,LSG,10.24
2543,Pranav Deshmukh,29,England,Allrounder,81,4,5371,144.9,449,5.65,46.84,RR,12.56
2544,Amit Yadav,36,India,Bowler,113,5,1139,117.6,660,5.33,38.67,CSK,17.47
2545,Sameer Patel,31,India,Wicketkeeper,147,5,3394,95.0,0,0.0,28.44,RCB,9.12
2546,Rahul Iyer,18,India,Allrounder,29,1,4230,110.0,479,5.73,48.21,MI,10.25
2547,Vikas Singh,30,England,Wicketkeeper,170,6,10222,111.8,0,0.0,26.7,PBKS,11.14
2548,Sameer Mehta,18,India,Batter,17,1,7277,146.9,11,7.76,28.45,PBKS,11.48
2549,Rohan Deshmukh,35,South Africa,Bowler,249,10,906,116.4,166,4.3,46.17,DC,12.29
2550,Amit Khan,20,Australia,Allrounder,20,1,3060,144.0,464,6.93,53.59,KKR,8.71
2551,Amit Malik,31,India,Bowler,64,3,1873,131.2,379,7.01,37.27,KKR,7.79
2552,Vikas Kulkarni,23,India,Wicketkeeper,64,3,6300,97.4,0,0.0,54.45,MI,12.48
2553,Arjun Deshmukh,39,West Indies,Wicketkeeper,437,15,2959,118.0,0,0.0,25.33,RR,11.74
2554,Nikhil Malik,19,South Africa,Bowler,16,1,626,112.1,749,6.53,40.5,SRH,11.0
2555,Sameer Verma,20,Sri Lanka,Wicketkeeper,38,2,5585,130.2,0,0.0,35.6,MI,8.86
2556,Irfan Singh,19,India,Bowler,22,1,2197,110.9,892,7.18,35.7,CSK,11.83
2557,Sandeep Malik,29,Australia,Bowler,28,1,1600,134.8,426,6.04,47.44,GT,9.29
2558,Aditya Malik,23,India,Allrounder,72,4,2593,133.8,306,6.38,25.27,RCB,11.24
2559,Sandeep Sharma,22,England,Batter,42,2,12398,118.0,3,9.26,45.53,RCB,13.26
2560,Vikas Sharma,24,India,Batter,38,2,9689,107.3,14,6.07,37.05,KKR,10.11
2561,Pranav Khan,32,Sri Lanka,Batter,41,2,3175,126.6,14,9.07,52.55,RR,7.55
2562,Nikhil Mehta,31,England,Wicketkeeper,60,3,3428,124.0,0,0.0,37.17,DC,6.43
2563,Vikas Sharma,23,India,Allrounder,59,3,7518,143.2,337,5.42,28.64,MI,13.51
2564,Sandeep Yadav,35,India,Wicketkeeper,204,9,4659,149.0,0,0.0,51.88,CSK,12.02
2565,Karthik Patel,19,India,Allrounder,17,1,5220,126.2,407,8.3,43.7,PBKS,10.67
2566,Rohan Sharma,23,India,Bowler,44,2,3335,102.9,819,6.96,41.03,DC,13.71
2567,Aditya Shetty,31,Sri Lanka,Wicketkeeper,138,5,7761,97.1,0,0.0,37.41,MI,10.73
2568,Nikhil Shetty,26,India,Batter,138,7,3819,106.0,12,6.54,32.78,PBKS,10.26
2569,Arjun Malik,29,India,Bowler,285,11,2576,132.4,231,5.64,22.6,LSG,11.93
2570,Sandeep Iyer,28,India,Batter,222,9,9312,106.0,12,7.76,40.09,DC,14.08
2571,Aditya Verma,42,India,Allrounder,396,18,5476,128.4,167,7.23,45.84,GT,13.75
2572,Nikhil Shetty,38,India,Wicketkeeper,117,7,4629,115.1,0,0.0,46.78,MI,9.97
2573,Rahul Chopra,20,West Indies,Batter,16,1,6861,124.1,11,7.51,42.68,LSG,8.47
2574,Harshit Khan,40,India,Wicketkeeper,307,18,9945,96.1,0,0.0,42.89,PBKS,18.59
2575,Aditya Sharma,19,India,Allrounder,26,1,2348,113.6,340,7.17,23.0,KKR,7.81
2576,Sandeep Mehta,37,India,Allrounder,261,9,2335,150.4,128,5.32,44.12,DC,14.76
2577,Manoj Deshmukh,23,India,Wicketkeeper,37,2,11635,102.6,0,0.0,32.49,SRH,13.12
2578,Amit Singh,32,India,Bowler,54,3,462,145.1,464,6.25,21.53,SRH,11.46
2579,Pranav Shetty,23,South Africa,Allrounder,114,4,3075,148.4,139,5.83,20.32,SRH,11.31
2580,Vikas Verma,41,Australia,Bowler,29,1,3593,152.5,98,4.77,41.47,SRH,5.97
2581,Arjun Mehta,27,England,Wicketkeeper,138,9,6939,110.7,0,0.0,22.34,PBKS,10.38
2582,Amit Malik,32,South Africa,Bowler,26,1,292,109.7,706,4.11,50.85,DC,13.11
2583,Harshit Kulkarni,42,Sri Lanka,Bowler,230,11,2555,138.2,798,5.58,52.14,LSG,18.03
2584,Pranav Kulkarni,23,India,Wicketkeeper,120,4,7686,119.5,0,0.0,26.69,KKR,12.52
2585,Sandeep Naidu,31,Sri Lanka,Allrounder,80,4,8010,149.5,127,6.81,48.15,LSG,10.49
2586,Amit Reddy,23,South Africa,Bowler,67,3,2223,136.6,165,4.25,40.02,MI,5.87
2587,Pranav Singh,22,India,Batter,34,2,12707,102.3,9,9.18,38.69,PBKS,12.45
2588,Sameer Malik,21,India,Allrounder,16,1,2742,119.6,342,8.08,36.87,RR,8.65
2589,Vikas Reddy,28,Sri Lanka,Wicketkeeper,175,6,5025,99.2,0,0.0,29.74,KKR,8.79
2590,Irfan Mehta,38,India,Bowler,220,14,1767,151.7,466,5.23,29.89,SRH,15.99
2591,Nikhil Chopra,20,West Indies,Allrounder,40,2,2295,135.3,139,6.61,25.68,CSK,6.82
2592,Vikas Kulkarni,24,India,Batter,95,6,7466,139.3,7,7.7,50.34,GT,12.85
2593,Irfan Kulkarni,40,India,Batter,109,6,4546,135.1,5,8.19,24.42,MI,9.38
2594,Arjun Kulkarni,20,England,Allrounder,47,2,2758,103.0,485,8.31,47.11,MI,10.48
2595,Arjun Naidu,31,Australia,Wicketkeeper,137,9,4203,110.9,0,0.0,52.68,RR,6.98
2596,Arjun Singh,42,West Indies,Batter,560,19,3958,140.2,12,8.52,27.67,SRH,13.14
2597,Irfan Malik,27,India,Bowler,124,5,727,132.1,663,5.68,46.95,CSK,15.31
2598,Pranav Chopra,34,India,Wicketkeeper,452,16,7639,101.2,0,0.0,53.68,LSG,17.88
2599,Pranav Reddy,34,South Africa,Wicketkeeper,244,11,4445,148.4,0,0.0,29.46,SRH,10.65
2600,Vikas Verma,37,India,Bowler,366,14,577,126.1,812,7.13,36.16,RCB,16.76
2601,Sandeep Patel,31,India,Bowler,199,13,1251,129.9,786,5.19,45.55,KKR,19.13
2602,Sandeep Mehta,20,West Indies,Allrounder,21,1,8019,132.8,97,6.44,44.48,SRH,8.61
2603,Rahul Naidu,27,Sri Lanka,Batter,139,8,9656,98.1,8,8.49,50.09,PBKS,10.54
2604,Pranav Iyer,36,India,Batter,311,17,12003,110.7,0,7.6,28.46,GT,15.87
2605,Manoj Reddy,19,India,Wicketkeeper,15,1,3522,124.0,0,0.0,51.04,CSK,8.35
2606,Aditya Iyer,18,England,Bowler,21,1,2228,140.0,485,5.44,23.39,GT,8.87
2607,Ankit Kulkarni,24,England,Batter,20,1,7426,154.5,7,7.67,46.97,CSK,7.92
2608,Sameer Singh,34,India,Batter,238,8,9847,125.1,5,6.74,28.18,GT,15.32
2609,Amit Naidu,39,West Indies,Batter,506,19,5687,141.8,14,7.43,46.99,RR,17.16
2610,Irfan Yadav,42,West Indies,Bowler,262,14,3612,150.3,593,4.87,40.74,RCB,16.01
2611,Vikas Malik,37,South Africa,Bowler,386,13,341,125.1,597,5.44,41.18,LSG,14.6
2612,Sandeep Reddy,28,India,Wicketkeeper,37,2,9611,128.6,0,0.0,37.02,LSG,12.03
2613,Amit Patel,35,India,Batter,279,10,5569,105.6,6,7.77,48.45,KKR,12.44
2614,Rahul Kulkarni,25,West Indies,Bowler,118,6,1430,102.9,271,6.06,46.82,GT,9.31
2615,Arjun Naidu,32,India,Batter,283,12,10901,151.8,15,9.26,32.92,DC,17.92
2616,Manoj Shetty,30,India,Batter,30,2,13400,126.1,3,6.47,23.94,DC,12.78
2617,Harshit Patel,38,India,Bowler,254,9,2485,106.0,535,7.55,28.85,PBKS,13.79
2618,Sameer Chopra,31,England,Wicketkeeper,48,2,9364,119.4,0,0.0,33.41,MI,10.72
2619,Arjun Deshmukh,36,England,Bowler,524,18,729,122.4,832,7.02,25.98,SRH,20.0
2620,Aditya Reddy,39,England,Bowler,27,1,2186,125.5,473,5.02,25.16,RR,10.43
2621,Nikhil Malik,42,India,Allrounder,131,6,5171,128.9,144,7.14,45.01,MI,12.09
2622,Ankit Singh,27,Australia,Bowler,246,9,2573,149.7,731,7.56,53.11,KKR,15.65
2623,Sameer Iyer,18,India,Allrounder,29,1,3696,102.9,361,5.86,30.58,PBKS,11.81
2624,Manoj Mehta,33,India,Wicketkeeper,73,3,11905,148.7,0,0.0,54.02,SRH,15.67
2625,Amit Chopra,37,West Indies,Wicketkeeper,347,13,9992,146.6,0,0.0,23.85,CSK,13.98
2626,Arjun Singh,27,Australia,Allrounder,171,8,3759,120.4,78,8.32,20.33,PBKS,10.56
2627,Rahul Reddy,34,India,Allrounder,141,7,8372,97.8,274,6.55,39.04,LSG,14.02
2628,Manoj Deshmukh,34,West Indies,Bowler,301,11,437,123.4,469,5.29,41.46,PBKS,13.06
2629,Rohan Verma,27,India,Batter,177,9,13860,134.7,12,9.04,35.19,DC,16.52
2630,Rahul Malik,18,India,Bowler,27,1,571,149.3,549,7.11,24.19,CSK,11.26
2631,Rohan Chopra,19,India,Wicketkeeper,15,1,11418,126.9,0,0.0,29.96,PBKS,12.54
2632,Ankit Chopra,23,India,Allrounder,45,3,6057,135.1,489,5.16,50.2,MI,14.4
2633,Ankit Naidu,35,West Indies,Batter,175,7,6882,143.7,15,6.57,49.87,SRH,12.48
2634,Manoj Malik,26,India,Allrounder,34,2,5162,110.9,443,8.2,51.64,KKR,14.05
2635,Amit Yadav,29,England,Batter,27,1,14121,128.1,12,7.12,21.77,CSK,13.83
2636,Pranav Yadav,21,England,Allrounder,69,3,3898,138.2,89,5.15,35.56,CSK,9.09
2637,Irfan Naidu,35,Australia,Bowler,245,9,1838,106.4,663,4.97,43.45,GT,16.39
2638,Pranav Patel,19,Sri Lanka,Batter,20,1,9790,143.4,1,6.0,22.77,GT,8.87
2639,Manoj Singh,18,India,Bowler,22,1,1111,118.2,382,4.73,36.97,MI,10.47
2640,Nikhil Mehta,27,South Africa,Bowler,136,5,1123,114.2,761,5.35,53.74,CSK,17.27
2641,Irfan Khan,28,India,Wicketkeeper,143,7,3132,133.5,0,0.0,20.82,DC,9.62
2642,Rahul Singh,30,South Africa,Bowler,75,3,560,147.5,402,5.63,30.55,DC,8.7
2643,Sandeep Malik,31,India,Bowler,350,13,32,140.5,419,4.36,41.21,RCB,15.05
2644,Karthik Shetty,25,Australia,Allrounder,45,2,4017,98.2,285,7.0,24.92,CSK,7.05
2645,Pranav Shetty,30,England,Allrounder,103,5,6421,107.5,263,7.18,37.64,DC,9.68
2646,Irfan Malik,28,West Indies,Batter,59,3,8120,112.0,0,7.91,53.19,KKR,10.0
2647,Sandeep Verma,33,England,Batter,265,14,4665,138.3,5,8.95,22.73,DC,9.24
2648,Amit Deshmukh,40,South Africa,Batter,365,20,13787,124.6,5,6.37,25.62,KKR,17.45
2649,Vikas Khan,20,Sri Lanka,Wicketkeeper,30,1,5073,153.7,0,0.0,25.55,RCB,9.22
2650,Arjun Kulkarni,31,India,Allrounder,353,13,4338,116.8,324,6.71,42.38,GT,14.53
2651,Sandeep Iyer,28,Australia,Allrounder,111,6,7080,120.8,470,5.45,29.61,PBKS,15.09
2652,Rahul Reddy,29,West Indies,Allrounder,65,3,5507,97.4,228,8.11,51.98,MI,10.0
2653,Rahul Sharma,37,India,Wicketkeeper,78,3,3272,145.0,0,0.0,30.41,DC,10.37
2654,Rohan Naidu,29,Australia,Batter,109,5,10726,96.9,7,8.76,53.84,LSG,11.29
2655,Ankit Shetty,42,Australia,Bowler,292,12,3579,113.2,621,6.0,32.69,RCB,15.79
2656,Irfan Shetty,41,India,Batter,241,10,12512,154.4,9,6.23,21.38,LSG,15.25
2657,Vikas Verma,40,India,Wicketkeeper,303,19,7961,134.3,0,0.0,35.5,SRH,16.56
2658,Vikas Yadav,25,West Indies,Batter,73,4,9902,109.8,2,9.32,38.62,MI,10.91
2659,Irfan Kulkarni,20,India,Bowler,28,1,3835,137.2,118,5.83,22.38,GT,7.37
2660,Harshit Khan,34,India,Bowler,330,16,3253,107.9,258,4.74,45.84,GT,12.41
2661,Vikas Sharma,33,West Indies,Wicketkeeper,246,9,5513,106.3,0,0.0,40.07,SRH,9.55
2662,Sandeep Patel,28,Australia,Allrounder,43,2,4176,146.7,465,5.75,52.98,LSG,12.97
2663,Aditya Yadav,39,West Indies,Allrounder,111,7,2331,116.1,302,6.81,28.19,LSG,8.1
2664,Manoj Kulkarni,36,India,Allrounder,78,4,3787,111.1,485,5.17,42.9,LSG,13.34
2665,Aditya Naidu,30,South Africa,Batter,239,8,5663,151.6,12,7.87,33.87,LSG,10.24
2666,Vikas Yadav,36,India,Allrounder,82,3,6452,124.4,334,7.43,37.94,RR,13.09
2667,Rohan Khan,26,India,Wicketkeeper,183,7,11922,111.1,0,0.0,35.92,DC,13.3
2668,Rahul Sharma,36,West Indies,Batter,25,1,10859,137.4,7,7.65,52.92,GT,12.71
2669,Irfan Khan,36,India,Bowler,18,1,2884,97.5,167,5.25,37.37,DC,8.02
2670,Sameer Verma,35,Australia,Allrounder,309,14,3768,105.1,416,6.91,46.62,RCB,13.06
2671,Nikhil Singh,34,India,Wicketkeeper,293,10,8577,154.1,0,0.0,53.1,LSG,17.21
2672,Pranav Deshmukh,42,England,Allrounder,433,16,5759,147.5,104,5.69,44.66,PBKS,15.07
2673,Sandeep Iyer,34,Sri Lanka,Batter,107,4,12565,127.4,14,7.59,49.74,MI,13.18
2674,Irfan Iyer,41,West Indies,Batter,366,18,13474,117.4,14,7.68,37.26,SRH,15.98
2675,Sameer Singh,20,West Indies,Batter,39,2,7303,106.3,10,8.03,51.53,PBKS,6.49
2676,Manoj Naidu,21,West Indies,Bowler,42,2,2143,133.0,187,6.56,23.48,RCB,6.34
2677,Pranav Sharma,20,West Indies,Bowler,25,1,3080,102.3,524,6.3,22.75,KKR,7.76
2678,Nikhil Yadav,35,Sri Lanka,Batter,113,4,11827,119.2,2,7.85,40.61,PBKS,12.68
2679,Sameer Malik,26,India,Batter,103,6,10295,120.9,14,6.31,26.12,CSK,12.61
2680,Ankit Iyer,36,South Africa,Allrounder,59,2,4964,128.7,339,8.45,44.06,GT,10.62
2681,Rahul Kulkarni,24,West Indies,Allrounder,47,2,7651,100.7,50,6.14,54.16,DC,8.77
2682,Aditya Sharma,42,India,Wicketkeeper,424,24,8964,112.2,0,0.0,34.83,DC,16.51
2683,Nikhil Yadav,18,India,Batter,15,1,7073,96.5,4,8.27,48.36,PBKS,9.94
2684,Sandeep Kulkarni,36,England,Allrounder,271,16,3493,111.7,410,6.88,22.16,DC,13.39
2685,Aditya Chopra,31,West Indies,Batter,18,1,11229,148.7,3,6.57,44.01,DC,12.94
2686,Amit Khan,19,Australia,Allrounder,21,1,7354,98.9,276,5.87,44.17,RCB,10.28
2687,Sameer Singh,24,Sri Lanka,Batter,73,4,9211,119.3,12,8.0,32.73,GT,8.55
2688,Vikas Deshmukh,22,West Indies,Batter,106,4,12823,135.2,12,6.76,53.97,DC,15.44
2689,Ankit Yadav,36,India,Bowler,210,8,29,130.8,721,4.67,34.85,PBKS,17.63
2690,Irfan Shetty,28,India,Allrounder,228,9,6684,110.2,189,6.56,48.88,RR,12.8
2691,Rahul Kulkarni,32,South Africa,Bowler,261,11,980,127.6,678,5.84,30.67,DC,15.25
2692,Ankit Singh,33,India,Bowler,247,10,1188,100.2,332,4.69,44.99,MI,12.96
2693,Pranav Iyer,30,India,Batter,285,11,10965,136.4,5,6.69,33.66,GT,16.55
2694,Arjun Mehta,32,South Africa,Bowler,28,1,19,123.2,431,5.58,32.87,RR,9.48
2695,Arjun Patel,25,Australia,Bowler,61,3,281,113.6,801,4.38,43.23,RR,16.51
2696,Amit Khan,39,Sri Lanka,Batter,292,14,13397,112.2,6,8.33,36.1,MI,17.04
2697,Manoj Malik,28,India,Allrounder,230,9,2519,107.6,59,5.68,20.81,SRH,9.39
2698,Sandeep Naidu,24,India,Batter,123,6,5338,107.6,15,9.14,27.96,KKR,10.2
2699,Sandeep Khan,31,India,Wicketkeeper,76,4,6746,111.8,0,0.0,24.46,GT,11.6
2700,Rahul Chopra,39,India,Wicketkeeper,216,9,5963,133.4,0,0.0,22.63,PBKS,12.26
2701,Manoj Naidu,18,Australia,Batter,15,1,12333,133.7,5,6.47,31.89,RR,12.88
2702,Nikhil Chopra,23,Australia,Allrounder,115,5,7680,128.4,219,7.48,28.96,LSG,13.26
2703,Irfan Malik,21,West Indies,Bowler,74,3,556,102.0,582,6.47,38.77,DC,12.16
2704,Sameer Yadav,21,South Africa,Allrounder,55,2,6028,111.1,326,6.53,41.14,CSK,10.48
2705,Irfan Malik,21,India,Wicketkeeper,21,1,7498,147.3,0,0.0,54.96,SRH,13.16
2706,Arjun Naidu,24,West Indies,Batter,135,5,10261,119.3,11,8.13,27.88,KKR,11.69
2707,Vikas Reddy,34,Sri Lanka,Bowler,177,8,57,123.8,337,4.98,32.85,SRH,10.5
2708,Nikhil Sharma,21,India,Batter,26,1,6162,117.1,13,9.2,33.07,PBKS,8.4
2709,Manoj Iyer,18,Australia,Bowler,20,1,3972,145.2,120,5.46,42.78,DC,7.41
2710,Irfan Malik,26,India,Bowler,49,2,142,115.0,821,6.33,48.63,KKR,14.33
2711,Karthik Iyer,38,Australia,Wicketkeeper,251,12,3586,97.3,0,0.0,50.48,CSK,11.67
2712,Aditya Mehta,18,India,Wicketkeeper,21,1,5114,125.8,0,0.0,33.94,SRH,9.32
2713,Irfan Chopra,26,India,Bowler,169,6,1977,135.0,811,5.89,20.45,MI,15.49
2714,Pranav Khan,37,India,Batter,220,10,11912,121.8,14,9.05,32.0,RCB,15.76
2715,Aditya Reddy,18,South Africa,Bowler,21,1,750,121.4,261,4.53,37.37,SRH,4.7
2716,Irfan Verma,29,India,Wicketkeeper,39,2,2729,119.2,0,0.0,43.75,RCB,9.23
2717,Manoj Patel,26,West Indies,Bowler,113,4,2547,152.7,132,5.6,40.97,MI,8.34
2718,Manoj Chopra,19,India,Allrounder,27,1,3262,101.6,65,7.83,33.91,RR,6.64
2719,Arjun Reddy,33,India,Bowler,16,1,3826,129.2,235,5.28,50.14,LSG,8.75
2720,Nikhil Singh,42,South Africa,Batter,58,2,9784,99.4,4,6.27,49.76,KKR,12.23
2721,Manoj Chopra,20,India,Bowler,30,2,1388,135.1,556,4.81,39.0,PBKS,11.9
2722,Amit Sharma,33,Sri Lanka,Allrounder,212,10,2618,102.5,210,7.92,24.54,MI,8.37
2723,Harshit Naidu,36,Sri Lanka,Batter,17,1,6104,151.8,1,7.95,34.52,KKR,10.53
2724,Sandeep Patel,38,India,Bowler,363,15,3330,131.4,469,5.24,52.57,MI,18.63
2725,Sameer Patel,36,Sri Lanka,Wicketkeeper,34,2,5541,145.2,0,0.0,54.84,RR,9.57
2726,Ankit Malik,21,South Africa,Allrounder,18,1,5563,101.8,96,5.08,41.33,SRH,9.3
2727,Karthik Malik,36,Sri Lanka,Batter,122,6,8019,112.1,7,8.87,28.37,CSK,11.22
2728,Irfan Yadav,31,Australia,Bowler,19,1,752,98.4,449,6.99,32.93,SRH,7.59
2729,Amit Iyer,22,India,Wicketkeeper,21,1,6921,125.3,0,0.0,39.61,DC,9.59
2730,Aditya Khan,42,Australia,Bowler,64,3,3038,116.3,536,6.77,41.44,CSK,11.52
2731,Manoj Mehta,33,India,Bowler,397,15,748,127.9,510,6.22,42.42,CSK,18.6
2732,Rahul Yadav,38,Sri Lanka,Allrounder,284,12,2146,100.1,373,5.91,24.17,RCB,12.52
2733,Aditya Chopra,32,India,Allrounder,219,10,4325,125.0,463,5.79,49.42,CSK,14.48
2734,Rahul Reddy,40,India,Allrounder,207,12,2370,142.3,334,7.45,32.28,CSK,15.33
2735,Sameer Chopra,39,India,Allrounder,70,4,8098,118.6,260,6.42,26.72,PBKS,11.14
2736,Aditya Mehta,35,South Africa,Allrounder,260,13,5423,130.5,324,5.21,54.62,GT,14.18
2737,Sandeep Yadav,31,South Africa,Wicketkeeper,210,13,2658,105.0,0,0.0,21.63,LSG,8.85
2738,Karthik Verma,34,West Indies,Allrounder,194,9,5090,110.2,460,7.73,49.04,CSK,14.82
2739,Nikhil Patel,39,India,Batter,521,18,7777,151.7,4,8.46,34.31,PBKS,19.04
2740,Amit Sharma,20,West Indies,Allrounder,59,2,8249,122.9,433,7.32,42.07,RR,12.3
2741,Irfan Yadav,24,India,Bowler,77,4,2213,106.3,355,5.71,37.78,DC,11.04
2742,Karthik Sharma,34,India,Allrounder,240,14,3335,143.6,333,6.85,45.74,GT,14.88
2743,Rohan Reddy,34,India,Allrounder,392,14,8509,101.8,44,7.32,45.22,RCB,15.64
2744,Vikas Deshmukh,23,India,Bowler,15,1,1471,148.6,416,5.9,52.2,LSG,7.34
2745,Amit Sharma,18,India,Bowler,27,1,1018,144.2,892,4.21,21.32,CSK,16.1
2746,Vikas Mehta,27,India,Wicketkeeper,105,7,10956,117.0,0,0.0,38.98,MI,14.18
2747,Rohan Patel,34,India,Batter,46,3,12496,139.8,2,6.52,20.29,RR,12.13
2748,Irfan Yadav,30,Sri Lanka,Bowler,201,10,3824,129.8,547,4.64,45.0,RCB,14.81
2749,Aditya Deshmukh,41,India,Wicketkeeper,483,19,2645,150.0,0,0.0,44.69,PBKS,15.1
2750,Arjun Malik,35,West Indies,Allrounder,273,11,5432,118.7,172,7.35,20.04,MI,13.53
2751,Amit Sharma,30,West Indies,Batter,77,4,14211,127.1,7,6.42,43.63,PBKS,16.37
2752,Sameer Patel,25,Sri Lanka,Batter,65,4,4574,138.8,2,7.46,38.27,KKR,8.11
2753,Aditya Verma,28,West Indies,Allrounder,34,2,7719,106.5,333,5.26,49.4,DC,11.39
2754,Vikas Kulkarni,27,India,Batter,49,3,8947,148.7,6,8.54,24.11,SRH,12.08
2755,Manoj Reddy,28,Sri Lanka,Allrounder,80,4,4572,107.6,334,8.47,20.41,CSK,8.79
2756,Nikhil Khan,37,South Africa,Allrounder,245,9,5117,111.9,115,8.49,43.38,SRH,10.68
2757,Amit Chopra,40,Australia,Batter,58,2,13550,129.8,0,6.62,51.64,RCB,12.64
2758,Sameer Iyer,22,West Indies,Bowler,29,1,2443,135.2,865,5.22,26.58,KKR,13.24
2759,Sameer Reddy,27,India,Bowler,26,1,2051,115.2,151,6.37,27.39,RCB,7.73
2760,Sameer Iyer,33,India,Allrounder,120,5,6719,105.7,138,6.1,51.57,LSG,12.67
2761,Sameer Yadav,31,Sri Lanka,Bowler,77,5,34,109.7,381,5.51,35.69,DC,8.52
2762,Harshit Chopra,20,West Indies,Batter,25,1,4756,139.7,3,7.12,53.99,RCB,9.63
2763,Pranav Iyer,39,England,Batter,354,14,3293,146.7,9,7.53,39.81,DC,11.15
2764,Sameer Sharma,39,Sri Lanka,Batter,349,13,5832,136.4,7,6.55,37.97,CSK,13.1
2765,Manoj Sharma,19,India,Wicketkeeper,19,1,11700,134.0,0,0.0,51.14,CSK,14.37
2766,Karthik Patel,25,India,Bowler,97,5,821,149.1,210,5.67,46.27,CSK,9.3
2767,Ankit Patel,36,India,Batter,377,14,7333,131.2,11,7.71,31.4,RCB,15.64
2768,Manoj Shetty,18,India,Wicketkeeper,23,1,7612,154.0,0,0.0,43.36,DC,10.91
2769,Sameer Verma,30,India,Batter,292,12,9864,114.6,7,6.15,41.82,RCB,15.57
2770,Irfan Sharma,38,India,Wicketkeeper,235,10,6376,98.4,0,0.0,20.84,MI,10.8
2771,Aditya Deshmukh,18,Australia,Wicketkeeper,30,1,4939,122.0,0,0.0,31.64,KKR,6.18
2772,Arjun Reddy,26,Sri Lanka,Allrounder,86,4,5880,110.8,126,6.53,25.77,MI,8.86
2773,Aditya Kulkarni,23,Sri Lanka,Batter,87,3,6002,125.9,12,8.41,27.01,RCB,6.53
2774,Irfan Reddy,32,England,Wicketkeeper,27,1,5000,114.2,0,0.0,40.71,RR,6.98
2775,Sameer Mehta,22,South Africa,Batter,79,3,10241,103.8,8,6.25,22.56,LSG,9.44
2776,Karthik Malik,37,India,Wicketkeeper,298,10,3484,143.7,0,0.0,46.33,MI,12.65
2777,Amit Sharma,38,India,Allrounder,208,7,5680,138.0,195,7.64,43.43,RR,12.55
2778,Sandeep Iyer,34,England,Allrounder,461,16,3727,133.5,455,6.67,21.34,KKR,15.91
2779,Rohan Deshmukh,24,South Africa,Batter,80,3,5496,141.7,3,8.18,37.51,RR,9.81
2780,Harshit Kulkarni,22,Australia,Allrounder,26,1,2840,111.6,222,6.25,42.5,RR,9.12
2781,Manoj Kulkarni,26,Australia,Batter,86,3,4440,147.3,3,8.42,31.98,SRH,7.93
2782,Harshit Yadav,21,West Indies,Wicketkeeper,50,3,11203,141.2,0,0.0,39.65,GT,10.69
2783,Amit Malik,22,India,Bowler,79,4,923,126.7,425,7.35,38.12,RR,9.16
2784,Arjun Malik,39,India,Allrounder,318,19,5827,140.0,304,7.02,53.76,GT,16.12
2785,Manoj Reddy,26,India,Batter,149,7,4611,98.2,3,6.26,52.81,SRH,10.09
2786,Sandeep Malik,19,Australia,Batter,21,1,13756,131.9,8,7.85,36.88,DC,11.73
2787,Irfan Sharma,20,South Africa,Bowler,16,1,1273,141.1,705,4.36,46.15,MI,11.38
2788,Amit Malik,41,Sri Lanka,Wicketkeeper,327,17,4146,113.7,0,0.0,30.72,KKR,10.47
2789,Amit Sharma,40,India,Wicketkeeper,346,21,5803,145.3,0,0.0,22.53,KKR,15.03
2790,Arjun Malik,21,India,Wicketkeeper,50,3,3965,147.9,0,0.0,28.98,PBKS,10.1
2791,Vikas Verma,26,India,Batter,22,1,4752,151.2,15,8.08,43.73,LSG,9.53
2792,Harshit Kulkarni,41,South Africa,Wicketkeeper,62,4,4219,119.9,0,0.0,44.13,GT,7.18
2793,Harshit Singh,38,India,Bowler,379,13,2078,111.6,344,5.31,54.88,PBKS,13.33
2794,Irfan Kulkarni,21,West Indies,Allrounder,66,3,8605,133.7,226,7.63,32.44,LSG,10.53
2795,Vikas Naidu,18,India,Batter,25,1,11685,96.9,5,6.17,39.4,DC,10.58
2796,Karthik Khan,40,West Indies,Batter,93,4,14075,127.2,14,8.67,49.43,RCB,14.84
2797,Sandeep Shetty,34,India,Wicketkeeper,22,1,10166,97.0,0,0.0,32.84,LSG,8.47
2798,Manoj Sharma,21,West Indies,Batter,33,2,13085,121.8,15,6.83,22.53,GT,11.12
2799,Pranav Mehta,22,South Africa,Bowler,38,2,1970,108.4,582,7.63,52.28,PBKS,10.56
2800,Karthik Singh,42,India,Bowler,88,4,3597,154.1,509,5.62,39.39,KKR,12.53
2801,Sandeep Shetty,35,West Indies,Batter,60,4,14038,95.3,11,9.26,46.19,SRH,15.86
2802,Amit Iyer,29,Australia,Batter,144,8,5211,103.4,6,9.16,23.36,SRH,8.61
2803,Irfan Patel,30,India,Bowler,69,3,2467,151.0,764,5.61,38.98,RR,14.46
2804,Irfan Naidu,42,South Africa,Allrounder,365,13,5367,103.5,50,6.85,20.03,SRH,10.93
2805,Rahul Reddy,30,India,Allrounder,151,8,6235,100.3,475,7.84,42.18,PBKS,11.95
2806,Ankit Sharma,29,South Africa,Batter,64,3,5378,107.5,12,9.2,43.28,MI,7.96
2807,Sameer Sharma,20,India,Wicketkeeper,26,1,3260,99.7,0,0.0,41.13,KKR,6.28
2808,Sameer Shetty,38,Australia,Allrounder,363,17,7257,139.2,423,5.57,30.54,RCB,17.76
2809,Nikhil Iyer,40,West Indies,Bowler,114,4,1199,131.0,595,5.76,25.99,SRH,11.14
2810,Amit Verma,20,South Africa,Batter,17,1,3253,113.2,10,8.6,43.18,MI,5.77
2811,Rahul Singh,25,South Africa,Bowler,30,1,2947,136.3,453,4.6,24.49,MI,9.43
2812,Aditya Verma,42,India,Wicketkeeper,463,23,7906,120.5,0,0.0,28.65,RR,18.71
2813,Rahul Sharma,25,India,Batter,52,3,7524,110.7,15,8.62,50.86,DC,10.66
2814,Karthik Chopra,31,South Africa,Bowler,90,5,1310,106.8,563,7.39,41.48,PBKS,13.2
2815,Ankit Deshmukh,25,India,Allrounder,144,5,7811,118.5,79,5.31,44.97,MI,13.57
2816,Harshit Patel,32,India,Allrounder,195,8,4548,132.5,431,7.31,29.89,RCB,14.62
2817,Ankit Singh,36,India,Batter,336,16,13477,101.2,1,7.32,45.17,SRH,18.55
2818,Sandeep Yadav,42,India,Wicketkeeper,408,22,7343,125.2,0,0.0,44.81,RR,17.02
2819,Harshit Verma,27,Sri Lanka,Allrounder,164,7,2657,114.5,58,5.87,31.7,RR,6.77
2820,Rahul Sharma,29,India,Wicketkeeper,31,2,10692,96.5,0,0.0,31.94,LSG,11.02
2821,Manoj Shetty,32,Sri Lanka,Allrounder,47,2,6752,148.8,425,7.81,38.14,SRH,12.7
2822,Vikas Patel,25,England,Batter,79,4,6739,96.8,0,7.59,50.77,LSG,8.98
2823,Rohan Malik,42,Australia,Wicketkeeper,154,6,7813,95.8,0,0.0,53.07,MI,8.56
2824,Manoj Sharma,40,India,Bowler,310,15,1063,115.5,869,5.86,52.35,RCB,19.75
2825,Sandeep Khan,42,India,Wicketkeeper,337,13,10957,96.5,0,0.0,40.35,LSG,17.52
2826,Manoj Reddy,27,India,Wicketkeeper,15,1,9796,127.9,0,0.0,27.68,SRH,13.02
2827,Sandeep Naidu,38,India,Bowler,281,13,852,134.1,824,5.63,45.45,MI,18.94
2828,Manoj Deshmukh,35,England,Wicketkeeper,349,13,4554,95.0,0,0.0,52.79,RCB,12.8
2829,Aditya Chopra,24,India,Wicketkeeper,127,5,2994,104.9,0,0.0,28.18,LSG,8.03
2830,Sandeep Sharma,26,England,Bowler,204,7,963,97.3,345,5.0,24.31,DC,8.76
2831,Pranav Chopra,18,India,Batter,30,1,6277,113.9,13,9.45,24.04,PBKS,7.05
2832,Nikhil Malik,41,South Africa,Allrounder,61,3,7861,138.2,44,5.37,49.91,LSG,11.77
2833,Manoj Naidu,28,Sri Lanka,Allrounder,92,4,6377,96.3,491,5.9,27.81,CSK,11.63
2834,Ankit Verma,32,South Africa,Allrounder,228,8,2130,101.2,340,5.2,35.1,RCB,11.19
2835,Irfan Shetty,40,Australia,Bowler,19,1,3461,126.0,265,4.87,28.87,GT,6.81
2836,Aditya Malik,33,Sri Lanka,Wicketkeeper,106,4,5879,151.4,0,0.0,51.71,RCB,13.25
2837,Sandeep Kulkarni,23,Sri Lanka,Bowler,18,1,435,116.3,859,6.15,33.34,RCB,15.72
2838,Pranav Khan,20,South Africa,Allrounder,49,2,2488,138.7,291,6.44,35.81,LSG,11.72
2839,Amit Shetty,21,India,Bowler,49,2,3616,151.6,636,7.26,31.76,SRH,12.54
2840,Rohan Malik,29,South Africa,Allrounder,48,2,6033,100.7,159,6.96,27.02,GT,8.82
2841,Rahul Malik,19,India,Bowler,21,1,2394,107.4,263,5.57,50.68,RR,6.53
2842,Aditya Reddy,23,West Indies,Bowler,15,1,391,122.3,352,4.6,41.2,PBKS,10.29
2843,Karthik Malik,23,India,Allrounder,87,4,5975,118.0,52,7.42,50.42,MI,9.04
2844,Sameer Khan,20,India,Wicketkeeper,55,2,3817,129.1,0,0.0,35.38,CSK,9.05
2845,Sameer Shetty,30,England,Wicketkeeper,103,4,2676,99.0,0,0.0,36.26,CSK,5.49
2846,Vikas Iyer,19,Sri Lanka,Bowler,20,1,1039,131.9,366,7.12,49.13,RR,6.71
2847,Irfan Patel,30,India,Bowler,294,10,1141,102.1,881,5.88,20.48,LSG,18.47
2848,Sameer Chopra,32,West Indies,Bowler,133,7,3923,136.9,656,5.15,47.66,CSK,13.58
2849,Rohan Sharma,19,England,Allrounder,25,1,2390,124.7,397,6.04,34.74,RCB,8.47
2850,Sandeep Naidu,37,Sri Lanka,Bowler,143,8,2215,108.9,169,5.56,24.77,RCB,7.03
2851,Irfan Reddy,23,England,Batter,81,5,7890,98.3,13,6.69,26.93,KKR,9.68
2852,Aditya Reddy,19,South Africa,Wicketkeeper,25,1,5312,95.6,0,0.0,41.95,LSG,5.48
2853,Arjun Kulkarni,32,England,Bowler,262,14,2408,153.4,580,5.2,26.78,SRH,15.57
2854,Karthik Deshmukh,26,West Indies,Batter,159,6,10124,116.5,9,7.21,20.3,CSK,12.93
2855,Ankit Shetty,18,India,Wicketkeeper,20,1,3230,145.4,0,0.0,21.12,RR,7.21
2856,Nikhil Malik,35,India,Batter,20,1,6050,148.5,2,9.29,38.74,RCB,9.36
2857,Nikhil Sharma,29,Australia,Bowler,144,5,2344,134.2,115,6.07,33.55,SRH,6.87
2858,Sameer Iyer,36,India,Bowler,151,8,844,97.7,257,6.46,21.89,DC,11.04
2859,Ankit Patel,18,India,Bowler,26,1,3710,128.0,747,5.74,51.07,CSK,14.54
2860,Rahul Mehta,28,England,Batter,126,6,8383,144.4,1,6.37,27.35,KKR,11.07
2861,Nikhil Chopra,25,West Indies,Wicketkeeper,141,7,5910,118.6,0,0.0,31.08,GT,10.29
2862,Vikas Khan,37,Australia,Bowler,136,7,1614,104.0,247,5.52,37.62,RCB,7.14
2863,Amit Shetty,36,India,Bowler,298,14,2311,121.5,844,7.05,37.17,GT,19.77
2864,Rahul Iyer,41,Australia,Bowler,316,18,662,137.4,673,7.23,37.17,SRH,16.2
2865,Harshit Mehta,19,England,Allrounder,19,1,1962,148.1,100,5.9,40.2,RR,7.17
2866,Manoj Yadav,22,Sri Lanka,Wicketkeeper,44,2,7562,108.3,0,0.0,29.42,MI,7.39
2867,Sandeep Patel,36,South Africa,Allrounder,226,12,6376,97.6,436,7.81,54.72,CSK,12.58
2868,Sameer Naidu,26,India,Bowler,48,2,542,142.8,265,4.5,33.82,DC,10.28
2869,Aditya Yadav,30,Sri Lanka,Batter,167,8,6803,147.8,12,7.72,34.45,MI,13.2
2870,Karthik Singh,22,West Indies,Allrounder,100,4,4765,98.0,168,6.88,20.08,RCB,7.52
2871,Aditya Sharma,30,South Africa,Bowler,33,2,1837,135.8,864,4.93,24.24,PBKS,15.61
2872,Nikhil Mehta,25,West Indies,Batter,23,1,8167,119.7,4,6.4,42.67,RCB,7.05
2873,Sandeep Deshmukh,26,India,Bowler,26,1,2830,105.7,315,6.71,22.79,MI,7.99
2874,Ankit Patel,28,India,Batter,107,6,4644,110.6,3,9.29,49.87,SRH,10.27
2875,Arjun Malik,27,Sri Lanka,Batter,118,4,12687,141.4,14,9.02,25.91,LSG,12.51
2876,Karthik Mehta,38,England,Allrounder,107,5,8544,141.2,107,7.88,40.89,RCB,9.39
2877,Aditya Malik,22,England,Bowler,18,1,2419,110.8,264,5.28,24.27,SRH,6.28
2878,Harshit Chopra,41,Sri Lanka,Allrounder,16,1,5034,130.1,292,6.78,32.58,LSG,9.18
2879,Vikas Khan,38,India,Bowler,345,13,2414,116.8,651,5.81,42.44,KKR,17.28
2880,Ankit Malik,31,India,Batter,111,6,8575,104.8,14,9.15,33.35,PBKS,8.8
2881,Manoj Verma,40,West Indies,Allrounder,440,18,6714,132.5,297,5.49,45.51,CSK,14.1
2882,Irfan Deshmukh,29,India,Bowler,217,9,2865,111.7,527,7.54,53.26,GT,13.29
2883,Manoj Shetty,40,India,Bowler,429,16,2080,131.2,352,4.24,22.0,RCB,16.23
2884,Pranav Mehta,30,England,Bowler,159,8,3784,126.8,301,7.4,43.43,RCB,6.02
2885,Aditya Singh,42,South Africa,Allrounder,401,21,6050,104.0,121,7.91,21.35,MI,12.25
2886,Amit Shetty,23,West Indies,Allrounder,35,2,4389,113.9,413,8.08,24.51,MI,8.61
2887,Sandeep Shetty,39,Sri Lanka,Wicketkeeper,403,21,11551,123.1,0,0.0,40.94,SRH,18.84
2888,Sameer Iyer,31,India,Allrounder,114,4,2888,111.5,445,5.11,21.15,CSK,11.75
2889,Rahul Verma,23,India,Allrounder,49,2,1593,148.7,443,6.47,54.39,PBKS,12.66
2890,Sandeep Malik,18,India,Wicketkeeper,19,1,9215,133.2,0,0.0,25.66,LSG,10.98
2891,Sameer Malik,30,India,Allrounder,26,1,5025,126.0,139,8.17,25.38,DC,6.6
2892,Irfan Verma,23,India,Wicketkeeper,22,1,3726,150.3,0,0.0,46.51,CSK,10.65
2893,Vikas Singh,19,West Indies,Bowler,20,1,550,137.6,244,6.78,27.01,KKR,6.2
2894,Rahul Mehta,27,South Africa,Batter,229,8,3094,136.3,1,6.74,27.69,KKR,10.03
2895,Karthik Naidu,31,England,Bowler,27,1,1150,141.9,489,5.67,47.44,CSK,14.82
2896,Irfan Malik,21,Sri Lanka,Wicketkeeper,72,3,4626,122.2,0,0.0,47.73,CSK,5.98
2897,Aditya Chopra,30,India,Bowler,76,5,2344,134.3,413,7.19,27.99,DC,12.85
2898,Vikas Verma,25,India,Bowler,88,4,3383,113.9,515,5.04,24.09,RR,12.61
2899,Pranav Patel,39,India,Bowler,127,5,469,107.6,92,5.04,35.94,KKR,8.05
2900,Rohan Deshmukh,38,South Africa,Allrounder,453,20,2624,101.3,142,8.18,45.21,MI,12.93
2901,Ankit Verma,40,India,Wicketkeeper,118,4,5721,136.2,0,0.0,23.35,SRH,9.65
2902,Karthik Kulkarni,32,West Indies,Wicketkeeper,68,3,10308,150.4,0,0.0,39.9,RR,11.67
2903,Manoj Malik,31,Australia,Batter,349,13,7789,140.4,5,7.27,29.01,KKR,14.52
2904,Sameer Reddy,37,Sri Lanka,Allrounder,40,2,8531,97.4,214,7.43,49.38,MI,7.83
2905,Amit Patel,21,India,Wicketkeeper,56,3,7411,121.9,0,0.0,42.28,LSG,11.87
2906,Sameer Iyer,40,West Indies,Batter,118,6,10295,135.6,9,6.77,47.03,SRH,12.18
2907,Harshit Naidu,26,India,Batter,109,5,8658,132.1,13,7.66,35.97,RCB,11.4
2908,Arjun Malik,42,Australia,Bowler,279,11,2335,124.9,859,7.4,49.46,RR,16.22
2909,Irfan Verma,18,England,Allrounder,22,1,4600,119.6,471,7.8,28.05,GT,11.02
2910,Arjun Mehta,42,Australia,Wicketkeeper,134,5,5333,119.4,0,0.0,48.92,CSK,8.61
2911,Aditya Deshmukh,24,India,Wicketkeeper,76,5,2552,108.7,0,0.0,38.36,SRH,8.74
2912,Arjun Malik,37,England,Bowler,288,11,3038,116.2,354,7.06,42.48,DC,10.34
2913,Aditya Verma,23,England,Wicketkeeper,15,1,3032,109.7,0,0.0,23.82,KKR,6.31
2914,Arjun Patel,36,South Africa,Wicketkeeper,126,8,7492,142.7,0,0.0,23.46,SRH,11.58
2915,Aditya Patel,33,India,Wicketkeeper,326,14,10777,111.3,0,0.0,49.93,SRH,19.11
2916,Vikas Naidu,34,South Africa,Allrounder,231,9,2174,153.4,317,6.21,54.29,CSK,12.68
2917,Sameer Reddy,42,South Africa,Allrounder,442,15,5328,97.5,107,5.94,44.68,SRH,14.12
2918,Manoj Chopra,39,England,Bowler,363,13,1216,101.0,790,5.71,44.76,MI,17.87
2919,Amit Iyer,20,Sri Lanka,Batter,59,2,14399,147.2,5,6.11,24.85,LSG,15.25
2920,Harshit Chopra,36,England,Batter,62,4,14427,105.5,14,6.45,53.61,SRH,12.88
2921,Amit Verma,38,England,Wicketkeeper,480,18,9518,136.6,0,0.0,48.05,KKR,18.25
2922,Vikas Deshmukh,19,Sri Lanka,Batter,23,1,9960,115.2,7,7.39,28.21,KKR,9.08
2923,Karthik Kulkarni,24,India,Wicketkeeper,15,1,9128,123.8,0,0.0,39.31,LSG,11.28
2924,Arjun Khan,33,India,Batter,226,12,9891,110.4,13,8.21,53.2,RCB,15.4
2925,Harshit Patel,33,India,Allrounder,422,15,5693,152.9,271,5.59,20.52,PBKS,17.38
2926,Vikas Chopra,34,India,Allrounder,309,14,5356,115.0,424,6.68,35.72,DC,15.83
2927,Vikas Verma,24,West Indies,Wicketkeeper,139,5,10390,129.2,0,0.0,35.25,RCB,12.63
2928,Harshit Kulkarni,30,India,Allrounder,24,1,6177,139.0,110,6.45,44.01,DC,12.62
2929,Amit Verma,22,South Africa,Wicketkeeper,17,1,11430,145.0,0,0.0,28.75,GT,12.57
2930,Amit Reddy,30,India,Wicketkeeper,212,11,3502,131.6,0,0.0,40.48,RR,12.99
2931,Harshit Iyer,42,India,Wicketkeeper,75,3,5640,117.2,0,0.0,37.01,PBKS,8.83
2932,Pranav Mehta,36,India,Batter,152,6,4966,103.5,4,7.1,27.48,GT,8.11
2933,Sameer Shetty,31,India,Allrounder,298,12,2240,136.0,274,5.37,43.13,KKR,15.86
2934,Irfan Malik,41,Australia,Wicketkeeper,20,1,9139,152.0,0,0.0,45.54,SRH,11.82
2935,Amit Yadav,36,West Indies,Bowler,210,10,3983,148.1,169,4.2,50.19,PBKS,11.69
2936,Rohan Kulkarni,39,India,Allrounder,134,8,3812,130.2,223,6.55,54.16,PBKS,11.43
2937,Karthik Sharma,42,India,Wicketkeeper,317,19,8070,126.9,0,0.0,51.69,RR,15.76
2938,Amit Singh,35,West Indies,Bowler,266,15,3926,106.5,358,4.32,35.43,SRH,11.02
2939,Pranav Shetty,25,India,Allrounder,93,5,7912,144.0,486,7.05,54.59,KKR,14.96
2940,Karthik Deshmukh,40,India,Batter,542,22,10724,97.8,0,7.36,48.04,GT,20.0
2941,Pranav Verma,30,India,Wicketkeeper,252,11,11145,131.3,0,0.0,26.95,KKR,15.29
2942,Manoj Kulkarni,36,India,Batter,58,2,13715,139.5,2,7.73,46.96,SRH,16.16
2943,Karthik Shetty,28,India,Bowler,30,1,222,113.3,693,5.9,54.08,CSK,13.61
2944,Amit Naidu,22,India,Allrounder,61,4,5703,119.5,362,7.32,29.82,CSK,12.09
2945,Karthik Iyer,35,India,Batter,46,2,5713,109.5,13,8.56,26.01,RR,6.87
2946,Irfan Verma,35,England,Allrounder,93,6,6910,112.4,475,6.85,42.01,GT,12.49
2947,Arjun Chopra,18,England,Bowler,20,1,2627,134.3,742,4.45,29.92,PBKS,9.63
2948,Rahul Patel,32,West Indies,Allrounder,165,11,4965,102.6,343,5.0,52.68,RR,12.66
2949,Irfan Patel,39,Sri Lanka,Wicketkeeper,85,4,8921,147.0,0,0.0,28.18,RCB,8.87
2950,Arjun Iyer,22,India,Batter,18,1,10475,131.5,1,8.72,53.98,CSK,14.47
2951,Vikas Kulkarni,38,Australia,Wicketkeeper,124,6,6077,117.4,0,0.0,43.85,SRH,10.55
2952,Pranav Kulkarni,28,Australia,Wicketkeeper,235,10,11051,98.8,0,0.0,33.87,RCB,13.93
2953,Rahul Iyer,39,Australia,Batter,447,16,13844,127.3,4,9.37,30.08,CSK,19.87
2954,Vikas Reddy,27,India,Allrounder,82,3,2237,137.2,119,5.42,42.57,PBKS,9.34
2955,Vikas Sharma,25,West Indies,Allrounder,118,4,3681,152.1,331,6.31,20.78,RCB,13.02
2956,Vikas Mehta,32,Sri Lanka,Batter,105,7,5160,150.3,9,7.06,31.23,RR,10.97
2957,Sandeep Malik,25,India,Allrounder,82,4,4407,127.1,153,5.88,48.83,SRH,11.03
2958,Arjun Shetty,40,West Indies,Allrounder,418,14,5101,151.6,444,5.36,47.83,MI,18.35
2959,Vikas Malik,29,Australia,Batter,140,5,11958,137.7,4,6.63,33.47,RR,12.52
2960,Karthik Yadav,21,England,Wicketkeeper,38,2,9054,119.1,0,0.0,47.42,GT,9.3
2961,Sandeep Yadav,31,India,Bowler,69,3,1651,102.6,554,7.66,34.72,RR,10.93
2962,Rohan Mehta,37,India,Wicketkeeper,445,17,7585,123.9,0,0.0,33.17,MI,15.54
2963,Sandeep Deshmukh,36,Australia,Bowler,287,16,2477,98.1,617,5.38,43.99,CSK,14.45
2964,Manoj Mehta,30,India,Bowler,45,3,1572,106.7,506,5.66,48.56,PBKS,13.5
2965,Sameer Mehta,30,South Africa,Wicketkeeper,35,2,5598,143.2,0,0.0,37.02,PBKS,8.78
2966,Nikhil Khan,29,West Indies,Bowler,136,7,882,133.3,408,5.13,30.09,PBKS,11.55
2967,Irfan Reddy,42,West Indies,Wicketkeeper,507,18,10617,109.2,0,0.0,45.57,GT,16.2
2968,Ankit Khan,32,India,Bowler,227,10,497,100.7,332,4.15,20.24,RR,10.71
2969,Arjun Malik,26,India,Batter,51,3,8363,99.1,6,6.54,54.85,SRH,11.75
2970,Harshit Mehta,37,India,Bowler,319,17,1648,104.0,90,5.1,28.43,MI,8.86
2971,Rohan Verma,18,Sri Lanka,Batter,27,1,5405,126.2,2,9.28,32.77,CSK,7.05
2972,Irfan Verma,27,India,Batter,73,4,7923,118.7,3,9.06,31.73,PBKS,9.42
2973,Ankit Iyer,18,Sri Lanka,Wicketkeeper,19,1,3043,107.4,0,0.0,33.22,GT,7.87
2974,Pranav Singh,36,Australia,Wicketkeeper,351,18,4718,114.0,0,0.0,43.71,RR,13.68
2975,Nikhil Deshmukh,27,India,Allrounder,20,1,3413,129.6,212,6.01,22.31,RCB,9.87
2976,Manoj Reddy,25,India,Wicketkeeper,23,1,11653,106.5,0,0.0,34.26,PBKS,13.53
2977,Sameer Mehta,37,India,Bowler,361,13,3511,117.6,458,7.56,43.24,GT,13.63
2978,Sameer Sharma,30,Sri Lanka,Bowler,228,9,1007,102.6,723,4.97,22.05,MI,16.5
2979,Manoj Patel,18,South Africa,Wicketkeeper,25,1,10369,113.3,0,0.0,25.52,GT,9.61
2980,Rohan Yadav,22,Sri Lanka,Batter,61,3,4974,140.6,5,6.61,20.55,SRH,8.11
2981,Pranav Yadav,28,England,Batter,114,4,9630,117.8,3,7.95,37.73,LSG,13.0
2982,Karthik Naidu,18,India,Wicketkeeper,17,1,10631,128.8,0,0.0,30.97,KKR,12.52
2983,Manoj Patel,29,India,Bowler,16,1,600,139.0,791,5.12,50.49,PBKS,15.72
2984,Nikhil Yadav,28,Sri Lanka,Batter,199,10,6440,100.9,14,6.67,51.42,GT,9.23
2985,Aditya Iyer,19,Australia,Allrounder,23,1,8435,128.1,269,6.22,32.58,SRH,9.17
2986,Harshit Verma,27,South Africa,Batter,141,9,10273,130.4,13,6.44,38.38,LSG,13.15
2987,Rahul Khan,22,Sri Lanka,Allrounder,43,2,4132,122.1,79,5.71,47.89,CSK,8.48
2988,Harshit Naidu,42,West Indies,Batter,482,20,4471,100.8,15,8.07,39.18,CSK,11.19
2989,Irfan Chopra,40,England,Bowler,130,8,1097,142.6,440,6.67,42.02,PBKS,13.2
2990,Amit Mehta,30,West Indies,Allrounder,110,4,4400,137.6,300,5.53,43.71,MI,13.33
2991,Arjun Deshmukh,18,India,Allrounder,25,1,8833,119.7,467,5.09,31.65,MI,14.08
2992,Aditya Shetty,32,South Africa,Allrounder,121,5,3538,108.0,348,7.34,40.68,PBKS,10.4
2993,Amit Kulkarni,39,Sri Lanka,Wicketkeeper,60,4,3328,149.8,0,0.0,47.92,LSG,8.29
2994,Sameer Malik,27,Australia,Bowler,25,1,3656,153.7,399,7.5,20.37,CSK,7.16
2995,Amit Shetty,21,West Indies,Allrounder,54,3,2959,119.8,81,7.18,50.09,KKR,7.8
2996,Nikhil Reddy,35,India,Bowler,16,1,977,153.9,606,4.96,41.48,RR,13.23
2997,Pranav Verma,29,Sri Lanka,Wicketkeeper,138,9,4983,142.6,0,0.0,23.0,CSK,8.54
2998,Nikhil Deshmukh,30,India,Bowler,138,6,1157,140.5,788,4.7,20.77,DC,17.54
2999,Irfan Yadav,31,England,Bowler,286,12,541,95.8,284,7.1,43.0,KKR,10.29
3000,Rohan Verma,19,West Indies,Wicketkeeper,16,1,9577,116.9,0,0.0,41.4,CSK,7.47
3001,Amit Mehta,33,India,Wicketkeeper,18,1,4018,136.8,0,0.0,31.99,RCB,7.68
3002,Rahul Patel,35,India,Bowler,249,10,1550,99.2,182,4.41,40.61,KKR,10.74
3003,Arjun Singh,21,India,Allrounder,40,2,2835,139.5,449,6.82,37.84,GT,13.93
3004,Pranav Patel,30,South Africa,Bowler,62,4,1209,118.9,545,5.61,20.93,MI,11.91
3005,Amit Singh,39,Sri Lanka,Bowler,176,6,28,153.6,567,5.28,50.57,KKR,11.23
3006,Aditya Verma,33,Sri Lanka,Allrounder,82,5,8574,130.3,312,6.15,49.66,SRH,13.16
3007,Rahul Naidu,39,Australia,Bowler,124,5,3055,96.1,155,5.68,22.61,MI,4.91
3008,Aditya Yadav,37,Australia,Allrounder,500,19,8679,153.2,445,6.79,44.26,PBKS,20.0
3009,Manoj Iyer,33,India,Wicketkeeper,258,13,7852,99.3,0,0.0,26.63,RR,12.46
3010,Sameer Sharma,40,India,Wicketkeeper,291,19,4758,141.3,0,0.0,49.45,DC,14.41
3011,Aditya Chopra,41,India,Batter,228,13,9127,133.7,15,8.16,20.99,SRH,15.41
3012,Vikas Khan,35,West Indies,Batter,327,15,3793,142.3,10,8.9,29.07,RR,9.97
3013,Amit Reddy,19,India,Bowler,28,1,3396,107.9,88,6.69,21.41,RR,3.96
3014,Aditya Chopra,29,South Africa,Bowler,23,1,3430,105.7,88,4.76,31.82,MI,5.0
3015,Amit Malik,37,India,Batter,330,18,5701,125.5,1,7.46,36.69,KKR,15.34
3016,Sandeep Singh,41,India,Batter,197,8,7297,96.8,10,6.95,41.18,RCB,9.58
3017,Harshit Singh,23,Sri Lanka,Wicketkeeper,52,2,8507,118.7,0,0.0,30.45,PBKS,6.07
3018,Nikhil Kulkarni,25,South Africa,Batter,110,7,3811,139.8,13,9.03,50.02,RCB,9.04
3019,Ankit Khan,19,Australia,Wicketkeeper,25,1,6723,124.7,0,0.0,24.58,LSG,8.49
3020,Ankit Verma,26,Australia,Batter,89,3,7674,107.4,10,8.44,35.44,GT,10.71
3021,Rahul Chopra,25,West Indies,Batter,90,5,14769,144.5,12,6.23,24.41,CSK,14.2
3022,Arjun Yadav,29,Australia,Allrounder,249,11,4761,146.9,247,8.16,36.26,SRH,12.26
3023,Sandeep Patel,23,Sri Lanka,Allrounder,31,2,4079,132.2,398,7.61,48.11,LSG,11.65
3024,Vikas Shetty,31,India,Batter,208,7,9881,142.1,4,7.51,36.19,RR,12.82
3025,Amit Naidu,27,Australia,Wicketkeeper,249,9,5027,151.5,0,0.0,37.02,CSK,11.65
3026,Amit Iyer,42,England,Wicketkeeper,414,14,3530,122.8,0,0.0,47.48,KKR,12.45
3027,Amit Patel,29,India,Allrounder,136,9,2055,128.3,265,7.88,26.29,DC,11.82
3028,Manoj Naidu,25,England,Batter,144,6,3884,153.1,11,7.64,46.35,MI,9.65
3029,Ankit Iyer,34,Australia,Batter,302,15,4229,97.0,6,8.84,36.38,RCB,10.18
3030,Rohan Naidu,25,Australia,Allrounder,82,5,7313,144.8,232,7.26,21.72,PBKS,7.86
3031,Rahul Kulkarni,26,Sri Lanka,Bowler,164,6,222,127.9,406,7.24,26.91,DC,9.24
3032,Nikhil Khan,41,West Indies,Batter,388,15,12430,111.9,12,7.11,38.58,MI,16.84
3033,Irfan Deshmukh,31,India,Allrounder,289,12,4204,104.5,238,5.18,48.44,RR,13.36
3034,Vikas Khan,21,Sri Lanka,Bowler,61,3,2569,109.0,766,4.5,35.87,DC,14.27
3035,Arjun Sharma,35,Sri Lanka,Wicketkeeper,237,15,5543,126.0,0,0.0,46.73,DC,12.69
3036,Irfan Naidu,25,West Indies,Wicketkeeper,123,6,6503,121.8,0,0.0,47.65,MI,10.17
3037,Sandeep Sharma,18,England,Bowler,28,1,2002,101.8,327,6.35,25.47,PBKS,7.29
3038,Aditya Deshmukh,24,Sri Lanka,Bowler,36,2,3220,118.8,778,5.66,46.02,PBKS,12.61
3039,Rohan Verma,22,India,Wicketkeeper,57,2,11686,129.8,0,0.0,33.58,CSK,12.87
3040,Harshit Iyer,22,Sri Lanka,Bowler,69,3,2528,108.6,687,4.65,40.14,RR,14.07
3041,Sandeep Naidu,38,India,Allrounder,169,6,7309,125.9,121,6.48,25.97,LSG,12.11
3042,Pranav Iyer,25,India,Allrounder,120,6,7119,146.2,133,7.32,29.03,CSK,11.49
3043,Aditya Sharma,18,South Africa,Allrounder,21,1,3367,153.5,429,6.72,31.66,MI,10.27
3044,Rohan Iyer,23,Australia,Allrounder,138,5,6905,100.4,76,7.08,41.21,KKR,10.44
3045,Sameer Mehta,37,Sri Lanka,Bowler,454,19,3358,152.6,408,4.34,45.05,CSK,13.65
3046,Aditya Singh,20,South Africa,Allrounder,31,2,8994,137.2,266,7.76,40.64,RCB,12.15
3047,Vikas Chopra,28,India,Batter,108,7,3061,146.5,12,7.57,53.49,KKR,10.8
3048,Pranav Iyer,27,South Africa,Bowler,100,4,2968,150.9,877,5.9,40.42,RCB,16.53
3049,Karthik Naidu,22,India,Wicketkeeper,36,2,3735,127.3,0,0.0,35.91,LSG,10.07
3050,Manoj Reddy,31,Sri Lanka,Batter,187,12,10257,95.2,0,6.73,28.45,SRH,10.41
3051,Amit Yadav,24,India,Allrounder,117,5,6532,117.8,200,6.78,35.7,RR,11.08
3052,Sandeep Kulkarni,23,India,Allrounder,79,5,6745,116.0,282,8.43,35.83,SRH,11.28
3053,Sandeep Khan,40,Australia,Batter,154,10,14065,97.9,13,6.47,47.14,LSG,13.36
3054,Arjun Iyer,33,Sri Lanka,Allrounder,302,13,2628,140.6,230,7.0,25.25,RR,14.35
3055,Irfan Iyer,36,India,Wicketkeeper,22,1,9132,129.3,0,0.0,28.88,CSK,9.89
3056,Pranav Malik,24,Australia,Allrounder,127,5,7471,95.7,76,5.8,24.56,RR,8.84
3057,Ankit Mehta,27,India,Allrounder,133,8,5782,102.0,151,6.08,54.51,LSG,12.65
3058,Irfan Mehta,36,Australia,Allrounder,393,16,8986,102.8,401,6.08,26.97,MI,14.85
3059,Nikhil Deshmukh,34,England,Batter,418,14,8137,98.8,0,8.06,50.19,PBKS,13.84
3060,Irfan Reddy,27,Australia,Bowler,73,4,522,109.8,214,7.65,35.75,RR,6.8
3061,Sameer Reddy,41,India,Allrounder,132,8,2785,133.4,407,5.08,34.49,MI,12.5
3062,Ankit Mehta,35,West Indies,Batter,66,3,6735,107.4,8,6.95,42.89,SRH,8.51
3063,Sandeep Kulkarni,18,South Africa,Batter,20,1,5252,105.8,6,7.46,44.12,LSG,6.18
3064,Karthik Verma,36,India,Allrounder,429,17,4757,146.5,406,6.98,24.11,RCB,15.56
3065,Rahul Malik,32,West Indies,Wicketkeeper,314,12,4815,142.1,0,0.0,43.57,GT,13.18
3066,Arjun Kulkarni,22,Sri Lanka,Wicketkeeper,31,2,7903,101.9,0,0.0,44.32,GT,11.0
3067,Rahul Reddy,39,India,Allrounder,466,18,7214,151.7,79,6.55,24.96,GT,16.52
3068,Nikhil Kulkarni,41,South Africa,Allrounder,144,7,5330,117.9,422,7.25,53.49,DC,12.34
3069,Manoj Sharma,36,West Indies,Allrounder,489,18,7125,152.7,267,6.15,51.55,DC,18.6
3070,Vikas Khan,37,India,Wicketkeeper,135,9,9787,111.2,0,0.0,48.12,GT,12.0
3071,Harshit Patel,22,West Indies,Wicketkeeper,31,2,11903,154.7,0,0.0,28.84,CSK,14.3
3072,Manoj Reddy,22,India,Batter,66,4,9859,126.2,10,7.53,30.32,RCB,12.41
3073,Pranav Chopra,29,Australia,Wicketkeeper,132,6,10679,95.9,0,0.0,27.7,RR,13.18
3074,Ankit Singh,39,Sri Lanka,Wicketkeeper,435,17,4136,111.9,0,0.0,35.53,DC,11.49
3075,Manoj Verma,23,India,Wicketkeeper,48,3,8831,105.3,0,0.0,50.56,CSK,13.73
3076,Arjun Shetty,34,West Indies,Allrounder,444,15,2587,100.1,189,7.47,42.75,RR,13.9
3077,Rahul Reddy,39,England,Allrounder,38,2,4163,152.4,94,7.29,20.11,RR,8.22
3078,Irfan Verma,22,India,Allrounder,54,2,5696,150.7,341,5.87,52.62,SRH,13.39
3079,Amit Iyer,37,India,Allrounder,375,16,4830,140.9,313,7.52,23.2,KKR,15.4
3080,Irfan Singh,31,India,Bowler,17,1,1853,108.9,100,5.95,26.34,LSG,7.74
3081,Amit Khan,25,Australia,Bowler,111,4,3836,103.1,354,7.08,36.4,PBKS,9.07
3082,Amit Iyer,22,England,Wicketkeeper,53,2,3294,151.3,0,0.0,26.5,CSK,5.24
3083,Nikhil Shetty,35,India,Batter,147,8,7409,154.7,0,9.42,39.45,SRH,12.08
3084,Irfan Mehta,36,Sri Lanka,Batter,420,14,12434,114.0,15,6.6,34.86,LSG,16.5
3085,Sandeep Chopra,22,India,Allrounder,58,3,4470,111.8,239,6.08,54.03,SRH,11.51
3086,Rohan Singh,37,Sri Lanka,Batter,187,9,8798,139.0,12,6.54,20.01,CSK,11.74
3087,Rohan Chopra,42,England,Wicketkeeper,600,23,6149,130.8,0,0.0,52.06,CSK,18.53
3088,Sameer Singh,36,West Indies,Batter,146,9,5299,106.1,13,7.01,42.81,PBKS,6.82
3089,Rohan Iyer,18,India,Allrounder,17,1,4398,136.3,311,7.49,31.18,CSK,10.39
3090,Arjun Verma,37,India,Allrounder,134,5,3066,152.4,472,5.88,52.32,PBKS,11.93
3091,Vikas Patel,27,Sri Lanka,Batter,87,3,10533,145.8,15,7.6,35.83,PBKS,13.54
3092,Karthik Singh,27,England,Wicketkeeper,164,9,7558,120.5,0,0.0,25.49,PBKS,10.89
3093,Sameer Kulkarni,20,India,Allrounder,36,2,1530,127.2,296,6.49,20.79,GT,9.79
3094,Harshit Kulkarni,34,South Africa,Allrounder,140,5,8102,141.9,181,6.55,43.8,GT,10.93
3095,Sandeep Yadav,21,India,Wicketkeeper,72,3,3010,133.1,0,0.0,51.83,KKR,11.12
3096,Aditya Chopra,41,Australia,Allrounder,399,21,5262,128.4,255,5.06,47.56,RR,17.05
3097,Rahul Malik,33,India,Bowler,75,5,1572,114.4,492,6.06,24.77,LSG,12.59
3098,Pranav Kulkarni,23,England,Bowler,86,5,3325,123.2,622,7.37,50.73,MI,11.75
3099,Arjun Chopra,42,Australia,Wicketkeeper,54,3,8750,130.2,0,0.0,43.6,RCB,10.91
3100,Manoj Mehta,29,India,Allrounder,143,6,2751,134.5,160,7.81,33.93,GT,10.04
3101,Vikas Kulkarni,22,India,Bowler,88,4,2558,143.2,594,5.95,33.08,LSG,14.47
3102,Sameer Iyer,36,Sri Lanka,Bowler,16,1,147,100.7,805,5.47,52.01,KKR,15.26
3103,Irfan Verma,42,Sri Lanka,Allrounder,224,14,6997,133.9,494,5.32,34.46,GT,16.44
3104,Karthik Mehta,35,Australia,Wicketkeeper,153,9,9793,119.3,0,0.0,43.78,DC,11.64
3105,Ankit Yadav,31,West Indies,Allrounder,129,8,8205,130.6,489,5.23,47.02,PBKS,15.3
3106,Aditya Yadav,35,West Indies,Wicketkeeper,32,2,8279,144.7,0,0.0,25.97,LSG,8.21
3107,Karthik Mehta,36,West Indies,Allrounder,82,3,3978,134.4,229,8.14,50.86,CSK,10.13
3108,Manoj Malik,34,India,Bowler,324,13,1079,127.5,643,5.84,52.17,GT,17.98
3109,Vikas Chopra,34,India,Wicketkeeper,229,15,10347,149.0,0,0.0,35.69,CSK,14.22
3110,Vikas Mehta,30,India,Bowler,35,2,469,118.6,726,5.04,33.57,RR,13.22
3111,Pranav Malik,39,India,Batter,580,20,11959,111.1,3,7.0,50.14,DC,20.0
3112,Arjun Shetty,22,India,Batter,101,4,11002,135.7,0,6.24,26.05,RCB,13.06
3113,Irfan Patel,30,Sri Lanka,Batter,180,7,5161,98.7,7,7.21,29.45,CSK,7.11
3114,Nikhil Chopra,33,South Africa,Bowler,336,13,2485,148.1,316,6.92,27.75,RCB,12.29
3115,Pranav Verma,25,Sri Lanka,Wicketkeeper,47,3,6474,122.8,0,0.0,36.46,PBKS,9.28
3116,Manoj Naidu,40,Sri Lanka,Batter,295,11,13062,140.8,13,9.06,37.96,DC,16.12
3117,Ankit Singh,34,India,Bowler,222,8,1994,145.8,532,6.55,20.33,LSG,13.18
3118,Harshit Iyer,25,India,Batter,131,6,8394,149.4,10,7.41,45.91,KKR,15.33
3119,Karthik Kulkarni,38,England,Allrounder,34,2,6773,126.8,87,6.9,32.17,CSK,10.32
3120,Arjun Verma,34,Australia,Bowler,251,16,1274,134.3,456,5.98,34.64,SRH,12.7
3121,Rahul Verma,34,Australia,Batter,166,7,3842,146.7,3,8.5,25.41,MI,8.3
3122,Pranav Shetty,42,India,Bowler,100,5,1640,119.5,628,5.72,44.06,DC,14.17
3123,Pranav Shetty,32,West Indies,Allrounder,49,2,2111,133.4,420,5.87,50.71,RR,10.16
3124,Nikhil Naidu,19,India,Wicketkeeper,19,1,6303,120.1,0,0.0,51.89,GT,9.84
3125,Ankit Reddy,38,Australia,Allrounder,217,10,4875,101.4,282,8.48,28.16,GT,11.53
3126,Sameer Shetty,36,South Africa,Batter,259,10,7885,152.5,0,9.33,23.42,KKR,10.43
3127,Sandeep Mehta,20,Sri Lanka,Bowler,36,2,3106,104.7,590,4.06,54.86,DC,13.62
3128,Ankit Mehta,34,England,Batter,162,7,14573,125.2,5,6.63,49.69,LSG,15.97
3129,Vikas Patel,37,South Africa,Wicketkeeper,146,5,5914,96.2,0,0.0,41.16,GT,8.31
3130,Nikhil Malik,40,England,Bowler,47,2,1508,146.7,802,5.05,29.92,MI,13.77
3131,Irfan Yadav,39,India,Bowler,226,10,370,135.5,464,6.61,27.75,KKR,13.02
3132,Arjun Singh,41,West Indies,Batter,243,12,12553,119.6,13,6.12,30.12,SRH,12.42
3133,Sameer Yadav,30,Australia,Wicketkeeper,27,1,10215,143.5,0,0.0,48.01,SRH,13.68
3134,Sandeep Deshmukh,40,England,Wicketkeeper,226,9,11425,122.4,0,0.0,41.23,MI,13.88
3135,Rohan Deshmukh,27,India,Wicketkeeper,43,2,3542,131.3,0,0.0,48.95,PBKS,10.16
3136,Amit Iyer,32,India,Allrounder,18,1,4813,111.5,329,6.49,29.28,RCB,11.66
3137,Sameer Patel,35,Australia,Allrounder,62,3,6969,121.9,285,6.88,35.4,KKR,9.17
3138,Aditya Mehta,30,West Indies,Batter,232,12,14370,138.1,15,6.32,27.48,SRH,17.31
3139,Aditya Iyer,32,India,Batter,143,5,9636,119.8,9,6.69,27.97,PBKS,12.39
3140,Vikas Shetty,39,India,Bowler,532,21,3939,117.3,729,6.22,35.71,CSK,20.0
3141,Aditya Malik,29,India,Wicketkeeper,21,1,9309,127.2,0,0.0,27.12,RCB,8.72
3142,Rahul Mehta,30,South Africa,Wicketkeeper,172,8,9635,104.3,0,0.0,50.81,RR,12.46
3143,Ankit Deshmukh,20,India,Bowler,23,1,712,119.7,112,5.65,21.25,RR,5.56
3144,Pranav Deshmukh,22,Australia,Bowler,49,2,2410,128.3,637,5.89,39.56,KKR,12.42
3145,Aditya Naidu,19,West Indies,Bowler,22,1,3649,105.6,511,6.69,28.83,RR,9.88
3146,Rahul Naidu,33,India,Batter,131,6,5453,151.8,9,8.84,24.76,LSG,10.31
3147,Rohan Verma,26,India,Batter,132,7,7019,107.9,11,7.74,22.1,CSK,9.72
3148,Irfan Reddy,20,South Africa,Allrounder,58,2,4016,103.6,111,6.14,44.85,DC,7.79
3149,Arjun Reddy,30,Sri Lanka,Batter,19,1,9219,103.6,6,7.87,20.32,KKR,7.29
3150,Sameer Mehta,20,England,Wicketkeeper,48,2,5087,143.5,0,0.0,26.17,DC,9.12
3151,Pranav Naidu,38,Australia,Wicketkeeper,101,6,7392,131.4,0,0.0,31.79,RR,9.61
3152,Vikas Khan,37,England,Batter,30,2,5931,113.9,10,8.05,23.04,GT,3.26
3153,Irfan Khan,28,Australia,Bowler,59,2,2798,106.3,341,4.85,34.98,SRH,8.75
3154,Sandeep Iyer,35,West Indies,Wicketkeeper,253,13,11882,134.5,0,0.0,29.23,GT,13.77
3155,Harshit Yadav,18,India,Wicketkeeper,23,1,8417,95.7,0,0.0,38.16,KKR,7.68
3156,Ankit Kulkarni,26,Australia,Batter,179,7,6243,152.8,4,8.12,40.63,LSG,10.39
3157,Rohan Deshmukh,29,Sri Lanka,Batter,46,2,11471,129.4,14,7.65,52.48,PBKS,12.96
3158,Rahul Iyer,36,Australia,Bowler,168,11,2388,114.4,409,7.15,28.3,CSK,12.11
3159,Karthik Kulkarni,27,South Africa,Wicketkeeper,66,4,10918,110.8,0,0.0,37.65,RR,11.81
3160,Arjun Sharma,24,India,Allrounder,30,1,3492,125.2,83,7.6,22.37,CSK,7.45
3161,Ankit Patel,27,Australia,Batter,74,4,10096,143.4,15,8.53,30.13,MI,12.47
3162,Pranav Patel,35,Sri Lanka,Bowler,414,14,2246,120.6,159,6.52,51.12,CSK,10.36
3163,Amit Mehta,35,West Indies,Batter,306,15,9934,126.5,9,8.96,44.2,RR,14.27
3164,Irfan Sharma,22,West Indies,Wicketkeeper,86,3,2537,148.0,0,0.0,37.35,RR,6.63
3165,Vikas Khan,22,England,Bowler,120,4,1078,140.2,263,5.19,27.7,MI,6.47
3166,Manoj Sharma,40,India,Batter,129,7,3888,146.9,5,7.36,45.35,CSK,10.33
3167,Pranav Deshmukh,34,India,Allrounder,382,14,4174,107.9,465,6.41,32.46,DC,16.57
3168,Aditya Patel,22,Australia,Allrounder,55,2,2756,105.6,53,5.99,46.02,MI,7.16
3169,Amit Patel,30,India,Wicketkeeper,137,7,7738,110.1,0,0.0,35.9,DC,11.52
3170,Amit Patel,41,South Africa,Bowler,412,19,842,153.9,837,5.47,33.69,RR,18.6
3171,Sandeep Malik,34,Australia,Bowler,79,5,129,100.4,407,4.3,40.68,RCB,10.96
3172,Sandeep Kulkarni,25,India,Bowler,152,7,1547,120.1,223,6.28,35.11,RCB,8.21
3173,Pranav Deshmukh,38,India,Batter,17,1,4865,126.0,6,6.19,37.67,PBKS,9.44
3174,Vikas Mehta,26,India,Bowler,104,5,2628,101.2,258,4.57,24.33,MI,9.1
3175,Rahul Shetty,29,India,Wicketkeeper,60,3,6664,101.1,0,0.0,41.34,KKR,9.27
3176,Ankit Iyer,28,Australia,Allrounder,128,7,5600,110.1,244,5.69,26.08,KKR,9.2
3177,Manoj Shetty,27,India,Wicketkeeper,108,5,10888,152.5,0,0.0,49.91,CSK,14.81
3178,Rohan Iyer,31,England,Bowler,136,7,1791,114.7,848,4.88,27.35,CSK,17.53
3179,Pranav Khan,32,Australia,Wicketkeeper,311,11,11513,124.5,0,0.0,20.69,KKR,15.21
3180,Nikhil Naidu,38,England,Bowler,283,12,3419,126.4,872,6.55,51.45,KKR,19.04
3181,Manoj Reddy,20,England,Bowler,48,2,3469,143.2,147,4.62,47.72,DC,7.4
3182,Sandeep Singh,26,West Indies,Wicketkeeper,127,8,9324,102.6,0,0.0,33.95,KKR,9.82
3183,Rohan Naidu,31,India,Batter,106,5,9624,110.3,11,6.6,29.21,DC,11.69
3184,Harshit Verma,23,South Africa,Wicketkeeper,65,3,6322,128.4,0,0.0,34.4,RR,8.13
3185,Sandeep Shetty,28,West Indies,Wicketkeeper,116,4,8055,151.9,0,0.0,24.42,PBKS,12.93
3186,Rohan Yadav,41,Sri Lanka,Bowler,238,8,2426,108.8,234,7.7,47.05,RR,6.86
3187,Karthik Patel,27,Sri Lanka,Allrounder,57,2,6782,103.6,397,6.19,50.03,RCB,12.6
3188,Ankit Verma,31,Australia,Bowler,86,4,2246,134.5,416,5.17,39.83,KKR,11.5
3189,Pranav Mehta,34,South Africa,Bowler,410,14,414,124.7,482,5.79,45.63,CSK,17.18
3190,Rohan Mehta,41,India,Bowler,309,18,1700,135.1,178,4.33,51.35,LSG,12.25
3191,Rahul Reddy,29,India,Batter,104,4,10567,103.4,2,6.2,45.08,GT,14.01
3192,Karthik Shetty,18,Sri Lanka,Batter,19,1,9218,119.2,1,7.53,24.79,KKR,11.49
3193,Harshit Malik,33,India,Bowler,250,12,2196,102.6,708,5.93,36.68,CSK,16.47
3194,Arjun Khan,31,South Africa,Batter,213,8,7507,110.5,6,8.67,36.83,RCB,9.28
3195,Rohan Reddy,21,Australia,Batter,29,1,9502,136.2,5,9.47,49.45,KKR,8.76
3196,Aditya Mehta,28,South Africa,Bowler,112,5,1410,141.1,848,5.58,21.42,RCB,16.65
3197,Nikhil Patel,30,India,Bowler,107,4,3812,107.2,679,4.47,34.07,LSG,13.28
3198,Vikas Reddy,36,Australia,Batter,279,10,13894,115.8,2,8.96,42.91,PBKS,15.61
3199,Pranav Reddy,39,Australia,Bowler,96,4,1884,130.2,170,6.7,32.5,RR,6.74
3200,Pranav Sharma,37,West Indies,Wicketkeeper,267,14,6079,129.6,0,0.0,31.98,RR,12.19
3201,Amit Patel,28,India,Batter,70,4,8732,154.6,0,6.29,24.45,RR,13.3
3202,Nikhil Mehta,21,India,Bowler,54,2,3089,147.7,163,4.27,30.56,SRH,8.79
3203,Rohan Verma,24,Sri Lanka,Bowler,59,2,2727,114.7,509,6.47,33.7,KKR,11.73
3204,Pranav Verma,33,India,Bowler,237,11,186,115.6,656,5.0,34.37,GT,15.54
3205,Aditya Sharma,35,South Africa,Batter,261,9,12838,125.7,6,8.52,53.02,MI,15.3
3206,Sameer Chopra,19,India,Allrounder,27,1,1585,125.2,184,5.15,40.45,MI,8.24
3207,Amit Malik,36,India,Batter,47,3,5466,97.9,13,9.22,40.07,SRH,9.37
3208,Sameer Chopra,31,India,Wicketkeeper,58,2,3148,146.2,0,0.0,28.47,CSK,10.14
3209,Rahul Malik,25,Australia,Bowler,77,3,3667,96.1,840,7.33,45.64,KKR,14.71
3210,Sameer Iyer,28,India,Allrounder,115,5,3117,134.4,78,8.27,35.37,CSK,11.41
3211,Nikhil Kulkarni,31,Sri Lanka,Wicketkeeper,18,1,5865,97.7,0,0.0,52.2,MI,6.51
3212,Rahul Singh,35,India,Batter,374,13,4415,96.7,15,7.65,44.14,LSG,14.52
3213,Harshit Deshmukh,21,Australia,Bowler,15,1,554,102.5,390,5.83,27.5,MI,9.86
3214,Sandeep Khan,32,West Indies,Batter,187,11,7740,129.5,2,6.23,41.77,GT,13.31
3215,Irfan Kulkarni,21,England,Wicketkeeper,19,1,10439,125.3,0,0.0,48.6,SRH,13.14
3216,Manoj Naidu,40,England,Bowler,76,3,1558,131.9,381,7.27,20.45,GT,5.98
3217,Vikas Chopra,31,India,Batter,118,4,13439,120.1,15,8.43,39.79,MI,14.58
3218,Rahul Shetty,27,Australia,Wicketkeeper,35,2,6587,133.9,0,0.0,32.26,PBKS,8.25
3219,Ankit Verma,38,India,Batter,105,5,4350,103.0,10,9.21,43.5,CSK,9.65
3220,Manoj Mehta,24,India,Batter,69,3,4088,150.5,13,6.02,23.94,RR,8.21
3221,Ankit Iyer,35,India,Allrounder,262,9,7558,115.0,199,5.33,33.07,DC,15.25
3222,Pranav Singh,20,Sri Lanka,Bowler,17,1,3826,130.1,804,4.81,35.5,SRH,15.64
3223,Arjun Chopra,32,South Africa,Allrounder,249,10,6452,114.2,184,5.12,48.37,DC,13.94
3224,Amit Singh,34,England,Batter,175,8,10396,138.5,11,8.41,44.43,MI,14.16
3225,Ankit Singh,39,Australia,Bowler,232,13,3488,101.0,268,5.18,29.54,GT,9.35
3226,Karthik Iyer,32,South Africa,Batter,199,11,13705,153.8,11,8.91,37.28,RR,15.74
3227,Rohan Reddy,30,Sri Lanka,Batter,92,6,13868,103.4,1,6.03,31.27,CSK,14.61
3228,Rahul Malik,20,India,Allrounder,56,2,4597,99.5,300,7.03,53.02,KKR,11.69
3229,Rohan Sharma,38,Sri Lanka,Bowler,409,14,3309,149.8,185,5.39,47.32,GT,11.75
3230,Manoj Chopra,18,India,Wicketkeeper,23,1,4143,140.3,0,0.0,41.24,PBKS,8.57
3231,Amit Naidu,33,India,Bowler,57,3,2054,133.3,817,6.38,42.01,RR,13.06
3232,Irfan Shetty,21,India,Allrounder,22,1,2670,154.2,322,6.94,45.63,RCB,9.65
3233,Arjun Iyer,22,India,Bowler,47,2,1137,147.3,562,6.95,27.55,SRH,14.06
3234,Ankit Mehta,28,Australia,Bowler,47,3,5,124.0,359,4.32,37.99,PBKS,8.02
3235,Karthik Mehta,20,India,Allrounder,26,1,8790,121.6,440,7.9,39.98,MI,12.96
3236,Sameer Yadav,21,India,Batter,65,3,6182,97.3,10,7.84,41.53,DC,10.37
3237,Sandeep Shetty,42,India,Bowler,436,15,31,104.5,890,7.15,40.8,GT,18.8
3238,Pranav Deshmukh,31,Sri Lanka,Batter,146,5,3670,104.9,14,8.08,24.32,DC,7.2
3239,Sandeep Khan,34,India,Batter,228,8,4192,118.6,0,9.43,27.96,GT,11.47
3240,Sameer Malik,27,India,Allrounder,39,2,2132,135.1,353,5.6,41.33,DC,11.45
3241,Sameer Kulkarni,28,Australia,Batter,75,3,12104,100.3,13,8.25,51.27,SRH,15.87
3242,Arjun Sharma,32,India,Bowler,140,5,2761,113.8,648,5.48,36.18,RCB,12.95
3243,Manoj Yadav,37,Sri Lanka,Batter,236,8,12162,146.8,0,7.37,52.52,DC,17.35
3244,Arjun Mehta,39,India,Wicketkeeper,132,8,6135,113.2,0,0.0,50.24,MI,11.24
3245,Rohan Khan,39,South Africa,Wicketkeeper,594,20,2725,141.9,0,0.0,52.58,KKR,16.33
3246,Ankit Khan,28,England,Allrounder,165,6,6187,129.6,196,5.86,29.61,LSG,12.13
3247,Sandeep Mehta,40,South Africa,Allrounder,28,1,6140,95.3,366,7.88,39.77,CSK,8.11
3248,Sameer Iyer,19,West Indies,Allrounder,28,1,1621,114.4,233,6.19,42.57,GT,7.91
3249,Ankit Reddy,20,India,Wicketkeeper,22,1,9911,146.1,0,0.0,41.32,LSG,10.28
3250,Karthik Khan,42,India,Allrounder,237,9,4107,110.9,113,7.99,38.18,CSK,11.79
3251,Sameer Yadav,32,West Indies,Batter,113,7,7896,95.7,1,7.58,39.49,RR,10.13
3252,Pranav Sharma,22,Australia,Bowler,57,3,1961,130.5,820,6.51,45.77,GT,14.77
3253,Pranav Mehta,30,Australia,Bowler,218,10,1234,99.0,550,6.17,24.08,RR,14.48
3254,Ankit Shetty,42,West Indies,Bowler,312,16,2766,111.5,268,6.27,22.79,CSK,11.36
3255,Sameer Verma,25,India,Bowler,128,6,2098,128.3,84,5.63,31.51,RCB,8.34
3256,Rahul Naidu,42,Australia,Allrounder,33,2,7399,133.6,209,7.52,31.65,RCB,8.09
3257,Nikhil Patel,28,West Indies,Wicketkeeper,81,4,7666,140.3,0,0.0,42.7,DC,10.32
3258,Manoj Iyer,32,South Africa,Batter,76,5,5656,128.2,8,8.23,20.4,LSG,9.56
3259,Amit Yadav,23,India,Wicketkeeper,87,3,4865,136.8,0,0.0,33.16,KKR,11.87
3260,Ankit Iyer,37,India,Allrounder,247,11,6743,144.1,315,8.3,40.57,KKR,14.6
3261,Amit Verma,22,India,Bowler,98,4,1782,107.2,481,4.96,31.91,CSK,12.44
3262,Karthik Iyer,23,Sri Lanka,Batter,112,5,5571,112.8,4,7.67,38.02,MI,7.59
3263,Rahul Reddy,22,West Indies,Allrounder,20,1,8915,153.7,101,5.58,23.78,LSG,11.38
3264,Nikhil Iyer,29,South Africa,Bowler,319,11,859,149.8,566,7.54,38.39,RR,15.08
3265,Sandeep Malik,18,India,Bowler,21,1,496,121.2,316,6.75,42.05,DC,10.51
3266,Rohan Chopra,36,India,Batter,113,6,5477,113.1,1,7.19,40.24,DC,9.05
3267,Rahul Mehta,31,India,Batter,36,2,9122,129.8,7,7.74,30.03,KKR,11.03
3268,Rahul Mehta,33,India,Wicketkeeper,164,10,2855,117.0,0,0.0,22.94,CSK,9.78
3269,Manoj Patel,23,India,Allrounder,98,5,8395,110.2,214,5.18,22.6,RR,13.14
3270,Aditya Naidu,30,West Indies,Allrounder,274,12,4399,143.8,347,5.36,21.36,MI,13.72
3271,Nikhil Mehta,27,India,Wicketkeeper,15,1,7180,134.5,0,0.0,29.54,RCB,9.39
3272,Sandeep Deshmukh,42,India,Bowler,278,12,2666,124.1,722,7.31,30.7,KKR,17.61
3273,Rohan Singh,32,Australia,Batter,176,8,7717,117.9,7,7.81,39.75,RR,12.17
3274,Nikhil Verma,32,India,Batter,18,1,4315,154.8,14,6.4,34.89,DC,8.46
3275,Aditya Reddy,33,India,Wicketkeeper,149,7,5396,115.9,0,0.0,44.86,DC,12.94
3276,Rahul Iyer,39,India,Wicketkeeper,381,16,3917,116.8,0,0.0,49.16,CSK,15.18
3277,Karthik Chopra,40,South Africa,Allrounder,352,21,8030,138.2,409,6.59,23.76,CSK,16.72
3278,Sandeep Yadav,37,India,Bowler,42,2,1959,139.1,721,7.22,27.41,MI,13.42
3279,Manoj Kulkarni,35,South Africa,Batter,277,15,8493,114.0,7,6.51,54.16,LSG,14.74
3280,Pranav Naidu,22,West Indies,Bowler,41,2,2399,122.4,239,4.98,21.05,MI,6.29
3281,Irfan Kulkarni,20,Australia,Wicketkeeper,26,1,9284,118.8,0,0.0,40.0,GT,9.8
3282,Rahul Verma,25,Australia,Batter,72,4,3353,126.0,1,9.34,48.67,RCB,5.33
3283,Irfan Singh,18,West Indies,Wicketkeeper,19,1,6486,127.8,0,0.0,21.43,KKR,8.6
3284,Sandeep Verma,40,England,Bowler,83,3,2698,129.5,721,5.2,53.27,RR,11.62
3285,Nikhil Yadav,34,Sri Lanka,Wicketkeeper,388,13,11271,146.5,0,0.0,27.99,RCB,18.28
3286,Karthik Kulkarni,40,India,Batter,262,9,9762,107.1,10,6.77,52.29,GT,14.29
3287,Sameer Yadav,36,India,Allrounder,47,3,2272,141.5,90,7.98,33.75,GT,8.33
3288,Irfan Reddy,42,India,Batter,244,9,9437,122.9,9,7.77,28.87,DC,12.85
3289,Irfan Shetty,23,England,Wicketkeeper,64,4,4867,125.3,0,0.0,21.07,KKR,7.34
3290,Ankit Singh,33,India,Allrounder,76,3,8335,148.2,227,5.46,46.31,KKR,15.22
3291,Sameer Shetty,39,Sri Lanka,Allrounder,300,13,3631,126.0,310,6.48,32.95,RR,9.87
3292,Nikhil Reddy,32,India,Allrounder,206,9,8169,142.1,450,7.59,46.71,RCB,17.9
3293,Irfan Patel,36,Australia,Allrounder,254,10,6623,107.3,110,7.53,31.83,CSK,11.46
3294,Nikhil Iyer,28,South Africa,Wicketkeeper,25,1,8776,123.2,0,0.0,31.58,PBKS,8.29
3295,Sandeep Malik,35,South Africa,Batter,197,11,10328,114.8,13,8.64,24.84,CSK,11.07
3296,Nikhil Yadav,40,India,Bowler,397,16,1805,153.8,678,5.52,27.91,DC,20.0
3297,Pranav Khan,42,India,Allrounder,114,7,2573,121.0,334,7.14,22.49,SRH,9.52
3298,Irfan Shetty,21,India,Wicketkeeper,35,2,4914,124.3,0,0.0,44.58,DC,8.1
3299,Karthik Chopra,24,Australia,Wicketkeeper,67,3,10573,125.8,0,0.0,50.52,CSK,13.44
3300,Irfan Khan,41,England,Wicketkeeper,344,19,11015,112.3,0,0.0,23.02,RCB,15.15
3301,Amit Yadav,27,West Indies,Wicketkeeper,19,1,4033,151.2,0,0.0,33.24,KKR,7.02
3302,Harshit Yadav,27,Sri Lanka,Bowler,202,8,2994,142.5,239,6.19,31.35,KKR,9.86
3303,Ankit Patel,40,Sri Lanka,Allrounder,42,2,7774,103.1,413,7.51,30.2,RR,8.96
3304,Vikas Reddy,32,India,Wicketkeeper,28,1,5784,103.7,0,0.0,48.39,KKR,10.69
3305,Sandeep Khan,18,India,Batter,16,1,14797,138.0,9,6.78,53.02,RCB,16.95
3306,Manoj Malik,34,West Indies,Bowler,187,9,838,127.4,850,6.01,36.14,SRH,17.08
3307,Pranav Mehta,24,India,Wicketkeeper,120,4,10847,114.6,0,0.0,36.65,RR,13.68
3308,Karthik Deshmukh,23,India,Wicketkeeper,123,5,2642,131.2,0,0.0,54.51,MI,12.42
3309,Sameer Reddy,28,India,Allrounder,78,5,6106,146.7,229,8.28,51.12,PBKS,12.55
3310,Rahul Malik,31,India,Batter,108,5,13184,134.4,11,7.64,51.33,KKR,14.84
3311,Ankit Sharma,42,India,Bowler,51,3,3681,152.7,419,5.49,34.55,CSK,11.31
3312,Karthik Singh,27,India,Batter,174,7,3799,137.6,6,8.1,53.27,GT,14.35
3313,Rohan Kulkarni,34,India,Allrounder,39,2,2003,139.8,179,5.86,38.23,MI,8.56
3314,Manoj Reddy,25,England,Allrounder,17,1,7128,141.6,149,5.94,39.33,GT,9.46
3315,Rohan Chopra,28,Sri Lanka,Batter,79,4,10505,114.4,10,8.31,36.84,KKR,11.96
3316,Vikas Sharma,29,India,Batter,161,9,9607,119.3,10,8.16,26.94,PBKS,13.33
3317,Rahul Naidu,30,West Indies,Wicketkeeper,108,5,3091,152.7,0,0.0,37.9,LSG,8.03
3318,Sameer Naidu,20,South Africa,Bowler,21,1,1981,119.7,798,6.79,32.43,MI,14.07
3319,Rahul Singh,21,South Africa,Batter,43,2,11476,119.6,13,7.43,39.05,GT,14.18
3320,Irfan Malik,21,Sri Lanka,Wicketkeeper,26,1,11988,127.6,0,0.0,37.4,RR,11.72
3321,Pranav Yadav,41,South Africa,Bowler,378,23,1951,124.8,122,4.51,25.92,RCB,10.55
3322,Ankit Chopra,41,England,Batter,213,11,7187,151.0,11,6.44,41.17,KKR,10.79
3323,Nikhil Singh,38,England,Batter,495,18,14560,119.1,4,8.31,51.81,RR,20.0
3324,Ankit Yadav,35,West Indies,Bowler,221,12,1156,141.2,243,6.42,32.9,KKR,11.01
3325,Rahul Naidu,30,England,Bowler,176,7,177,144.2,148,7.65,49.89,LSG,7.81
3326,Sameer Reddy,39,West Indies,Allrounder,289,11,6454,111.3,484,5.6,30.0,RR,14.6
3327,Amit Iyer,24,England,Bowler,21,1,645,146.3,553,5.03,21.12,GT,10.15
3328,Manoj Mehta,23,India,Wicketkeeper,76,4,7688,99.6,0,0.0,29.59,GT,8.87
3329,Sandeep Singh,20,West Indies,Batter,41,2,7912,108.9,13,6.7,47.93,RCB,10.23
3330,Harshit Chopra,21,India,Batter,15,1,11768,95.3,15,7.97,35.03,LSG,12.47
3331,Harshit Malik,22,West Indies,Wicketkeeper,20,1,10426,119.5,0,0.0,23.99,KKR,7.89
3332,Sameer Deshmukh,33,India,Wicketkeeper,232,8,10712,135.6,0,0.0,44.57,MI,17.73
3333,Sandeep Deshmukh,27,West Indies,Allrounder,69,3,3125,138.7,40,7.52,20.0,LSG,8.11
3334,Amit Naidu,42,India,Batter,337,20,3787,143.9,4,9.34,51.64,MI,16.03
3335,Vikas Verma,40,Sri Lanka,Bowler,190,9,3639,151.0,774,4.06,48.34,SRH,15.05
3336,Irfan Malik,19,Sri Lanka,Wicketkeeper,18,1,9499,145.2,0,0.0,23.27,LSG,8.3
3337,Rahul Reddy,21,South Africa,Wicketkeeper,67,3,9033,139.3,0,0.0,53.6,DC,11.51
3338,Rohan Sharma,30,South Africa,Wicketkeeper,187,8,6342,135.7,0,0.0,39.97,PBKS,12.2
3339,Amit Sharma,24,England,Allrounder,54,3,2822,121.6,461,8.31,40.98,PBKS,12.16
3340,Pranav Deshmukh,27,India,Wicketkeeper,74,3,5781,123.6,0,0.0,52.65,DC,12.0
3341,Irfan Patel,40,India,Bowler,123,6,998,125.1,718,4.29,44.04,PBKS,15.53
3342,Amit Singh,40,Sri Lanka,Wicketkeeper,22,1,9403,142.5,0,0.0,40.41,SRH,9.19
3343,Karthik Shetty,19,India,Allrounder,17,1,8937,151.5,208,8.18,22.25,PBKS,12.54
3344,Rahul Reddy,19,South Africa,Batter,15,1,3503,96.4,1,7.41,31.53,RCB,3.61
3345,Arjun Mehta,22,Australia,Allrounder,114,4,5339,149.6,212,6.88,49.63,KKR,13.03
3346,Vikas Singh,37,West Indies,Bowler,353,15,2923,100.6,291,4.48,40.62,SRH,12.42
3347,Nikhil Iyer,29,Australia,Batter,193,8,9601,111.0,15,7.86,51.48,MI,15.01
3348,Manoj Yadav,36,South Africa,Allrounder,85,3,4673,119.2,476,8.25,51.16,GT,11.92
3349,Amit Khan,27,India,Bowler,120,4,3890,139.2,586,5.46,36.66,KKR,14.17
3350,Manoj Singh,40,West Indies,Wicketkeeper,93,5,7585,102.4,0,0.0,52.48,RCB,9.11
3351,Rohan Malik,30,India,Allrounder,262,9,6987,139.1,105,6.59,32.85,PBKS,13.54
3352,Harshit Sharma,27,India,Batter,27,1,13880,101.0,1,6.07,37.37,RCB,14.05
3353,Harshit Sharma,20,India,Wicketkeeper,48,2,2894,136.4,0,0.0,31.72,DC,8.41
3354,Vikas Malik,35,Sri Lanka,Allrounder,194,11,4782,136.9,373,7.43,44.64,RCB,12.28
3355,Sameer Kulkarni,24,India,Batter,130,6,9894,149.9,6,7.72,37.12,KKR,14.27
3356,Harshit Sharma,30,India,Bowler,164,10,2958,107.0,118,5.71,30.77,MI,9.46
3357,Rahul Chopra,36,West Indies,Bowler,33,2,2978,133.0,83,4.16,28.7,LSG,3.28
3358,Sandeep Chopra,27,England,Batter,206,9,4056,141.2,10,7.06,31.45,KKR,10.82
3359,Nikhil Deshmukh,35,India,Batter,123,6,14571,105.1,7,6.85,47.12,KKR,14.6
3360,Manoj Patel,38,South Africa,Wicketkeeper,325,15,5291,102.8,0,0.0,35.88,KKR,10.01
3361,Sandeep Iyer,35,West Indies,Batter,17,1,8714,136.2,9,7.77,42.16,RR,8.13
3362,Harshit Naidu,42,England,Allrounder,408,15,3304,97.7,77,7.84,30.38,CSK,8.89
3363,Pranav Chopra,20,India,Allrounder,15,1,8561,103.8,353,5.98,30.12,KKR,10.14
3364,Nikhil Naidu,31,West Indies,Bowler,157,8,571,126.3,176,5.18,43.23,PBKS,7.7
3365,Sandeep Kulkarni,35,India,Allrounder,90,4,4843,138.2,415,6.33,31.77,RR,15.16
3366,Harshit Deshmukh,29,South Africa,Batter,289,11,9998,127.5,15,7.02,20.83,MI,13.2
3367,Karthik Reddy,40,West Indies,Wicketkeeper,94,4,6051,99.8,0,0.0,34.63,RCB,8.11
3368,Arjun Chopra,31,India,Wicketkeeper,65,4,8996,151.6,0,0.0,45.25,DC,13.96
3369,Karthik Khan,42,India,Bowler,618,21,650,145.8,268,4.33,45.63,RR,17.29
3370,Karthik Chopra,31,India,Wicketkeeper,177,7,5690,131.7,0,0.0,48.71,GT,12.52
3371,Rahul Reddy,32,India,Wicketkeeper,212,11,11516,119.2,0,0.0,27.75,DC,13.7
3372,Karthik Verma,38,India,Batter,462,20,12266,127.9,3,7.79,38.84,PBKS,20.0
3373,Nikhil Naidu,22,Sri Lanka,Allrounder,54,3,5053,151.9,205,6.98,51.58,LSG,12.45
3374,Rohan Sharma,37,India,Wicketkeeper,473,16,11626,147.5,0,0.0,48.05,GT,18.02
3375,Ankit Sharma,29,Australia,Batter,166,9,10222,100.9,3,9.3,29.28,MI,10.5
3376,Karthik Chopra,42,India,Allrounder,341,13,2073,145.8,461,6.73,37.68,PBKS,15.22
3377,Ankit Shetty,22,West Indies,Wicketkeeper,79,3,9731,139.9,0,0.0,24.86,MI,9.82
3378,Arjun Reddy,20,India,Allrounder,26,1,7839,138.9,62,5.88,25.77,CSK,10.87
3379,Rohan Mehta,18,West Indies,Allrounder,29,1,6097,110.9,467,6.23,32.25,RCB,9.6
3380,Amit Kulkarni,33,India,Wicketkeeper,108,6,5714,137.5,0,0.0,32.87,KKR,13.79
3381,Aditya Khan,18,England,Batter,15,1,4045,101.0,12,7.94,48.18,RCB,7.47
3382,Rohan Iyer,38,India,Wicketkeeper,42,2,8146,117.2,0,0.0,42.7,PBKS,11.03
3383,Vikas Malik,22,South Africa,Bowler,49,2,863,107.6,201,6.76,50.96,KKR,7.29
3384,Manoj Iyer,38,India,Batter,525,18,13468,120.7,6,8.16,26.38,CSK,20.0
3385,Harshit Iyer,18,South Africa,Allrounder,19,1,3626,140.3,399,8.3,27.28,RR,8.26
3386,Vikas Naidu,36,India,Allrounder,403,15,8127,143.6,207,6.18,44.35,SRH,16.46
3387,Harshit Kulkarni,33,Australia,Batter,325,15,13868,121.5,11,8.68,45.08,SRH,17.73
3388,Rohan Sharma,31,West Indies,Wicketkeeper,291,11,5912,118.2,0,0.0,27.39,RR,12.54
3389,Rohan Singh,29,Australia,Allrounder,249,11,7435,153.6,73,7.21,30.87,KKR,12.92
3390,Sameer Chopra,26,South Africa,Wicketkeeper,150,7,10923,122.7,0,0.0,43.59,GT,11.38
3391,Arjun Yadav,24,West Indies,Allrounder,119,6,6917,145.6,220,6.9,46.66,SRH,10.95
3392,Pranav Iyer,38,Sri Lanka,Wicketkeeper,380,18,9613,98.5,0,0.0,54.94,RR,15.26
3393,Vikas Iyer,30,Sri Lanka,Allrounder,135,5,4489,146.8,308,7.63,42.79,CSK,11.44
3394,Vikas Iyer,33,West Indies,Allrounder,21,1,6881,101.7,464,8.0,32.17,RR,12.57
3395,Vikas Malik,38,England,Allrounder,143,9,4416,107.1,52,8.07,22.74,RR,6.39
3396,Ankit Shetty,42,England,Allrounder,376,24,6381,145.1,129,7.76,25.69,CSK,14.91
3397,Karthik Iyer,35,India,Wicketkeeper,252,9,5728,146.3,0,0.0,44.04,CSK,15.48
3398,Nikhil Sharma,26,Sri Lanka,Bowler,59,3,3746,144.8,836,5.98,34.67,LSG,17.61
3399,Irfan Mehta,33,Australia,Bowler,387,15,3229,112.1,433,4.74,37.68,DC,14.51
3400,Vikas Chopra,39,India,Batter,530,21,5256,143.3,10,7.86,47.7,CSK,17.91
3401,Ankit Sharma,35,India,Batter,256,12,8627,141.8,0,8.03,26.71,RCB,15.32
3402,Rohan Yadav,39,India,Batter,98,6,5281,147.4,14,6.18,22.64,DC,10.45
3403,Irfan Yadav,37,England,Bowler,183,9,322,136.7,896,4.94,34.33,LSG,17.19
3404,Sandeep Yadav,41,India,Batter,77,4,5733,112.9,12,9.07,20.42,DC,8.81
3405,Irfan Verma,29,West Indies,Wicketkeeper,72,3,8730,113.0,0,0.0,40.23,RCB,7.35
3406,Aditya Sharma,23,England,Batter,76,3,6660,127.1,6,7.32,50.68,GT,10.77
3407,Rohan Singh,35,Australia,Allrounder,341,12,7698,111.0,260,8.19,36.17,MI,13.87
3408,Ankit Patel,19,Sri Lanka,Bowler,24,1,1409,151.9,446,6.09,54.95,MI,8.86
3409,Aditya Sharma,28,India,Wicketkeeper,90,4,5555,109.1,0,0.0,45.44,RR,12.98
3410,Karthik Yadav,35,Sri Lanka,Wicketkeeper,76,4,8812,117.7,0,0.0,20.28,KKR,8.69
3411,Pranav Singh,21,England,Batter,28,1,14782,122.6,5,6.03,37.09,LSG,12.7
3412,Sameer Patel,42,South Africa,Allrounder,217,14,5708,136.2,171,5.08,30.29,RCB,14.69
3413,Manoj Iyer,34,India,Wicketkeeper,87,4,11855,128.6,0,0.0,30.53,CSK,12.57
3414,Vikas Sharma,25,England,Wicketkeeper,17,1,9640,105.0,0,0.0,34.25,KKR,8.75
3415,Rohan Singh,41,England,Batter,424,16,13085,127.1,4,6.81,26.96,CSK,17.03
3416,Vikas Kulkarni,22,India,Wicketkeeper,120,4,6027,125.5,0,0.0,25.51,MI,11.42
3417,Rohan Chopra,26,India,Batter,102,4,7780,140.2,4,8.35,23.86,DC,11.96
3418,Nikhil Malik,19,South Africa,Allrounder,24,1,4500,99.3,63,6.64,40.94,KKR,5.31
3419,Harshit Deshmukh,39,India,Bowler,106,5,1045,126.7,215,5.0,38.11,KKR,8.53
3420,Karthik Reddy,33,India,Allrounder,167,6,6494,127.9,72,8.24,40.4,LSG,10.78
3421,Rohan Mehta,21,Australia,Allrounder,85,3,3619,151.9,139,6.41,47.2,CSK,9.49
3422,Vikas Reddy,20,England,Allrounder,22,1,8998,145.7,447,6.0,35.13,PBKS,12.93
3423,Pranav Mehta,20,Sri Lanka,Bowler,18,1,2777,144.4,737,7.15,26.61,LSG,12.46
3424,Manoj Iyer,21,India,Batter,60,2,14028,112.4,14,8.45,30.41,PBKS,11.59
3425,Sameer Shetty,37,India,Wicketkeeper,132,5,6000,112.8,0,0.0,45.39,DC,12.18
3426,Irfan Reddy,23,India,Batter,81,5,14979,95.1,15,6.8,45.03,RCB,15.41
3427,Sandeep Patel,25,West Indies,Bowler,136,7,1626,101.3,660,4.65,28.31,PBKS,15.79
3428,Vikas Kulkarni,20,South Africa,Wicketkeeper,54,2,10430,117.8,0,0.0,36.66,LSG,11.13
3429,Sandeep Mehta,21,Sri Lanka,Allrounder,30,1,1508,153.2,266,5.16,45.06,GT,10.61
3430,Irfan Mehta,38,India,Allrounder,245,10,8572,114.1,140,6.13,35.7,PBKS,14.42
3431,Ankit Sharma,19,India,Allrounder,15,1,2572,103.8,437,7.19,26.61,CSK,11.3
3432,Arjun Naidu,38,India,Bowler,249,13,3050,110.4,397,7.27,33.31,GT,13.34
3433,Sandeep Mehta,38,West Indies,Batter,282,12,10415,134.8,12,9.05,31.96,DC,14.22
3434,Rohan Sharma,19,India,Batter,23,1,9686,96.2,14,8.39,45.75,PBKS,13.36
3435,Pranav Patel,39,India,Allrounder,241,12,7961,143.8,257,6.7,53.41,GT,16.77
3436,Amit Patel,35,West Indies,Batter,322,17,10313,149.6,5,9.24,37.93,KKR,17.02
3437,Rahul Yadav,20,Australia,Allrounder,27,1,1992,122.9,91,6.26,44.15,KKR,5.5
3438,Sandeep Sharma,35,India,Bowler,287,10,2693,107.4,640,7.36,52.14,MI,14.33
3439,Sandeep Sharma,23,India,Bowler,88,3,2995,153.7,158,7.1,50.81,GT,8.16
3440,Arjun Patel,42,India,Wicketkeeper,542,22,2648,111.8,0,0.0,23.71,RR,14.09
3441,Pranav Deshmukh,25,India,Batter,123,5,12834,112.5,0,6.39,41.5,LSG,14.14
3442,Pranav Naidu,32,Sri Lanka,Allrounder,227,12,1878,149.0,61,7.82,41.83,RR,10.59
3443,Rahul Verma,18,India,Bowler,30,1,3740,106.2,89,4.02,23.49,MI,8.88
3444,Vikas Verma,32,England,Wicketkeeper,57,2,2951,116.8,0,0.0,37.55,GT,7.67
3445,Rahul Iyer,38,Sri Lanka,Allrounder,273,18,5834,115.9,230,5.15,26.27,KKR,12.05
3446,Nikhil Verma,20,England,Batter,23,1,8953,122.9,13,8.26,37.34,SRH,9.37
3447,Nikhil Reddy,37,England,Bowler,339,16,3369,152.4,197,5.63,27.52,DC,10.33
3448,Manoj Naidu,37,India,Wicketkeeper,146,6,9809,126.0,0,0.0,45.76,MI,13.24
3449,Aditya Shetty,41,West Indies,Batter,542,22,5316,150.7,13,7.95,33.23,GT,15.16
3450,Manoj Patel,25,South Africa,Allrounder,123,5,7859,100.3,265,6.62,41.31,RCB,10.82
3451,Ankit Singh,35,India,Batter,178,8,4612,104.6,6,7.01,39.06,LSG,8.65
3452,Aditya Verma,35,India,Wicketkeeper,326,17,6062,126.9,0,0.0,22.66,CSK,13.76
3453,Pranav Reddy,39,Australia,Allrounder,467,21,7950,132.4,240,7.44,26.62,MI,15.54
3454,Manoj Yadav,30,India,Wicketkeeper,63,3,4309,123.2,0,0.0,45.21,KKR,6.33
3455,Harshit Patel,20,India,Wicketkeeper,50,2,4175,126.8,0,0.0,33.84,SRH,11.24
3456,Arjun Yadav,29,South Africa,Allrounder,79,3,7538,131.6,255,6.13,52.87,MI,13.2
3457,Karthik Sharma,24,South Africa,Allrounder,80,4,4589,99.5,315,7.35,36.12,SRH,9.13
3458,Sameer Sharma,36,South Africa,Wicketkeeper,336,13,11654,148.4,0,0.0,23.31,KKR,15.92
3459,Amit Verma,42,India,Batter,182,8,14188,151.9,7,9.46,22.74,GT,15.07
3460,Aditya Malik,30,England,Bowler,327,12,3995,116.8,265,7.55,49.56,MI,13.01
3461,Pranav Kulkarni,41,Sri Lanka,Batter,82,5,9280,121.5,10,7.46,42.2,RCB,12.97
3462,Rahul Sharma,37,India,Allrounder,168,8,7585,97.0,391,7.71,40.76,SRH,13.82
3463,Arjun Naidu,22,India,Batter,20,1,7600,115.8,15,6.65,32.18,RCB,10.95
3464,Amit Patel,21,India,Bowler,73,3,2852,115.0,677,5.78,23.76,GT,14.19
3465,Irfan Malik,42,England,Batter,368,13,10343,97.0,8,6.51,36.46,LSG,12.26
3466,Nikhil Mehta,36,India,Allrounder,320,16,2820,101.9,484,8.34,53.12,LSG,14.93
3467,Rahul Patel,22,West Indies,Wicketkeeper,28,1,8000,139.0,0,0.0,42.31,SRH,10.2
3468,Arjun Mehta,31,India,Batter,91,6,10088,144.6,2,8.26,23.74,GT,12.79
3469,Manoj Malik,33,India,Allrounder,86,4,3139,136.8,464,6.77,40.54,KKR,12.47
3470,Ankit Malik,21,Sri Lanka,Wicketkeeper,20,1,9289,145.0,0,0.0,22.53,DC,9.82
3471,Nikhil Reddy,21,Sri Lanka,Allrounder,59,2,6092,127.0,299,7.42,33.27,KKR,9.83
3472,Arjun Malik,20,India,Bowler,27,1,2172,132.2,250,5.29,51.18,PBKS,8.65
3473,Harshit Yadav,40,Sri Lanka,Batter,32,2,9979,144.5,15,7.74,34.08,CSK,9.54
3474,Rahul Reddy,29,India,Bowler,86,4,3772,98.7,203,4.39,21.8,KKR,8.71
3475,Nikhil Malik,25,England,Wicketkeeper,23,1,11976,117.8,0,0.0,31.8,GT,9.54
3476,Aditya Mehta,19,India,Allrounder,30,1,7009,139.6,123,7.51,21.78,CSK,10.96
3477,Ankit Chopra,37,West Indies,Allrounder,237,12,4299,111.5,395,5.77,39.17,DC,10.6
3478,Sandeep Naidu,31,India,Batter,98,4,13356,103.0,4,6.51,53.03,SRH,16.4
3479,Rahul Naidu,22,India,Allrounder,83,3,7239,105.8,418,7.81,34.23,SRH,14.08
3480,Pranav Deshmukh,23,Sri Lanka,Batter,71,3,5940,142.5,3,7.24,37.86,SRH,9.08
3481,Manoj Shetty,40,India,Bowler,179,6,2220,139.3,484,4.49,33.89,CSK,10.47
3482,Ankit Verma,25,India,Allrounder,146,5,3561,117.5,202,5.92,37.42,MI,11.1
3483,Manoj Yadav,25,India,Allrounder,15,1,8829,109.5,435,6.2,33.95,CSK,12.86
3484,Arjun Kulkarni,33,India,Wicketkeeper,300,10,9522,96.2,0,0.0,47.04,DC,13.58
3485,Ankit Khan,40,West Indies,Allrounder,567,22,2610,97.6,362,5.6,42.88,PBKS,15.82
3486,Aditya Patel,26,Sri Lanka,Bowler,21,1,1346,143.8,746,6.94,37.27,LSG,14.34
3487,Manoj Chopra,42,India,Wicketkeeper,58,3,6035,107.3,0,0.0,45.8,MI,10.26
3488,Sameer Reddy,37,India,Bowler,362,16,2836,109.8,219,6.66,51.62,LSG,11.44
3489,Aditya Verma,21,India,Bowler,39,2,543,154.0,746,4.4,50.11,CSK,13.34
3490,Rahul Deshmukh,23,West Indies,Allrounder,58,2,7987,151.3,469,7.41,45.28,PBKS,12.5
3491,Manoj Kulkarni,41,India,Batter,213,8,6845,121.5,13,6.67,22.5,KKR,11.1
3492,Rahul Khan,28,India,Batter,114,5,7754,139.5,8,7.36,33.53,GT,13.16
3493,Sandeep Kulkarni,23,India,Allrounder,89,3,3789,130.7,165,6.16,50.53,CSK,10.41
3494,Aditya Mehta,42,Sri Lanka,Batter,285,12,8751,118.1,2,6.17,25.54,SRH,12.88
3495,Pranav Patel,21,South Africa,Wicketkeeper,62,3,2632,136.7,0,0.0,23.7,DC,9.07
3496,Rahul Verma,37,England,Allrounder,383,19,6587,112.2,316,7.33,26.96,LSG,15.85
3497,Karthik Sharma,37,Australia,Bowler,85,3,549,96.1,387,7.56,35.32,DC,7.92
3498,Arjun Khan,28,South Africa,Batter,57,2,4246,124.0,2,6.08,37.54,RCB,7.55
3499,Manoj Singh,18,Australia,Allrounder,20,1,7638,102.9,335,6.13,33.17,PBKS,9.43
3500,Pranav Iyer,36,Sri Lanka,Batter,138,6,14651,141.9,12,8.35,38.58,KKR,16.9
3501,Nikhil Iyer,31,England,Wicketkeeper,209,10,6296,130.4,0,0.0,27.02,RCB,10.44
3502,Nikhil Verma,35,India,Batter,355,13,11876,104.7,6,7.01,28.73,MI,16.43
3503,Harshit Shetty,37,India,Bowler,23,1,2677,126.2,726,4.85,39.69,SRH,14.4
3504,Manoj Reddy,22,West Indies,Batter,57,3,7426,106.7,13,9.31,42.46,RCB,8.24
3505,Pranav Chopra,24,India,Allrounder,60,2,3450,128.6,171,7.86,28.93,GT,7.77
3506,Rahul Deshmukh,24,South Africa,Allrounder,87,4,8893,97.4,353,5.92,30.69,GT,12.07
3507,Harshit Shetty,26,Australia,Wicketkeeper,20,1,7157,139.7,0,0.0,21.66,DC,8.77
3508,Manoj Mehta,25,West Indies,Bowler,132,6,1407,137.4,101,4.83,47.39,RCB,8.11
3509,Ankit Malik,32,England,Bowler,95,5,3989,136.9,857,5.73,33.58,CSK,15.07
3510,Nikhil Verma,35,India,Allrounder,382,17,6163,118.9,258,5.56,40.3,LSG,18.13
3511,Ankit Yadav,37,India,Allrounder,330,14,4816,99.1,208,8.32,37.76,DC,12.38
3512,Rahul Shetty,19,West Indies,Wicketkeeper,21,1,2574,114.7,0,0.0,37.79,GT,7.84
3513,Sandeep Chopra,19,Sri Lanka,Allrounder,21,1,3750,113.8,185,5.08,48.7,GT,6.39
3514,Pranav Reddy,41,South Africa,Wicketkeeper,520,20,9872,128.2,0,0.0,35.77,GT,17.67
3515,Karthik Sharma,36,India,Allrounder,504,18,7236,112.9,476,6.0,33.41,RR,19.98
3516,Nikhil Sharma,38,Australia,Wicketkeeper,29,1,3844,145.1,0,0.0,53.85,MI,7.35
3517,Harshit Chopra,20,Sri Lanka,Bowler,18,1,1379,118.6,481,5.67,49.63,SRH,10.02
3518,Manoj Reddy,33,India,Allrounder,377,14,4274,128.1,79,6.49,28.08,DC,15.51
3519,Amit Kulkarni,35,South Africa,Wicketkeeper,506,17,7292,139.6,0,0.0,38.62,MI,13.5
3520,Rohan Deshmukh,26,England,Bowler,84,3,3635,141.8,735,7.07,27.53,KKR,13.9
3521,Amit Khan,31,England,Allrounder,154,10,6789,143.0,211,7.5,32.11,SRH,9.03
3522,Karthik Singh,31,India,Bowler,122,7,3378,95.2,809,4.66,35.78,SRH,16.19
3523,Harshit Chopra,41,India,Bowler,255,9,3405,128.3,799,5.34,26.58,RR,19.95
3524,Harshit Naidu,35,Australia,Allrounder,94,6,8418,110.5,106,8.01,27.93,MI,8.77
3525,Arjun Singh,28,South Africa,Bowler,20,1,3094,124.9,465,5.83,27.53,LSG,8.36
3526,Pranav Reddy,27,West Indies,Batter,208,9,12387,105.2,7,6.95,45.15,KKR,14.3
3527,Irfan Chopra,42,South Africa,Wicketkeeper,460,24,7793,141.2,0,0.0,36.18,CSK,18.82
3528,Amit Deshmukh,34,India,Bowler,200,12,3482,139.2,862,6.71,24.84,MI,16.16
3529,Nikhil Singh,22,India,Wicketkeeper,60,4,7316,153.0,0,0.0,48.74,MI,11.29
3530,Sandeep Khan,38,Sri Lanka,Allrounder,434,17,5794,106.2,232,5.72,24.4,LSG,16.25
3531,Sameer Yadav,42,England,Batter,346,16,5403,139.9,1,6.48,36.44,RR,14.98
3532,Vikas Verma,24,Australia,Wicketkeeper,117,6,6729,142.0,0,0.0,46.12,SRH,11.12
3533,Aditya Deshmukh,30,India,Wicketkeeper,161,9,11301,131.3,0,0.0,44.02,KKR,14.07
3534,Vikas Singh,20,South Africa,Bowler,17,1,1952,113.7,811,4.07,42.32,LSG,16.75
3535,Sameer Yadav,41,Sri Lanka,Wicketkeeper,39,2,7086,95.6,0,0.0,21.15,MI,8.76
3536,Sameer Reddy,29,South Africa,Wicketkeeper,233,8,4726,146.1,0,0.0,43.94,RCB,12.61
3537,Karthik Chopra,30,India,Wicketkeeper,92,4,11581,110.9,0,0.0,44.08,DC,12.71
3538,Rohan Shetty,37,England,Wicketkeeper,396,16,6966,142.5,0,0.0,30.74,LSG,14.33
3539,Rohan Malik,39,England,Bowler,185,10,2406,151.0,442,4.14,32.08,GT,12.34
3540,Harshit Verma,24,India,Wicketkeeper,90,4,8878,101.4,0,0.0,37.21,CSK,11.83
3541,Rohan Sharma,32,India,Wicketkeeper,107,7,10364,141.1,0,0.0,27.76,SRH,15.51
3542,Rahul Verma,31,Sri Lanka,Allrounder,164,8,3136,109.6,192,5.94,54.71,PBKS,11.83
3543,Harshit Naidu,20,India,Allrounder,16,1,6595,129.5,341,5.69,52.38,KKR,11.06
3544,Nikhil Malik,19,India,Batter,28,1,9104,153.3,12,6.51,53.16,SRH,14.73
3545,Vikas Deshmukh,29,Australia,Bowler,222,9,1000,107.9,617,7.36,42.19,SRH,13.94
3546,Vikas Singh,28,India,Allrounder,191,7,2566,154.2,250,7.66,26.31,RCB,13.24
3547,Irfan Sharma,31,Sri Lanka,Batter,15,1,12349,115.3,2,8.68,26.15,SRH,12.62
3548,Irfan Verma,20,England,Bowler,28,1,318,142.6,160,5.6,36.27,PBKS,4.41
3549,Irfan Singh,37,India,Wicketkeeper,307,17,7714,127.3,0,0.0,54.83,MI,15.92
3550,Harshit Khan,34,South Africa,Wicketkeeper,159,7,3753,118.9,0,0.0,41.54,SRH,8.38
3551,Karthik Reddy,27,West Indies,Wicketkeeper,127,5,10874,116.9,0,0.0,33.75,MI,10.3
3552,Rohan Deshmukh,33,South Africa,Batter,267,11,13997,151.3,12,8.43,38.98,LSG,17.97
3553,Aditya Singh,35,England,Batter,126,5,8621,100.4,11,8.69,27.39,RCB,12.47
3554,Aditya Iyer,18,India,Allrounder,15,1,7480,96.2,132,6.76,28.85,KKR,7.0
3555,Manoj Khan,36,India,Wicketkeeper,130,6,7058,126.0,0,0.0,20.52,SRH,10.95
3556,Nikhil Chopra,33,India,Bowler,204,11,274,125.8,339,5.01,40.06,RR,13.42
3557,Vikas Khan,19,West Indies,Batter,27,1,9161,133.7,1,9.24,34.52,MI,9.98
3558,Karthik Malik,27,India,Allrounder,190,8,6339,142.1,469,8.26,27.0,KKR,14.82
3559,Aditya Deshmukh,20,England,Wicketkeeper,35,2,6778,102.9,0,0.0,43.65,GT,6.65
3560,Irfan Iyer,32,India,Allrounder,116,5,6461,142.4,174,6.96,45.86,CSK,12.83
3561,Sameer Khan,27,India,Batter,55,2,11266,154.2,15,8.19,38.68,RCB,13.57
3562,Rahul Chopra,38,South Africa,Allrounder,159,8,8602,144.7,482,5.4,28.81,RR,11.96
3563,Rahul Yadav,33,India,Allrounder,237,8,4502,152.4,79,7.72,44.39,MI,14.08
3564,Sandeep Singh,34,England,Batter,130,7,7383,122.6,13,8.09,32.75,GT,11.39
3565,Ankit Yadav,42,West Indies,Batter,302,11,8974,133.2,5,7.24,46.29,PBKS,14.11
3566,Arjun Mehta,40,England,Wicketkeeper,116,4,3448,135.7,0,0.0,26.94,DC,7.93
3567,Aditya Khan,36,India,Allrounder,447,17,4205,142.5,224,6.73,36.65,MI,17.7
3568,Karthik Singh,34,India,Wicketkeeper,73,4,11315,127.2,0,0.0,46.99,PBKS,14.1
3569,Rohan Chopra,24,India,Bowler,16,1,2999,119.6,136,6.51,51.34,PBKS,7.82
3570,Irfan Verma,24,India,Batter,108,5,5082,154.7,5,6.57,24.16,RR,10.48
3571,Aditya Mehta,27,Sri Lanka,Batter,60,3,3852,148.4,3,6.05,28.57,DC,9.73
3572,Sandeep Naidu,23,Australia,Allrounder,17,1,2213,143.7,191,7.55,50.06,KKR,8.58
3573,Vikas Yadav,41,England,Batter,359,13,8838,112.6,11,9.47,44.86,MI,14.07
3574,Ankit Yadav,24,India,Batter,16,1,8034,119.4,9,6.4,49.68,CSK,9.56
3575,Arjun Patel,18,India,Wicketkeeper,28,1,8407,117.1,0,0.0,40.69,MI,10.91
3576,Pranav Shetty,37,England,Allrounder,503,18,4832,133.8,419,6.76,54.05,DC,16.56
3577,Aditya Shetty,40,England,Bowler,287,14,490,129.4,881,4.21,50.21,SRH,18.28
3578,Sandeep Reddy,35,Australia,Batter,133,6,5501,99.7,1,7.68,39.62,PBKS,7.41
3579,Sameer Mehta,31,India,Batter,128,5,4714,104.3,12,7.16,49.72,MI,8.84
3580,Amit Sharma,38,India,Batter,235,13,13881,151.0,8,7.83,48.21,GT,20.0
3581,Arjun Iyer,22,West Indies,Wicketkeeper,19,1,4989,136.6,0,0.0,20.18,RR,8.84
3582,Ankit Khan,39,India,Wicketkeeper,86,3,8742,120.7,0,0.0,26.91,RR,13.32
3583,Sandeep Sharma,37,India,Wicketkeeper,423,19,10635,149.6,0,0.0,26.11,GT,16.98
3584,Amit Singh,36,India,Batter,53,3,13847,126.0,11,7.0,29.22,PBKS,14.24
3585,Arjun Kulkarni,33,India,Bowler,90,3,824,130.9,241,4.8,23.11,LSG,7.88
3586,Pranav Kulkarni,22,Australia,Batter,25,1,13087,117.3,15,6.2,45.22,LSG,11.56
3587,Harshit Yadav,41,Sri Lanka,Allrounder,90,5,2685,120.4,352,6.94,39.8,GT,8.47
3588,Ankit Iyer,29,England,Allrounder,51,2,5692,151.2,492,6.28,21.92,CSK,13.52
3589,Sameer Kulkarni,38,South Africa,Bowler,15,1,3301,148.5,469,6.56,48.14,GT,8.64
3590,Sandeep Shetty,19,Australia,Batter,15,1,9856,112.8,11,6.64,45.1,RCB,11.25
3591,Karthik Shetty,27,England,Allrounder,125,8,7381,143.7,336,5.29,45.16,RR,14.52
3592,Pranav Chopra,18,West Indies,Batter,25,1,10137,101.0,12,8.55,45.12,PBKS,12.37
3593,Amit Patel,40,England,Bowler,225,9,1767,144.9,217,6.58,21.46,RR,6.89
3594,Arjun Chopra,25,Sri Lanka,Wicketkeeper,123,5,8194,96.4,0,0.0,33.06,GT,11.32
3595,Rahul Yadav,31,India,Bowler,286,12,2650,128.5,211,4.57,52.11,RR,14.09
3596,Rahul Shetty,22,West Indies,Batter,27,1,3149,145.7,8,7.37,20.01,KKR,5.1
3597,Pranav Shetty,33,India,Allrounder,402,14,6230,96.8,355,5.59,31.49,LSG,17.75
3598,Vikas Singh,18,Australia,Batter,25,1,14957,100.8,7,9.18,41.22,MI,12.66
3599,Rohan Patel,35,India,Allrounder,123,6,5265,151.3,454,6.58,24.29,PBKS,13.56
3600,Vikas Verma,36,India,Allrounder,47,2,3460,96.8,341,5.74,35.19,LSG,9.35
3601,Karthik Yadav,29,England,Wicketkeeper,53,2,6121,111.7,0,0.0,50.45,CSK,8.22
3602,Amit Shetty,22,Australia,Wicketkeeper,115,4,10864,131.3,0,0.0,41.49,GT,14.97
3603,Irfan Kulkarni,42,South Africa,Wicketkeeper,424,17,8725,126.9,0,0.0,23.21,GT,14.54
3604,Nikhil Khan,40,England,Bowler,603,22,2717,155.0,270,5.69,49.23,RCB,16.38
3605,Aditya Chopra,23,India,Bowler,142,5,894,144.4,237,7.4,23.61,CSK,7.99
3606,Amit Reddy,25,West Indies,Bowler,66,3,1749,95.2,628,4.86,30.62,GT,11.52
3607,Karthik Khan,41,Sri Lanka,Wicketkeeper,278,10,2802,101.5,0,0.0,36.55,RR,10.09
3608,Ankit Shetty,37,India,Allrounder,317,13,3702,147.5,415,7.37,46.22,GT,14.36
3609,Ankit Iyer,26,India,Wicketkeeper,135,6,5787,151.3,0,0.0,21.89,MI,11.18
3610,Sameer Singh,20,India,Allrounder,59,2,5620,134.7,398,5.04,30.13,DC,12.65
3611,Arjun Deshmukh,37,Australia,Allrounder,262,16,7118,114.9,72,5.89,29.44,LSG,12.44
3612,Arjun Reddy,40,South Africa,Allrounder,542,21,4147,121.4,429,6.79,37.93,RCB,16.95
3613,Harshit Mehta,21,Sri Lanka,Batter,72,3,7213,118.2,10,8.35,28.8,PBKS,9.1
3614,Ankit Shetty,25,India,Wicketkeeper,67,3,9640,105.0,0,0.0,32.23,DC,12.29
3615,Karthik Chopra,27,South Africa,Wicketkeeper,37,2,2630,139.5,0,0.0,46.48,PBKS,8.74
3616,Aditya Chopra,19,India,Allrounder,18,1,4744,109.0,441,7.33,40.58,RCB,9.84
3617,Harshit Deshmukh,24,Sri Lanka,Batter,19,1,5827,124.1,8,8.0,39.25,DC,7.64
3618,Harshit Chopra,22,Australia,Allrounder,54,2,6929,128.9,347,6.72,45.04,KKR,12.63
3619,Manoj Chopra,23,West Indies,Wicketkeeper,109,4,6662,101.6,0,0.0,46.24,CSK,10.45
3620,Rahul Shetty,31,India,Batter,235,11,3132,99.0,6,6.48,54.16,GT,9.35
3621,Rahul Malik,24,India,Batter,73,3,6965,98.6,11,9.35,35.51,DC,9.99
3622,Aditya Naidu,34,England,Wicketkeeper,278,13,6779,106.2,0,0.0,36.99,MI,9.53
3623,Ankit Yadav,26,India,Batter,155,7,3670,152.0,13,8.91,42.2,PBKS,11.56
3624,Sameer Deshmukh,33,India,Allrounder,336,14,2614,131.2,64,6.24,30.92,RR,15.37
3625,Manoj Khan,38,India,Bowler,192,11,2454,147.2,787,7.46,39.54,SRH,15.57
3626,Karthik Deshmukh,22,West Indies,Wicketkeeper,68,3,3197,114.5,0,0.0,30.27,RCB,5.66
3627,Ankit Deshmukh,23,West Indies,Allrounder,22,1,8552,143.9,50,5.12,35.76,KKR,10.74
3628,Ankit Malik,39,West Indies,Wicketkeeper,275,16,3963,114.5,0,0.0,36.49,DC,8.84
3629,Manoj Verma,23,England,Bowler,85,4,1956,102.5,736,7.11,50.02,KKR,12.26
3630,Aditya Reddy,34,Sri Lanka,Allrounder,140,9,8309,151.8,286,8.14,33.91,CSK,13.45
3631,Nikhil Chopra,28,Sri Lanka,Batter,45,2,9138,117.4,11,6.76,31.65,MI,9.24
3632,Rohan Patel,20,India,Allrounder,25,1,3187,131.4,384,5.62,36.68,SRH,10.84
3633,Nikhil Chopra,21,West Indies,Allrounder,54,2,7012,96.9,429,8.03,42.54,RCB,11.41
3634,Pranav Mehta,25,Australia,Allrounder,131,5,5144,140.6,262,7.67,51.01,LSG,11.93
3635,Nikhil Khan,29,Sri Lanka,Allrounder,107,7,4462,150.7,206,7.55,31.64,CSK,10.91
3636,Pranav Malik,27,India,Bowler,130,5,2199,95.8,562,5.91,20.24,SRH,13.1
3637,Ankit Malik,39,India,Batter,276,16,14893,101.0,0,6.84,29.11,RR,17.83
3638,Karthik Reddy,36,Australia,Batter,163,9,8665,96.7,6,6.62,51.83,KKR,11.29
3639,Karthik Patel,29,India,Wicketkeeper,178,10,4516,95.5,0,0.0,45.76,CSK,11.58
3640,Karthik Malik,28,Australia,Wicketkeeper,108,5,6438,104.1,0,0.0,51.93,KKR,9.42
3641,Aditya Chopra,39,India,Allrounder,56,3,4386,134.2,227,8.12,43.53,LSG,10.09
3642,Manoj Verma,32,India,Allrounder,222,9,3714,154.1,371,5.02,50.72,MI,14.34
3643,Rohan Patel,41,West Indies,Wicketkeeper,483,21,8629,148.7,0,0.0,43.07,RR,17.25
3644,Sandeep Yadav,32,West Indies,Allrounder,83,4,4554,148.6,218,6.21,30.2,RCB,9.27
3645,Karthik Deshmukh,35,Australia,Allrounder,30,1,4466,101.0,296,6.97,52.27,PBKS,7.65
3646,Manoj Sharma,21,West Indies,Wicketkeeper,61,3,4426,103.4,0,0.0,27.87,RCB,7.0
3647,Sandeep Yadav,42,Australia,Wicketkeeper,161,7,2530,128.5,0,0.0,46.74,KKR,8.74
3648,Rahul Verma,27,Sri Lanka,Wicketkeeper,18,1,6669,132.2,0,0.0,28.12,RR,9.58
3649,Aditya Shetty,41,Australia,Wicketkeeper,271,16,11609,95.1,0,0.0,46.5,KKR,13.89
3650,Amit Chopra,29,Sri Lanka,Allrounder,126,6,4554,143.6,405,8.45,36.11,KKR,12.31
3651,Rahul Naidu,42,India,Batter,350,13,9361,119.6,3,9.16,38.37,CSK,16.02
3652,Ankit Mehta,18,India,Wicketkeeper,18,1,9681,123.6,0,0.0,35.67,CSK,11.69
3653,Karthik Mehta,41,India,Wicketkeeper,45,2,11396,141.5,0,0.0,38.44,SRH,12.07
3654,Arjun Singh,31,India,Bowler,281,12,3702,110.5,800,5.2,21.32,DC,19.36
3655,Nikhil Shetty,22,West Indies,Allrounder,28,1,5146,108.8,245,7.04,25.18,KKR,8.7
3656,Vikas Shetty,39,Sri Lanka,Allrounder,150,8,4514,135.9,490,7.29,46.33,RR,12.78
3657,Amit Naidu,39,Sri Lanka,Wicketkeeper,212,12,4676,125.2,0,0.0,51.29,CSK,8.51
3658,Harshit Patel,35,India,Allrounder,207,7,4329,143.4,459,8.28,42.25,KKR,14.52
3659,Rahul Verma,21,India,Batter,29,1,8077,154.0,5,7.06,29.59,KKR,14.06
3660,Nikhil Yadav,33,South Africa,Allrounder,222,11,4069,121.5,285,5.71,21.99,RR,11.54
3661,Karthik Shetty,40,Australia,Wicketkeeper,551,19,2866,153.7,0,0.0,40.6,MI,13.88
3662,Pranav Sharma,24,India,Batter,136,6,13303,134.3,13,7.95,37.4,LSG,16.4
3663,Manoj Malik,29,West Indies,Bowler,179,9,3990,131.7,430,4.12,45.07,CSK,13.32
3664,Sameer Deshmukh,23,Australia,Bowler,105,4,3188,140.4,899,5.58,27.95,LSG,17.55
3665,Manoj Mehta,20,India,Wicketkeeper,19,1,4604,108.3,0,0.0,25.65,MI,6.03
3666,Rohan Kulkarni,24,England,Batter,57,2,5606,145.8,12,7.3,48.98,RCB,10.62
3667,Harshit Kulkarni,20,India,Wicketkeeper,25,1,7515,118.0,0,0.0,40.62,GT,10.91
3668,Rohan Kulkarni,30,South Africa,Wicketkeeper,137,6,6018,138.2,0,0.0,28.44,SRH,10.08
3669,Rohan Verma,23,India,Allrounder,78,3,2299,153.3,448,5.59,41.61,MI,13.3
3670,Rahul Yadav,42,Sri Lanka,Allrounder,441,23,5687,115.3,49,8.43,44.61,RR,14.89
3671,Amit Yadav,39,West Indies,Bowler,190,11,2826,110.7,687,4.85,37.92,GT,16.18
3672,Arjun Verma,24,West Indies,Wicketkeeper,109,4,7078,114.2,0,0.0,25.87,MI,7.83
3673,Manoj Kulkarni,33,India,Allrounder,30,2,2110,97.1,173,5.92,44.65,RCB,9.87
3674,Vikas Yadav,39,Australia,Bowler,285,17,3683,100.7,179,5.87,26.01,DC,10.05
3675,Sandeep Chopra,21,South Africa,Wicketkeeper,15,1,5704,101.2,0,0.0,41.44,KKR,7.3
3676,Sameer Verma,18,Sri Lanka,Wicketkeeper,16,1,11888,100.7,0,0.0,46.4,LSG,10.68
3677,Manoj Patel,18,India,Wicketkeeper,29,1,8680,96.2,0,0.0,28.73,GT,9.25
3678,Karthik Reddy,22,India,Batter,85,3,9816,138.1,5,9.12,22.55,LSG,13.65
3679,Amit Verma,21,West Indies,Bowler,57,2,2114,124.6,484,7.12,49.64,GT,9.4
3680,Rahul Chopra,35,India,Allrounder,31,2,3352,135.9,493,7.1,54.77,RR,11.07
3681,Irfan Verma,39,South Africa,Wicketkeeper,122,6,9535,108.9,0,0.0,41.84,DC,10.53
3682,Nikhil Mehta,32,South Africa,Batter,79,5,8290,97.4,7,7.61,20.51,MI,8.76
3683,Harshit Khan,37,India,Wicketkeeper,30,1,2753,102.2,0,0.0,42.72,SRH,8.62
3684,Ankit Malik,25,Sri Lanka,Bowler,88,3,217,128.2,206,6.16,21.11,MI,7.67
3685,Arjun Mehta,35,India,Allrounder,70,3,5963,150.5,112,6.64,33.92,MI,9.96
3686,Amit Naidu,36,India,Wicketkeeper,225,13,7941,132.5,0,0.0,47.29,SRH,17.67
3687,Pranav Khan,25,India,Bowler,25,1,3901,126.2,255,6.98,50.03,RR,8.51
3688,Sandeep Patel,30,India,Bowler,29,1,1502,148.3,891,5.49,28.41,RR,17.96
3689,Irfan Malik,26,India,Bowler,21,1,3164,98.2,456,5.06,47.85,PBKS,11.15
3690,Vikas Kulkarni,35,India,Allrounder,120,8,4844,108.7,225,6.46,28.11,PBKS,12.01
3691,Irfan Patel,32,Australia,Allrounder,81,4,3578,145.0,233,8.15,39.37,LSG,10.59
3692,Rahul Sharma,36,India,Allrounder,143,7,1885,123.5,453,7.16,33.71,RCB,13.77
3693,Sameer Chopra,42,India,Bowler,50,3,2340,102.5,418,7.48,34.65,KKR,10.6
3694,Nikhil Mehta,29,India,Wicketkeeper,221,9,9934,115.7,0,0.0,37.44,CSK,15.67
3695,Rahul Malik,21,India,Wicketkeeper,36,2,3035,122.5,0,0.0,38.16,LSG,7.74
3696,Sameer Sharma,29,Australia,Wicketkeeper,114,7,4622,103.4,0,0.0,37.96,PBKS,7.94
3697,Ankit Patel,26,Australia,Batter,174,7,6798,106.1,10,6.85,22.27,RR,9.84
3698,Manoj Chopra,24,India,Wicketkeeper,54,2,11631,140.8,0,0.0,34.96,SRH,14.76
3699,Karthik Naidu,32,India,Wicketkeeper,197,13,8853,132.6,0,0.0,45.47,RR,14.8
3700,Ankit Kulkarni,26,Sri Lanka,Allrounder,103,4,6702,123.2,382,7.38,33.58,PBKS,12.93
3701,Pranav Shetty,25,India,Batter,110,7,6729,133.4,7,7.32,37.32,LSG,13.66
3702,Aditya Malik,23,England,Wicketkeeper,76,3,6825,145.9,0,0.0,50.61,LSG,9.71
3703,Rohan Chopra,28,West Indies,Batter,57,2,3707,103.2,9,6.6,42.06,SRH,5.82
3704,Irfan Patel,40,India,Bowler,313,15,1585,96.1,100,5.14,51.1,GT,10.72
3705,Karthik Sharma,28,England,Bowler,149,5,2941,150.8,386,4.86,45.11,LSG,11.72
3706,Rahul Patel,33,Sri Lanka,Batter,178,7,10744,107.1,12,8.67,28.2,CSK,11.29
3707,Rohan Kulkarni,27,South Africa,Allrounder,163,8,5279,105.3,116,6.82,30.69,DC,11.64
3708,Sandeep Reddy,34,India,Bowler,300,15,2076,104.6,425,5.22,27.18,PBKS,15.41
3709,Nikhil Sharma,26,West Indies,Bowler,23,1,3918,105.0,781,7.0,21.0,PBKS,12.84
3710,Aditya Reddy,30,South Africa,Allrounder,232,9,7427,153.6,342,7.2,31.59,CSK,12.52
3711,Sameer Malik,41,India,Bowler,411,20,2127,129.2,215,4.45,51.72,RR,12.81
3712,Amit Mehta,31,Sri Lanka,Wicketkeeper,311,13,9693,142.0,0,0.0,41.79,LSG,15.83
3713,Amit Shetty,37,South Africa,Wicketkeeper,216,12,8664,113.9,0,0.0,38.97,KKR,9.81
3714,Nikhil Iyer,25,India,Wicketkeeper,102,4,3899,100.5,0,0.0,43.76,LSG,10.4
3715,Ankit Patel,19,West Indies,Bowler,28,1,706,152.9,271,6.76,29.11,RCB,6.29
3716,Arjun Khan,39,Australia,Wicketkeeper,36,2,5186,96.1,0,0.0,39.1,RCB,10.63
3717,Amit Shetty,25,India,Bowler,49,2,2414,142.4,315,6.69,26.78,RCB,11.98
3718,Amit Shetty,26,India,Wicketkeeper,123,5,11773,110.7,0,0.0,37.94,RR,13.72
3719,Manoj Mehta,26,India,Batter,72,4,8587,146.6,14,7.16,36.58,DC,12.73
3720,Harshit Iyer,35,Australia,Allrounder,218,13,2618,129.8,298,7.8,47.06,PBKS,13.14
3721,Aditya Malik,28,India,Wicketkeeper,110,4,8767,115.0,0,0.0,49.1,CSK,14.88
3722,Rohan Chopra,26,England,Allrounder,106,5,2373,127.8,99,5.96,27.49,LSG,6.6
3723,Rohan Iyer,36,England,Batter,414,17,5345,114.1,0,7.66,29.33,DC,10.29
3724,Manoj Shetty,28,India,Wicketkeeper,83,4,7956,153.0,0,0.0,25.6,SRH,11.69
3725,Arjun Chopra,18,West Indies,Wicketkeeper,27,1,2949,142.2,0,0.0,54.45,LSG,8.43
3726,Vikas Deshmukh,39,India,Batter,111,6,5004,136.9,7,6.07,28.85,PBKS,10.67
3727,Sameer Khan,20,England,Batter,47,2,9574,119.2,13,6.14,52.73,MI,12.25
3728,Arjun Shetty,24,West Indies,Bowler,136,5,653,130.3,611,4.04,37.55,LSG,12.26
3729,Rohan Shetty,33,Australia,Batter,96,4,8935,100.0,13,9.06,43.85,RCB,7.35
3730,Karthik Khan,23,South Africa,Batter,114,5,7922,135.1,3,8.38,52.98,PBKS,12.74
3731,Vikas Shetty,31,West Indies,Bowler,15,1,1929,97.5,84,7.13,36.49,RCB,3.12
3732,Aditya Sharma,18,West Indies,Batter,30,1,8115,113.6,10,7.39,35.8,RCB,6.12
3733,Amit Iyer,39,India,Bowler,50,3,2962,120.9,580,5.46,54.27,RCB,12.95
3734,Rohan Patel,29,Australia,Allrounder,142,5,5581,150.3,357,5.31,36.81,RR,13.96
3735,Irfan Khan,22,South Africa,Batter,28,1,5156,144.8,14,8.18,32.62,SRH,7.89
3736,Ankit Iyer,28,Sri Lanka,Batter,23,1,7518,119.6,5,7.51,33.12,RR,8.26
3737,Amit Naidu,19,England,Wicketkeeper,24,1,11394,150.5,0,0.0,49.01,GT,12.18
3738,Nikhil Singh,24,Sri Lanka,Batter,34,2,6897,101.5,6,6.38,34.98,GT,7.41
3739,Manoj Sharma,30,Australia,Batter,220,9,10297,132.1,4,6.35,25.03,MI,11.82
3740,Karthik Patel,25,West Indies,Wicketkeeper,40,2,10694,126.3,0,0.0,20.25,SRH,9.61
3741,Amit Patel,40,India,Wicketkeeper,106,4,4250,114.0,0,0.0,43.7,DC,9.99
3742,Nikhil Malik,36,India,Wicketkeeper,217,14,4615,124.0,0,0.0,54.24,LSG,13.33
3743,Amit Patel,29,India,Bowler,47,2,2964,116.5,818,7.32,21.59,GT,15.09
3744,Vikas Deshmukh,29,Sri Lanka,Bowler,45,3,3405,149.7,355,7.21,48.72,RCB,7.33
3745,Nikhil Singh,36,India,Wicketkeeper,180,7,4189,102.7,0,0.0,54.93,GT,10.55
3746,Sameer Singh,28,India,Allrounder,244,9,8400,138.5,148,5.91,51.78,MI,12.85
3747,Rohan Mehta,37,India,Batter,426,15,10645,149.5,10,6.82,30.83,RCB,18.59
3748,Harshit Verma,32,Australia,Batter,146,5,10663,111.9,7,9.42,53.37,RCB,14.49
3749,Manoj Iyer,36,India,Bowler,342,14,3791,137.6,638,4.2,38.62,DC,16.81
3750,Sandeep Verma,25,Sri Lanka,Batter,147,6,6860,108.4,13,7.67,44.7,PBKS,9.5
3751,Sandeep Khan,40,Australia,Wicketkeeper,273,15,7508,106.4,0,0.0,39.35,SRH,12.64
3752,Irfan Verma,24,Sri Lanka,Allrounder,156,6,5558,152.3,124,5.89,21.0,PBKS,12.31
3753,Karthik Patel,37,South Africa,Allrounder,387,13,7324,109.5,475,5.7,34.49,DC,15.71
3754,Irfan Iyer,27,India,Batter,108,4,6709,124.5,8,6.81,50.54,PBKS,11.15
3755,Sandeep Verma,35,South Africa,Allrounder,16,1,6632,129.8,55,7.49,23.12,LSG,5.19
3756,Amit Mehta,41,South Africa,Allrounder,52,2,4402,105.0,287,7.43,47.52,MI,8.82
3757,Sandeep Verma,25,South Africa,Wicketkeeper,84,4,4767,110.0,0,0.0,34.6,RCB,10.46
3758,Nikhil Iyer,22,India,Allrounder,71,3,7905,146.5,346,6.23,24.43,CSK,13.51
3759,Aditya Verma,25,India,Batter,25,1,5429,103.5,14,7.98,44.67,CSK,8.69
3760,Harshit Naidu,25,India,Batter,27,1,8091,121.1,2,9.17,37.08,RCB,10.97
3761,Manoj Mehta,26,India,Allrounder,201,8,2038,126.3,307,8.25,37.07,CSK,12.2
3762,Vikas Singh,26,West Indies,Bowler,62,3,1836,136.4,900,6.2,23.74,PBKS,14.3
3763,Nikhil Chopra,27,England,Bowler,84,3,1709,121.1,780,7.12,22.53,KKR,14.53
3764,Harshit Naidu,31,England,Wicketkeeper,243,12,2825,142.2,0,0.0,33.19,MI,10.87
3765,Harshit Khan,23,Australia,Wicketkeeper,44,2,6371,101.0,0,0.0,42.18,RCB,8.15
3766,Amit Deshmukh,30,India,Batter,167,6,12220,148.3,0,9.08,53.52,KKR,15.86
3767,Manoj Verma,36,South Africa,Batter,32,2,13566,95.1,9,9.04,33.31,LSG,12.69
3768,Arjun Naidu,27,England,Wicketkeeper,65,3,6756,144.1,0,0.0,32.82,KKR,10.84
3769,Sandeep Kulkarni,39,India,Allrounder,42,2,6572,131.4,292,7.11,32.78,KKR,10.56
3770,Aditya Reddy,37,England,Batter,109,5,12353,125.2,7,9.17,36.27,LSG,14.01
3771,Vikas Kulkarni,37,South Africa,Allrounder,180,7,1657,124.6,181,8.49,26.24,PBKS,7.98
3772,Harshit Deshmukh,28,India,Bowler,92,4,1920,143.8,651,5.95,47.19,DC,13.64
3773,Karthik Yadav,40,West Indies,Allrounder,132,8,8806,137.5,153,7.76,28.9,KKR,10.11
3774,Vikas Verma,25,India,Wicketkeeper,21,1,3326,146.7,0,0.0,51.27,DC,7.58
3775,Rohan Patel,23,India,Wicketkeeper,39,2,10293,106.6,0,0.0,24.57,RCB,11.57
3776,Vikas Deshmukh,26,India,Allrounder,16,1,3480,147.1,157,8.41,51.26,LSG,7.64
3777,Sameer Patel,29,India,Allrounder,19,1,3536,127.5,460,8.1,42.62,RR,10.02
3778,Irfan Sharma,22,India,Batter,68,3,8840,98.1,10,7.91,46.09,LSG,8.61
3779,Harshit Mehta,35,India,Batter,309,16,5488,133.9,4,7.77,37.59,SRH,13.91
3780,Manoj Verma,38,India,Allrounder,190,10,4541,105.3,456,6.72,29.75,MI,13.39
3781,Ankit Yadav,29,India,Bowler,60,2,1991,106.7,869,4.6,54.05,GT,16.69
3782,Irfan Yadav,34,India,Batter,67,3,14722,111.2,7,6.54,40.67,DC,13.69
3783,Nikhil Verma,41,Sri Lanka,Allrounder,401,23,4229,104.2,394,7.14,47.78,MI,14.08
3784,Ankit Naidu,33,South Africa,Allrounder,320,14,8033,109.2,158,7.75,30.1,MI,13.72
3785,Rohan Reddy,23,India,Bowler,130,5,492,144.5,842,7.56,44.42,KKR,15.46
3786,Pranav Kulkarni,31,England,Batter,90,3,10087,120.1,7,6.29,39.58,GT,11.86
3787,Irfan Shetty,28,Sri Lanka,Batter,72,3,4198,121.9,10,6.66,41.04,CSK,7.02
3788,Amit Singh,19,West Indies,Bowler,27,1,2051,141.9,447,5.24,49.42,PBKS,9.77
3789,Nikhil Naidu,39,India,Wicketkeeper,471,21,5610,114.4,0,0.0,49.35,LSG,17.68
3790,Amit Khan,39,India,Wicketkeeper,200,7,3121,101.2,0,0.0,49.32,GT,10.61
3791,Sameer Verma,21,India,Batter,16,1,6547,100.0,4,6.53,42.46,RR,8.37
3792,Arjun Mehta,33,India,Batter,281,14,9401,149.5,3,7.65,32.71,KKR,16.65
3793,Manoj Chopra,30,West Indies,Batter,106,4,8772,125.0,2,7.01,35.96,LSG,10.72
3794,Sameer Mehta,34,England,Wicketkeeper,340,12,3076,115.7,0,0.0,44.28,CSK,11.08
3795,Ankit Reddy,39,West Indies,Wicketkeeper,367,19,8729,140.6,0,0.0,49.85,GT,15.69
3796,Amit Naidu,33,Sri Lanka,Batter,55,3,3029,111.0,3,9.4,45.06,RCB,6.33
3797,Sandeep Kulkarni,39,Sri Lanka,Wicketkeeper,203,10,8262,118.7,0,0.0,43.7,KKR,12.3
3798,Karthik Chopra,31,India,Batter,143,5,6636,154.6,1,7.67,45.51,KKR,11.99
3799,Sameer Chopra,42,England,Wicketkeeper,221,13,6682,152.1,0,0.0,49.22,PBKS,11.78
3800,Manoj Naidu,29,Australia,Bowler,124,5,1969,143.9,349,7.43,36.07,MI,7.45
3801,Manoj Chopra,36,South Africa,Wicketkeeper,44,2,8604,110.1,0,0.0,32.96,GT,7.15
3802,Sameer Patel,20,South Africa,Wicketkeeper,39,2,8305,96.2,0,0.0,38.34,MI,7.14
3803,Pranav Mehta,31,South Africa,Allrounder,21,1,3987,126.5,167,6.77,54.09,DC,8.96
3804,Sameer Kulkarni,42,India,Batter,82,3,5401,104.7,0,9.19,32.91,LSG,7.16
3805,Ankit Chopra,41,South Africa,Bowler,40,2,3106,116.6,889,5.61,47.95,DC,15.23
3806,Aditya Naidu,24,India,Wicketkeeper,30,2,5777,126.4,0,0.0,40.02,LSG,9.99
3807,Aditya Chopra,21,India,Wicketkeeper,48,2,5135,146.2,0,0.0,48.21,LSG,8.32
3808,Rohan Chopra,31,India,Allrounder,30,2,8480,137.8,92,5.46,35.24,LSG,12.34
3809,Sandeep Singh,22,England,Batter,65,3,3389,98.0,1,7.03,37.05,SRH,6.95
3810,Arjun Deshmukh,28,West Indies,Batter,101,5,12306,110.1,15,7.24,44.31,CSK,11.95
3811,Vikas Chopra,30,Sri Lanka,Wicketkeeper,199,11,7576,141.2,0,0.0,28.57,GT,12.93
3812,Vikas Sharma,30,Australia,Wicketkeeper,37,2,11120,98.0,0,0.0,49.71,KKR,10.01
3813,Amit Sharma,25,India,Batter,142,7,6660,151.2,10,6.03,41.97,PBKS,13.33
3814,Nikhil Khan,23,India,Allrounder,137,5,7165,109.8,405,6.13,20.32,KKR,11.8
3815,Nikhil Mehta,26,England,Wicketkeeper,38,2,9271,109.1,0,0.0,24.82,RR,7.17
3816,Arjun Mehta,42,India,Bowler,286,13,408,105.0,614,6.33,38.5,LSG,15.23
3817,Sandeep Singh,37,Sri Lanka,Bowler,278,13,2588,112.9,493,6.24,21.23,RCB,13.07
3818,Sandeep Yadav,19,India,Bowler,22,1,3672,96.6,373,4.14,45.87,CSK,9.93
3819,Aditya Naidu,19,India,Wicketkeeper,20,1,8388,114.1,0,0.0,47.87,LSG,9.33
3820,Irfan Verma,20,West Indies,Batter,57,2,13306,122.2,5,7.51,37.95,MI,12.12
3821,Ankit Patel,42,South Africa,Batter,475,17,3711,111.4,3,8.5,24.26,RR,11.62
3822,Karthik Chopra,23,Australia,Bowler,54,2,1128,114.6,577,6.11,35.49,GT,10.9
3823,Nikhil Chopra,38,India,Batter,513,20,4358,124.6,10,8.26,41.71,RR,15.71
3824,Nikhil Singh,22,Australia,Wicketkeeper,79,4,7463,127.7,0,0.0,45.89,GT,9.57
3825,Sandeep Shetty,22,West Indies,Bowler,19,1,1028,127.1,629,6.68,43.76,SRH,12.3
3826,Aditya Patel,35,Sri Lanka,Bowler,255,13,1892,120.9,158,7.32,34.45,KKR,7.22
3827,Vikas Patel,27,West Indies,Batter,94,6,14394,130.0,4,8.67,22.49,MI,14.59
3828,Pranav Mehta,30,Australia,Wicketkeeper,196,11,6572,148.5,0,0.0,21.08,MI,13.2
3829,Amit Reddy,39,India,Wicketkeeper,420,19,9941,139.9,0,0.0,46.56,MI,19.07
3830,Irfan Mehta,20,India,Batter,25,1,9199,98.2,4,9.34,40.89,PBKS,9.95
3831,Arjun Chopra,27,Australia,Wicketkeeper,128,8,3241,120.7,0,0.0,31.57,KKR,7.84
3832,Rohan Patel,25,India,Batter,78,3,4698,128.8,3,6.32,36.77,KKR,10.98
3833,Amit Singh,35,India,Allrounder,70,4,4079,131.7,365,5.37,45.83,MI,10.82
3834,Rohan Verma,21,India,Batter,46,2,8917,149.3,13,8.69,34.33,LSG,11.01
3835,Harshit Khan,18,Sri Lanka,Batter,18,1,7848,146.9,14,9.34,30.38,RR,8.75
3836,Amit Yadav,34,Australia,Batter,208,7,8794,121.1,12,6.56,34.07,MI,13.43
3837,Sandeep Shetty,26,Sri Lanka,Wicketkeeper,131,6,10239,129.5,0,0.0,40.42,RCB,13.15
3838,Karthik Deshmukh,37,India,Batter,191,9,6519,125.6,14,8.62,23.67,SRH,10.27
3839,Amit Mehta,26,India,Wicketkeeper,88,5,6247,146.5,0,0.0,30.84,KKR,11.2
3840,Rahul Iyer,30,Australia,Allrounder,198,12,1535,102.1,466,8.4,53.54,RR,11.36
3841,Sandeep Reddy,30,England,Bowler,22,1,3851,108.9,146,4.35,21.63,LSG,5.66
3842,Ankit Naidu,40,India,Batter,359,21,14230,146.0,1,8.47,35.19,RR,20.0
3843,Pranav Singh,20,South Africa,Wicketkeeper,18,1,5215,150.7,0,0.0,40.66,SRH,7.02
3844,Amit Reddy,28,India,Wicketkeeper,63,4,7102,132.8,0,0.0,49.59,SRH,14.06
3845,Karthik Mehta,32,West Indies,Wicketkeeper,123,5,11000,112.8,0,0.0,32.4,SRH,12.82
3846,Arjun Patel,36,India,Allrounder,198,9,4820,149.1,453,8.17,54.18,LSG,16.39
3847,Sameer Khan,21,Sri Lanka,Batter,15,1,4176,102.6,14,9.16,48.83,LSG,5.78
3848,Pranav Naidu,33,Australia,Bowler,347,13,808,154.4,286,5.56,36.53,DC,12.03
3849,Rahul Khan,19,Sri Lanka,Batter,18,1,12400,126.8,13,7.94,31.26,MI,9.61
3850,Nikhil Sharma,19,India,Allrounder,23,1,3847,148.7,190,5.26,48.09,RCB,10.12
3851,Irfan Mehta,20,Sri Lanka,Allrounder,38,2,3363,141.6,158,5.49,41.9,RR,9.44
3852,Pranav Mehta,25,England,Allrounder,137,6,2825,110.2,157,6.43,50.09,RR,11.18
3853,Harshit Kulkarni,36,India,Wicketkeeper,106,4,6336,137.0,0,0.0,39.17,CSK,10.02
3854,Sameer Khan,29,Australia,Batter,99,4,14382,100.5,5,8.13,36.59,CSK,12.92
3855,Ankit Yadav,30,India,Wicketkeeper,322,11,10325,106.6,0,0.0,27.29,RR,15.05
3856,Rahul Naidu,38,Australia,Bowler,420,15,1751,149.7,791,6.51,34.13,KKR,16.82
3857,Aditya Deshmukh,22,India,Wicketkeeper,80,3,8217,107.5,0,0.0,42.71,RCB,11.91
3858,Pranav Yadav,34,India,Allrounder,317,13,6897,139.9,455,8.05,50.41,PBKS,16.47
3859,Pranav Patel,30,India,Wicketkeeper,196,9,6980,127.2,0,0.0,46.32,SRH,13.29
3860,Sameer Shetty,36,South Africa,Batter,161,7,3546,115.9,13,6.49,33.63,LSG,7.44
3861,Arjun Kulkarni,18,Sri Lanka,Allrounder,22,1,8256,150.7,203,6.79,50.6,MI,9.67
3862,Rahul Khan,32,South Africa,Bowler,184,10,1388,105.4,105,4.51,32.52,MI,8.35
3863,Sameer Khan,30,Australia,Bowler,280,12,1238,131.9,490,5.1,51.6,DC,14.03
3864,Amit Patel,24,England,Wicketkeeper,121,5,10462,152.7,0,0.0,42.88,SRH,12.98
3865,Rohan Kulkarni,18,Sri Lanka,Bowler,18,1,2966,126.5,633,7.19,27.29,RCB,9.61
3866,Ankit Singh,30,India,Bowler,147,7,97,128.3,716,5.99,45.99,RCB,16.24
3867,Amit Sharma,23,India,Batter,102,4,3907,117.1,2,6.77,32.74,MI,10.79
3868,Manoj Patel,28,Sri Lanka,Batter,129,7,12205,121.6,8,9.36,46.43,PBKS,14.22
3869,Rahul Malik,26,India,Bowler,31,2,2754,110.9,837,6.85,40.02,KKR,16.41
3870,Pranav Shetty,35,West Indies,Bowler,410,17,2727,123.5,464,7.4,53.08,KKR,12.85
3871,Karthik Iyer,36,India,Wicketkeeper,32,2,3505,107.9,0,0.0,22.6,KKR,7.24
3872,Karthik Kulkarni,26,India,Batter,127,5,8944,145.9,10,9.12,54.74,LSG,13.2
3873,Nikhil Iyer,41,India,Batter,407,14,11688,151.2,4,8.38,48.94,RCB,17.57
3874,Vikas Shetty,22,West Indies,Wicketkeeper,27,1,7209,145.7,0,0.0,39.92,MI,8.85
3875,Rahul Kulkarni,21,India,Wicketkeeper,34,2,5606,117.9,0,0.0,52.71,KKR,11.41
3876,Aditya Kulkarni,31,India,Batter,129,5,11302,127.3,6,7.51,35.61,RR,15.41
3877,Manoj Malik,28,South Africa,Batter,220,10,3244,123.2,7,7.98,21.68,LSG,9.13
3878,Aditya Mehta,22,India,Batter,40,2,5292,121.7,4,9.09,40.61,KKR,7.34
3879,Sameer Patel,38,South Africa,Wicketkeeper,349,13,6438,103.4,0,0.0,20.12,RCB,11.09
3880,Nikhil Malik,32,England,Allrounder,192,10,3027,137.3,200,5.86,23.47,PBKS,11.36
3881,Harshit Verma,23,Australia,Wicketkeeper,141,5,7061,149.5,0,0.0,27.53,SRH,11.13
3882,Harshit Deshmukh,42,South Africa,Wicketkeeper,184,8,4350,107.3,0,0.0,26.35,GT,5.92
3883,Harshit Yadav,21,India,Allrounder,28,1,3609,141.3,52,5.05,50.63,KKR,8.73
3884,Ankit Chopra,37,Sri Lanka,Batter,298,17,8471,106.3,10,8.15,29.98,LSG,12.72
3885,Harshit Kulkarni,40,India,Batter,303,12,11694,152.3,15,7.67,28.66,RR,17.84
3886,Sameer Singh,37,India,Bowler,52,2,622,121.4,96,6.78,30.42,PBKS,3.31
3887,Vikas Naidu,40,India,Wicketkeeper,240,9,5425,122.4,0,0.0,22.49,RCB,11.09
3888,Aditya Sharma,41,India,Wicketkeeper,243,13,7808,142.9,0,0.0,28.52,KKR,14.2
3889,Arjun Shetty,34,India,Batter,231,10,8647,99.1,15,8.54,53.43,CSK,14.86
3890,Aditya Naidu,32,India,Bowler,349,13,3402,148.0,447,4.73,48.33,PBKS,17.15
3891,Harshit Singh,33,India,Allrounder,275,14,7396,123.7,271,8.39,45.46,MI,16.01
3892,Rahul Naidu,26,South Africa,Batter,60,2,10471,106.1,0,7.3,35.51,KKR,9.57
3893,Sandeep Singh,24,Sri Lanka,Wicketkeeper,145,6,4205,104.9,0,0.0,54.37,RR,6.91
3894,Arjun Verma,21,India,Allrounder,21,1,1750,130.4,447,5.34,41.93,RCB,10.82
3895,Manoj Yadav,18,West Indies,Allrounder,19,1,6235,134.7,125,6.88,24.07,CSK,9.3
3896,Arjun Naidu,38,India,Bowler,163,9,161,112.2,563,6.11,52.91,KKR,15.52
3897,Rahul Iyer,39,India,Bowler,473,17,1446,153.4,860,6.9,21.31,LSG,20.0
3898,Sandeep Iyer,27,Sri Lanka,Allrounder,169,9,1553,106.7,72,6.0,20.39,CSK,9.03
3899,Arjun Verma,37,West Indies,Batter,345,15,7151,135.7,2,6.85,28.09,RCB,13.82
3900,Karthik Mehta,31,India,Bowler,326,11,1620,148.3,414,5.93,44.28,RR,14.05
3901,Ankit Singh,20,India,Allrounder,15,1,4477,117.3,493,6.38,35.95,MI,11.52
3902,Nikhil Verma,20,Australia,Batter,19,1,5110,133.0,13,6.62,32.75,GT,9.42
3903,Amit Yadav,23,India,Batter,44,2,5205,140.4,4,8.98,41.37,RR,8.89
3904,Sandeep Deshmukh,25,India,Batter,45,3,14557,107.6,6,7.27,47.17,GT,16.88
3905,Sameer Malik,39,India,Bowler,251,9,1355,108.5,289,5.85,26.83,SRH,11.01
3906,Harshit Mehta,36,West Indies,Wicketkeeper,61,4,4332,104.9,0,0.0,47.2,RCB,9.22
3907,Vikas Patel,31,South Africa,Wicketkeeper,336,12,8816,108.7,0,0.0,38.43,RR,12.11
3908,Amit Yadav,35,India,Allrounder,305,16,4562,129.8,182,6.58,50.7,KKR,15.62
3909,Manoj Patel,26,South Africa,Batter,38,2,12507,122.1,14,9.04,20.54,RR,10.47
3910,Rohan Shetty,18,West Indies,Allrounder,15,1,2317,131.4,208,6.49,39.52,DC,6.05
3911,Karthik Reddy,41,India,Batter,612,21,9764,104.2,5,8.28,42.63,SRH,19.15
3912,Rohan Patel,34,England,Bowler,15,1,1301,140.0,98,4.69,31.87,MI,6.7
3913,Nikhil Mehta,38,India,Wicketkeeper,399,20,4501,137.6,0,0.0,21.68,RR,13.31
3914,Ankit Iyer,28,India,Allrounder,53,3,6912,137.3,446,6.43,27.94,KKR,11.75
3915,Arjun Malik,35,India,Allrounder,44,2,6807,132.8,267,7.78,40.56,GT,11.34
3916,Ankit Khan,38,India,Bowler,228,10,2035,123.9,494,5.34,40.91,SRH,14.22
3917,Nikhil Singh,23,India,Bowler,50,3,474,136.9,417,5.8,35.18,CSK,11.4
3918,Ankit Chopra,42,India,Allrounder,149,6,5148,107.8,400,5.71,20.2,RR,13.47
3919,Amit Yadav,35,Sri Lanka,Wicketkeeper,125,6,11208,113.1,0,0.0,46.21,MI,12.46
3920,Amit Verma,36,West Indies,Bowler,15,1,2894,107.1,857,7.02,53.57,DC,15.65
3921,Irfan Chopra,36,India,Batter,444,16,8070,150.0,4,7.76,44.74,RR,18.12
3922,Ankit Deshmukh,23,Australia,Bowler,121,5,2442,100.1,265,6.75,27.7,DC,7.48
3923,Nikhil Reddy,19,England,Allrounder,29,1,5562,138.0,346,5.03,32.06,LSG,8.54
3924,Pranav Yadav,37,West Indies,Batter,59,3,3300,115.3,9,8.75,48.68,LSG,6.57
3925,Manoj Iyer,42,Australia,Wicketkeeper,248,11,4205,102.8,0,0.0,26.07,LSG,8.48
3926,Arjun Mehta,20,West Indies,Batter,48,2,10614,119.5,1,7.19,32.2,DC,11.67
3927,Pranav Khan,42,India,Allrounder,67,4,7861,100.8,145,7.67,32.29,RCB,10.58
3928,Amit Sharma,24,India,Wicketkeeper,77,4,10012,145.2,0,0.0,22.34,GT,11.41
3929,Sandeep Kulkarni,31,West Indies,Batter,315,11,13115,154.2,7,9.3,23.1,GT,17.11
3930,Manoj Khan,18,India,Allrounder,22,1,7484,117.3,468,6.02,47.17,MI,13.78
3931,Karthik Patel,36,South Africa,Bowler,479,16,199,133.7,881,6.26,46.51,DC,20.0
3932,Aditya Chopra,25,England,Wicketkeeper,58,2,4884,102.1,0,0.0,49.16,GT,9.01
3933,Arjun Kulkarni,34,West Indies,Wicketkeeper,246,12,6347,137.3,0,0.0,40.21,MI,13.41
3934,Aditya Yadav,36,India,Wicketkeeper,390,15,2566,148.4,0,0.0,44.51,CSK,14.2
3935,Nikhil Verma,33,Australia,Wicketkeeper,110,4,7033,107.1,0,0.0,35.04,PBKS,9.75
3936,Irfan Shetty,28,Australia,Allrounder,134,8,8463,98.3,62,6.73,53.41,SRH,12.58
3937,Aditya Reddy,32,South Africa,Bowler,186,7,3158,136.8,431,4.49,37.72,RCB,10.73
3938,Harshit Naidu,27,India,Allrounder,104,4,4703,150.5,55,5.09,49.81,DC,11.46
3939,Ankit Mehta,41,India,Bowler,267,9,1349,108.7,721,5.99,24.26,GT,15.61
3940,Karthik Shetty,38,South Africa,Batter,471,19,11294,110.3,10,7.27,37.73,PBKS,17.44
3941,Sameer Kulkarni,32,England,Bowler,241,9,2727,129.5,896,7.67,51.15,LSG,18.6
3942,Karthik Chopra,35,India,Wicketkeeper,64,3,3138,134.1,0,0.0,36.63,SRH,8.21
3943,Amit Naidu,33,Sri Lanka,Bowler,329,14,3921,123.3,477,7.25,50.4,MI,10.92
3944,Ankit Kulkarni,21,India,Bowler,76,3,2080,102.7,627,5.11,49.94,CSK,13.3
3945,Sandeep Yadav,24,West Indies,Bowler,80,4,1157,148.3,93,6.23,52.82,KKR,7.08
3946,Nikhil Mehta,25,England,Wicketkeeper,34,2,11582,98.2,0,0.0,37.53,PBKS,11.3
3947,Vikas Patel,28,South Africa,Bowler,25,1,801,132.6,242,5.42,47.78,RCB,7.85
3948,Aditya Kulkarni,32,India,Allrounder,78,4,6604,128.4,270,5.98,44.81,DC,12.39
3949,Vikas Iyer,22,India,Batter,62,3,10898,143.8,15,6.47,41.21,RCB,12.41
3950,Harshit Mehta,20,India,Wicketkeeper,48,2,6481,152.0,0,0.0,31.88,DC,11.44
3951,Ankit Singh,40,India,Allrounder,218,12,1801,125.4,60,5.38,23.0,LSG,9.81
3952,Rohan Patel,31,South Africa,Wicketkeeper,39,2,6849,153.2,0,0.0,21.35,KKR,12.02
3953,Harshit Naidu,29,India,Allrounder,190,10,2382,126.5,322,7.64,32.9,RR,13.38
3954,Pranav Iyer,36,India,Batter,227,8,9856,132.3,10,6.23,40.48,LSG,14.26
3955,Rahul Khan,18,India,Wicketkeeper,19,1,11364,111.9,0,0.0,51.86,RCB,11.65
3956,Ankit Reddy,38,Australia,Batter,173,8,12133,122.0,11,7.06,39.03,SRH,13.62
3957,Sameer Verma,25,England,Batter,131,6,8572,150.9,10,6.35,33.11,DC,11.97
3958,Vikas Deshmukh,19,South Africa,Wicketkeeper,15,1,10687,99.8,0,0.0,33.56,DC,10.72
3959,Sameer Shetty,33,India,Allrounder,202,8,2621,125.8,289,7.1,44.31,KKR,12.9
3960,Rohan Kulkarni,31,India,Batter,61,4,11512,112.1,5,6.19,48.67,RR,12.83
3961,Nikhil Reddy,40,South Africa,Wicketkeeper,233,8,11721,99.8,0,0.0,49.94,RCB,15.78
3962,Sandeep Sharma,18,Sri Lanka,Bowler,26,1,3886,145.1,425,4.35,32.63,PBKS,9.78
3963,Rahul Naidu,39,India,Wicketkeeper,28,1,10073,131.7,0,0.0,25.35,PBKS,12.16
3964,Pranav Patel,18,India,Allrounder,16,1,3197,108.0,339,5.23,24.47,RCB,9.05
3965,Nikhil Sharma,24,South Africa,Allrounder,83,3,5396,125.9,497,6.09,40.61,LSG,12.67
3966,Sandeep Deshmukh,23,West Indies,Wicketkeeper,21,1,6393,142.4,0,0.0,42.97,MI,9.69
3967,Nikhil Deshmukh,42,India,Bowler,625,22,3767,119.7,466,6.31,36.58,MI,16.5
3968,Rahul Sharma,38,India,Bowler,312,20,1967,145.5,167,5.58,28.05,DC,14.76
3969,Amit Malik,23,West Indies,Wicketkeeper,34,2,4880,95.3,0,0.0,42.8,CSK,8.6
3970,Karthik Deshmukh,34,India,Wicketkeeper,178,8,3387,107.1,0,0.0,51.15,SRH,10.06
3971,Karthik Deshmukh,28,West Indies,Allrounder,131,5,7965,99.6,125,8.01,23.72,GT,8.4
3972,Manoj Yadav,35,India,Batter,141,5,14365,131.6,0,7.73,29.62,RCB,16.26
3973,Nikhil Chopra,20,Australia,Wicketkeeper,23,1,9315,138.0,0,0.0,40.82,CSK,10.58
3974,Arjun Mehta,40,India,Allrounder,399,14,8717,96.5,178,6.14,46.26,DC,16.41
3975,Irfan Mehta,33,India,Batter,187,7,9989,145.1,8,6.75,34.71,RR,15.12
3976,Sameer Malik,32,India,Allrounder,68,3,5276,147.4,151,7.02,50.23,DC,12.08
3977,Aditya Verma,32,Sri Lanka,Wicketkeeper,201,9,2730,117.3,0,0.0,27.31,LSG,10.29
3978,Manoj Singh,32,Sri Lanka,Allrounder,29,1,7852,121.0,484,7.71,26.72,LSG,11.91
3979,Sandeep Khan,19,West Indies,Batter,29,1,5509,106.9,9,9.17,20.9,PBKS,4.66
3980,Harshit Mehta,22,West Indies,Batter,110,4,5402,132.3,12,6.07,43.16,RCB,11.13
3981,Rohan Patel,39,India,Wicketkeeper,45,3,8096,113.7,0,0.0,31.2,LSG,12.16
3982,Pranav Chopra,24,India,Batter,81,4,9343,135.8,12,7.19,22.03,RR,15.9
3983,Harshit Yadav,35,South Africa,Batter,448,17,8007,108.4,15,9.25,54.99,MI,14.07
3984,Sandeep Naidu,36,West Indies,Batter,228,12,5018,141.3,5,6.6,27.82,PBKS,11.14
3985,Arjun Kulkarni,42,India,Bowler,230,9,2753,147.5,782,4.31,50.06,DC,15.73
3986,Harshit Sharma,26,India,Wicketkeeper,49,2,11615,119.2,0,0.0,44.58,MI,14.02
3987,Arjun Naidu,39,India,Batter,255,9,3019,146.2,12,7.95,31.03,CSK,10.41
3988,Ankit Iyer,33,Sri Lanka,Batter,329,14,13630,124.1,3,7.83,32.39,CSK,19.23
3989,Irfan Verma,41,Australia,Wicketkeeper,37,2,6185,148.5,0,0.0,25.81,CSK,7.52
3990,Aditya Naidu,31,South Africa,Allrounder,250,9,7229,129.6,117,5.52,43.01,PBKS,10.91
3991,Rahul Kulkarni,38,England,Wicketkeeper,167,10,4000,106.7,0,0.0,33.68,CSK,8.0
3992,Pranav Naidu,19,India,Batter,30,1,12097,109.8,11,9.31,43.39,CSK,10.15
3993,Ankit Sharma,18,England,Batter,24,1,12262,121.9,15,8.59,52.81,RCB,13.0
3994,Amit Patel,23,India,Bowler,49,2,3691,122.5,561,6.8,39.93,CSK,9.6
3995,Rohan Kulkarni,29,England,Wicketkeeper,208,10,9418,136.6,0,0.0,40.73,LSG,13.87
3996,Aditya Verma,28,India,Wicketkeeper,238,10,4979,147.7,0,0.0,32.49,SRH,10.73
3997,Pranav Kulkarni,30,India,Allrounder,237,11,2183,107.8,247,6.05,21.32,RCB,11.91
3998,Harshit Deshmukh,27,Sri Lanka,Allrounder,39,2,1822,147.2,446,5.15,43.74,KKR,13.06
3999,Sameer Khan,39,India,Batter,297,12,13036,131.9,7,8.31,49.72,KKR,18.63
4000,Harshit Shetty,32,Sri Lanka,Wicketkeeper,292,13,11242,123.8,0,0.0,50.46,RR,14.78
4001,Harshit Khan,21,West Indies,Wicketkeeper,65,3,8127,116.6,0,0.0,52.43,CSK,10.27
4002,Harshit Shetty,33,Australia,Batter,348,13,13769,110.4,1,8.45,39.74,LSG,16.88
4003,Nikhil Deshmukh,29,West Indies,Allrounder,265,9,2145,103.3,180,6.87,40.69,RR,11.29
4004,Vikas Malik,26,West Indies,Batter,27,1,5800,98.1,9,7.1,53.2,DC,6.22
4005,Karthik Verma,41,England,Allrounder,30,2,6127,147.6,356,7.25,43.66,SRH,11.27
4006,Vikas Iyer,36,England,Wicketkeeper,394,18,7699,116.4,0,0.0,37.94,SRH,11.2
4007,Rahul Khan,22,India,Batter,104,4,3929,152.6,11,8.37,28.88,MI,9.18
4008,Manoj Kulkarni,40,West Indies,Allrounder,84,3,6037,150.4,382,8.06,43.46,RR,10.66
4009,Irfan Iyer,41,India,Bowler,256,11,3386,118.9,670,7.54,53.36,MI,16.5
4010,Amit Malik,31,India,Bowler,50,2,1126,97.5,789,6.67,51.74,LSG,14.74
4011,Sameer Iyer,35,South Africa,Batter,23,1,5537,122.6,11,7.7,39.83,RCB,5.96
4012,Amit Singh,37,Australia,Bowler,379,16,3384,123.1,247,4.57,49.09,DC,11.63
4013,Sameer Shetty,36,India,Wicketkeeper,327,17,3552,95.9,0,0.0,29.55,GT,11.94
4014,Pranav Verma,42,West Indies,Wicketkeeper,221,10,9821,95.1,0,0.0,34.55,PBKS,11.53
4015,Rohan Iyer,27,India,Batter,163,7,4698,142.9,15,8.55,53.08,PBKS,11.77
4016,Pranav Naidu,41,India,Allrounder,404,18,5020,110.3,80,7.13,52.35,RCB,14.05
4017,Ankit Chopra,32,Australia,Wicketkeeper,67,3,4860,141.5,0,0.0,40.1,CSK,9.92
4018,Karthik Malik,37,West Indies,Wicketkeeper,156,6,9954,136.7,0,0.0,52.35,RR,12.55
4019,Karthik Singh,36,Australia,Wicketkeeper,438,18,10900,137.7,0,0.0,32.89,SRH,17.05
4020,Rahul Yadav,26,India,Allrounder,134,8,6500,97.4,109,7.5,33.52,SRH,13.75
4021,Manoj Khan,41,England,Bowler,507,19,745,105.0,792,5.54,20.81,CSK,18.0
4022,Aditya Mehta,32,Australia,Batter,138,6,7082,134.3,0,6.47,48.08,KKR,9.21
4023,Irfan Chopra,21,Australia,Allrounder,30,1,6448,115.8,164,8.46,40.98,SRH,9.26
4024,Manoj Patel,31,England,Allrounder,284,12,6041,105.0,451,8.28,45.12,MI,13.45
4025,Aditya Khan,30,India,Bowler,74,3,115,100.3,753,6.87,50.14,KKR,14.14
4026,Arjun Sharma,31,India,Allrounder,103,6,4602,97.0,57,7.85,23.19,DC,8.12
4027,Pranav Khan,22,India,Wicketkeeper,37,2,3366,97.9,0,0.0,31.72,SRH,6.88
4028,Harshit Khan,24,India,Bowler,94,4,1695,126.9,730,5.94,29.37,LSG,16.97
4029,Rohan Naidu,38,South Africa,Allrounder,114,6,8558,117.1,72,8.19,21.59,DC,10.17
4030,Vikas Chopra,21,Sri Lanka,Batter,20,1,12135,126.9,15,7.05,34.29,CSK,12.55
4031,Manoj Patel,35,Australia,Wicketkeeper,41,2,10866,111.4,0,0.0,24.6,DC,8.29
4032,Manoj Yadav,28,South Africa,Wicketkeeper,218,9,7357,144.1,0,0.0,54.87,DC,12.28
4033,Pranav Malik,20,West Indies,Bowler,20,1,1386,117.9,222,5.25,41.63,GT,3.17
4034,Manoj Mehta,20,England,Wicketkeeper,23,1,8891,138.1,0,0.0,33.72,CSK,8.96
4035,Sandeep Chopra,36,India,Allrounder,401,17,5178,128.6,492,8.17,35.76,GT,18.58
4036,Amit Yadav,19,India,Bowler,20,1,3336,152.2,711,6.46,47.81,MI,14.22
4037,Harshit Deshmukh,35,India,Batter,415,15,5610,114.9,0,6.14,36.47,RCB,14.02
4038,Arjun Reddy,24,India,Wicketkeeper,110,4,9750,113.9,0,0.0,44.51,SRH,12.86
4039,Sandeep Reddy,41,England,Wicketkeeper,287,16,10220,144.6,0,0.0,45.6,GT,14.73
4040,Amit Deshmukh,22,India,Wicketkeeper,60,4,10787,154.4,0,0.0,29.54,KKR,13.85
4041,Irfan Verma,33,India,Bowler,215,8,29,141.0,496,7.32,32.68,LSG,14.06
4042,Irfan Yadav,23,England,Bowler,122,5,1967,101.2,328,6.79,47.63,SRH,6.81
4043,Vikas Kulkarni,28,Sri Lanka,Bowler,168,7,2639,112.5,810,6.02,42.95,RCB,16.37
4044,Rohan Singh,42,England,Batter,46,2,8840,107.6,15,8.25,21.06,KKR,9.12
4045,Harshit Naidu,24,India,Bowler,20,1,2255,129.2,432,5.65,50.68,KKR,10.25
4046,Aditya Iyer,32,India,Allrounder,19,1,4212,126.7,215,8.25,46.38,SRH,10.68
4047,Arjun Mehta,28,Sri Lanka,Wicketkeeper,133,5,3133,121.4,0,0.0,46.11,KKR,12.22
4048,Manoj Naidu,27,West Indies,Batter,57,2,4132,117.3,11,6.72,42.2,GT,7.46
4049,Manoj Malik,36,India,Allrounder,345,14,4702,138.3,470,5.06,49.24,LSG,18.23
4050,Rohan Verma,28,Australia,Batter,200,7,13995,121.9,13,7.4,49.79,GT,15.24
4051,Vikas Iyer,33,India,Bowler,356,12,667,112.3,370,6.95,31.34,RCB,13.8
4052,Arjun Naidu,35,India,Allrounder,167,11,6900,128.8,474,7.38,25.68,LSG,15.42
4053,Pranav Mehta,31,England,Bowler,82,3,3441,149.0,687,5.18,44.09,SRH,13.97
4054,Manoj Verma,39,Sri Lanka,Bowler,240,9,98,141.0,731,7.75,52.97,CSK,13.3
4055,Amit Patel,35,India,Bowler,222,11,3520,141.3,330,4.82,20.71,RCB,13.19
4056,Aditya Patel,36,West Indies,Batter,510,17,4492,123.2,12,8.35,32.14,KKR,15.12
4057,Ankit Reddy,22,India,Bowler,40,2,3649,146.3,641,7.28,20.78,GT,13.18
4058,Arjun Kulkarni,42,India,Batter,68,3,6579,117.1,6,8.13,34.55,CSK,10.59
4059,Ankit Reddy,32,India,Bowler,91,5,2604,113.6,751,7.16,53.01,LSG,14.68
4060,Arjun Shetty,32,India,Bowler,160,8,3792,134.8,470,4.68,43.52,LSG,14.95
4061,Pranav Mehta,29,Sri Lanka,Wicketkeeper,298,10,7346,110.1,0,0.0,31.37,DC,12.57
4062,Nikhil Singh,29,England,Allrounder,167,8,1708,140.7,496,7.92,31.52,PBKS,10.91
4063,Aditya Kulkarni,28,India,Bowler,162,6,2908,98.7,726,6.03,27.31,RR,16.43
4064,Rohan Chopra,20,Australia,Batter,58,2,4217,100.2,7,7.7,49.52,DC,5.66
4065,Aditya Singh,37,England,Bowler,216,12,3313,151.6,143,6.73,44.27,RCB,7.74
4066,Harshit Shetty,32,South Africa,Bowler,245,11,394,128.3,148,7.57,41.01,MI,8.41
4067,Rohan Malik,37,Sri Lanka,Batter,127,6,14641,133.5,9,9.42,21.08,DC,14.4
4068,Harshit Yadav,28,India,Batter,75,3,13332,149.3,12,8.53,47.85,CSK,14.91
4069,Karthik Yadav,42,West Indies,Allrounder,580,20,2659,135.3,193,7.04,54.66,CSK,17.1
4070,Pranav Malik,19,India,Allrounder,17,1,7937,135.0,126,5.32,29.92,KKR,11.49
4071,Amit Deshmukh,41,India,Allrounder,261,10,3413,131.5,188,7.24,25.37,RCB,11.26
4072,Rahul Iyer,38,West Indies,Allrounder,16,1,4463,132.3,407,5.72,24.49,MI,7.92
4073,Karthik Mehta,39,India,Allrounder,180,6,1720,145.1,184,5.93,31.45,DC,11.03
4074,Rahul Iyer,33,India,Allrounder,233,10,3977,151.5,248,6.71,27.95,KKR,13.12
4075,Harshit Patel,18,Australia,Batter,22,1,7292,131.4,11,7.36,46.44,KKR,9.35
4076,Vikas Mehta,33,South Africa,Bowler,52,2,720,149.9,552,7.43,47.18,PBKS,9.8
4077,Rahul Iyer,31,India,Wicketkeeper,209,9,4604,108.7,0,0.0,20.87,LSG,8.09
4078,Amit Shetty,21,India,Bowler,21,1,2058,103.5,165,5.46,44.86,RCB,6.79
4079,Rohan Mehta,25,West Indies,Batter,16,1,5666,97.6,1,8.31,49.28,SRH,6.96
4080,Nikhil Reddy,35,Australia,Batter,439,17,5585,120.9,6,6.87,43.38,RR,14.67
4081,Pranav Mehta,21,India,Batter,77,3,5524,121.5,2,7.5,22.3,PBKS,8.06
4082,Ankit Reddy,39,India,Bowler,117,7,1811,140.9,235,5.53,52.03,GT,11.77
4083,Sameer Malik,25,Sri Lanka,Wicketkeeper,111,7,7421,119.8,0,0.0,34.83,RR,8.14
4084,Rahul Sharma,40,West Indies,Wicketkeeper,81,3,4011,137.2,0,0.0,53.0,KKR,10.29
4085,Rohan Sharma,37,India,Wicketkeeper,67,4,6418,111.0,0,0.0,35.41,DC,9.57
4086,Amit Shetty,41,Australia,Bowler,207,7,1079,131.6,686,7.02,23.87,KKR,14.5
4087,Karthik Patel,29,West Indies,Batter,165,7,9403,106.2,11,8.2,37.86,SRH,11.79
4088,Ankit Shetty,19,England,Wicketkeeper,29,1,4990,126.7,0,0.0,50.67,RCB,9.55
4089,Harshit Deshmukh,25,India,Wicketkeeper,27,1,2927,122.7,0,0.0,29.78,KKR,7.26
4090,Pranav Chopra,24,India,Wicketkeeper,173,6,3398,108.9,0,0.0,50.6,MI,9.1
4091,Vikas Shetty,28,South Africa,Batter,230,8,6371,120.6,1,6.6,26.55,PBKS,12.48
4092,Amit Sharma,31,Australia,Wicketkeeper,156,7,9002,141.4,0,0.0,36.6,DC,12.46
4093,Irfan Deshmukh,30,India,Bowler,220,11,2826,116.7,552,5.33,49.83,RCB,15.9
4094,Rahul Deshmukh,19,West Indies,Wicketkeeper,15,1,2932,128.2,0,0.0,45.13,DC,8.22
4095,Rohan Kulkarni,36,West Indies,Batter,347,16,6242,149.1,7,9.14,31.5,CSK,12.38
4096,Vikas Malik,23,South Africa,Allrounder,40,2,8787,96.5,313,8.33,33.19,CSK,10.63
4097,Rohan Khan,42,West Indies,Allrounder,381,16,3078,111.5,359,8.14,29.56,GT,12.35
4098,Karthik Singh,38,India,Bowler,163,6,2018,131.7,270,5.15,35.34,PBKS,10.44
4099,Pranav Singh,22,England,Bowler,62,3,1458,148.7,403,6.76,43.6,GT,9.06
4100,Sameer Mehta,21,India,Batter,21,1,8092,151.0,5,6.72,29.26,RR,9.41
4101,Karthik Chopra,42,India,Wicketkeeper,190,8,10512,104.0,0,0.0,23.15,GT,11.72
4102,Sandeep Yadav,24,India,Bowler,62,4,1057,101.8,791,6.14,24.86,GT,16.75
4103,Karthik Singh,25,Australia,Allrounder,86,4,4949,111.9,500,6.05,41.15,GT,13.06
4104,Aditya Verma,26,South Africa,Wicketkeeper,134,7,10546,144.0,0,0.0,46.65,MI,13.74
4105,Amit Reddy,42,India,Bowler,74,3,1363,109.7,433,5.0,53.8,KKR,11.38
4106,Karthik Reddy,23,India,Wicketkeeper,108,5,8371,95.5,0,0.0,50.79,CSK,11.45
4107,Arjun Patel,34,Australia,Batter,214,10,4302,151.8,11,6.7,31.98,MI,12.41
4108,Aditya Verma,32,South Africa,Batter,49,3,4190,137.4,13,7.54,40.57,KKR,7.92
4109,Rahul Verma,35,India,Batter,245,13,9144,128.2,2,7.11,45.57,RR,15.68
4110,Aditya Deshmukh,20,England,Wicketkeeper,25,1,8067,97.5,0,0.0,20.39,CSK,8.82
4111,Manoj Singh,40,India,Allrounder,518,21,5602,102.9,166,6.6,43.25,SRH,15.8
4112,Sameer Malik,30,Sri Lanka,Allrounder,250,9,2233,121.0,176,5.75,26.92,KKR,12.74
4113,Sameer Shetty,18,England,Allrounder,23,1,4268,102.0,473,6.92,20.81,SRH,7.2
4114,Harshit Reddy,36,India,Wicketkeeper,239,12,2613,98.1,0,0.0,53.4,CSK,12.83
4115,Pranav Iyer,20,Sri Lanka,Wicketkeeper,19,1,6113,103.5,0,0.0,44.8,RCB,7.2
4116,Sameer Verma,34,India,Wicketkeeper,361,13,9791,99.1,0,0.0,23.79,RCB,14.62
4117,Harshit Chopra,41,West Indies,Wicketkeeper,152,7,3406,125.5,0,0.0,36.27,KKR,6.08
4118,Amit Shetty,36,India,Wicketkeeper,231,11,2981,152.1,0,0.0,53.07,PBKS,12.25
4119,Manoj Kulkarni,42,India,Batter,623,23,4859,131.1,2,8.73,35.92,DC,15.7
4120,Irfan Khan,24,India,Allrounder,77,4,8186,151.8,310,6.25,41.1,CSK,13.21
4121,Vikas Malik,38,Sri Lanka,Allrounder,143,9,1627,108.9,393,7.03,21.63,LSG,9.66
4122,Sameer Mehta,31,England,Wicketkeeper,90,3,4533,151.7,0,0.0,30.98,DC,10.31
4123,Rohan Verma,27,South Africa,Allrounder,72,3,6219,101.9,208,6.55,49.29,PBKS,10.31
4124,Aditya Shetty,27,England,Batter,72,3,5136,145.0,15,6.1,24.91,LSG,9.1
4125,Amit Patel,28,India,Batter,86,3,10320,138.8,6,9.1,25.76,RR,11.76
4126,Nikhil Kulkarni,26,England,Wicketkeeper,149,5,5516,128.9,0,0.0,30.94,SRH,8.7
4127,Irfan Reddy,25,West Indies,Batter,59,3,5659,146.6,13,6.62,34.12,KKR,11.45
4128,Pranav Kulkarni,26,India,Batter,131,8,10290,105.2,0,7.39,33.41,CSK,12.23
4129,Sandeep Kulkarni,32,Australia,Batter,221,9,10347,116.8,12,9.05,53.31,PBKS,16.02
4130,Irfan Verma,20,Australia,Batter,24,1,4472,103.7,9,9.31,26.21,PBKS,5.15
4131,Aditya Singh,23,West Indies,Allrounder,36,2,6742,118.6,149,8.02,20.15,RCB,8.2
4132,Aditya Singh,33,Sri Lanka,Wicketkeeper,81,3,11589,111.4,0,0.0,40.92,RR,13.04
4133,Amit Khan,21,South Africa,Bowler,65,3,1549,103.0,360,7.04,23.87,RCB,9.4
4134,Rahul Malik,38,England,Wicketkeeper,357,15,11681,150.3,0,0.0,46.29,MI,17.21
4135,Amit Kulkarni,22,Australia,Wicketkeeper,17,1,2533,130.4,0,0.0,46.92,GT,6.41
4136,Rahul Reddy,33,India,Batter,256,12,9575,140.5,8,7.5,33.01,MI,15.56
4137,Rahul Mehta,26,India,Batter,112,7,12446,138.7,14,6.85,34.69,GT,15.94
4138,Aditya Shetty,29,Sri Lanka,Bowler,102,5,3930,116.0,829,7.73,52.26,SRH,15.7
4139,Aditya Iyer,42,Sri Lanka,Allrounder,577,22,3895,109.5,326,8.27,47.94,KKR,16.26
4140,Amit Sharma,39,West Indies,Wicketkeeper,383,16,4482,121.0,0,0.0,52.11,LSG,13.73
4141,Vikas Iyer,38,India,Allrounder,95,5,2208,139.7,424,6.58,36.34,DC,13.98
4142,Arjun Iyer,38,South Africa,Batter,517,18,12367,107.0,1,6.8,34.89,RCB,18.17
4143,Manoj Deshmukh,37,India,Wicketkeeper,348,14,9551,140.3,0,0.0,41.18,CSK,17.23
4144,Irfan Mehta,29,Sri Lanka,Bowler,64,4,1678,111.9,394,6.62,36.85,DC,7.3
4145,Rahul Shetty,30,India,Bowler,213,11,2797,144.1,842,4.17,54.65,CSK,16.67
4146,Karthik Sharma,33,Sri Lanka,Batter,16,1,11646,95.7,13,7.42,25.94,KKR,10.08
4147,Sandeep Sharma,40,India,Bowler,356,14,3948,131.7,607,6.48,47.58,LSG,16.9
4148,Nikhil Iyer,25,Sri Lanka,Allrounder,64,3,5930,140.8,265,5.89,44.08,RR,10.53
4149,Nikhil Reddy,31,India,Bowler,286,11,3270,127.7,373,5.23,25.15,DC,14.35
4150,Manoj Singh,39,India,Allrounder,244,9,5357,147.9,242,6.58,34.74,LSG,13.83
4151,Rahul Shetty,29,West Indies,Allrounder,206,11,5613,130.4,92,7.94,26.72,PBKS,12.26
4152,Karthik Naidu,32,England,Allrounder,150,10,8537,125.4,452,7.03,33.95,PBKS,14.16
4153,Ankit Shetty,19,India,Allrounder,16,1,3022,120.0,263,5.42,22.55,RCB,8.51
4154,Amit Yadav,23,South Africa,Bowler,102,4,3899,120.0,341,4.38,30.69,RCB,11.14
4155,Karthik Yadav,29,India,Allrounder,84,3,8958,117.5,406,8.24,46.53,KKR,13.52
4156,Harshit Shetty,42,India,Wicketkeeper,53,2,8743,126.8,0,0.0,44.64,SRH,12.03
4157,Manoj Chopra,25,India,Batter,86,3,5432,151.5,8,6.91,38.55,DC,10.65
4158,Ankit Patel,32,England,Wicketkeeper,195,7,11641,144.9,0,0.0,32.78,RCB,13.52
4159,Amit Deshmukh,24,India,Batter,85,4,14851,135.4,13,6.35,20.27,DC,15.5
4160,Sandeep Naidu,37,India,Bowler,132,7,1056,106.6,212,5.81,41.96,RR,9.27
4161,Sandeep Shetty,22,India,Wicketkeeper,74,3,4790,153.8,0,0.0,36.25,GT,11.25
4162,Sandeep Singh,25,India,Bowler,66,4,144,125.5,318,7.11,37.35,PBKS,8.89
4163,Irfan Shetty,25,India,Wicketkeeper,159,6,7614,150.8,0,0.0,51.15,CSK,11.94
4164,Sameer Khan,22,India,Allrounder,53,2,5151,112.8,45,7.75,39.08,CSK,8.37
4165,Vikas Khan,26,India,Bowler,100,4,2567,121.6,630,4.85,36.95,KKR,15.64
4166,Ankit Reddy,34,India,Allrounder,151,7,6789,148.8,289,7.91,34.51,MI,13.14
4167,Karthik Yadav,35,India,Allrounder,26,1,7666,146.7,391,5.06,26.1,LSG,12.78
4168,Manoj Mehta,39,West Indies,Wicketkeeper,61,4,8826,132.3,0,0.0,20.87,RR,10.86
4169,Rohan Verma,27,India,Allrounder,137,6,5509,154.2,380,6.4,23.52,RCB,13.13
4170,Karthik Mehta,40,South Africa,Bowler,418,18,123,113.4,410,5.61,51.68,RCB,12.51
4171,Pranav Malik,24,India,Bowler,172,6,3971,109.3,696,7.3,22.84,LSG,14.84
4172,Nikhil Yadav,31,India,Allrounder,269,9,6055,115.2,149,7.19,43.52,SRH,12.92
4173,Vikas Mehta,38,Sri Lanka,Batter,550,19,6566,103.0,6,6.11,44.02,LSG,13.86
4174,Vikas Iyer,20,West Indies,Batter,41,2,12529,146.5,13,6.74,22.05,MI,11.99
4175,Pranav Kulkarni,29,India,Batter,132,6,3191,154.9,12,6.75,35.16,CSK,11.39
4176,Pranav Kulkarni,31,South Africa,Wicketkeeper,187,7,9999,137.2,0,0.0,26.39,CSK,12.82
4177,Manoj Naidu,25,Australia,Wicketkeeper,81,3,11953,131.6,0,0.0,45.41,MI,13.37
4178,Vikas Iyer,39,England,Wicketkeeper,315,18,2515,113.9,0,0.0,49.01,GT,13.27
4179,Sandeep Verma,25,Sri Lanka,Allrounder,123,5,2883,118.3,118,7.11,39.52,RCB,8.37
4180,Nikhil Shetty,21,India,Allrounder,59,2,7046,104.9,266,7.02,34.1,RR,11.38
4181,Vikas Mehta,27,Australia,Wicketkeeper,99,4,8018,115.6,0,0.0,34.03,PBKS,9.6
4182,Vikas Chopra,37,England,Batter,232,10,7685,124.0,13,8.66,52.91,PBKS,11.64
4183,Vikas Patel,29,India,Allrounder,170,7,5518,119.9,151,6.03,47.54,LSG,12.1
4184,Aditya Malik,19,India,Bowler,19,1,3015,127.8,558,6.07,21.87,MI,11.01
4185,Vikas Kulkarni,24,England,Wicketkeeper,107,4,8898,118.9,0,0.0,29.48,RCB,10.93
4186,Aditya Deshmukh,39,India,Bowler,411,15,837,113.5,371,7.8,50.96,RCB,16.71
4187,Nikhil Yadav,34,India,Allrounder,334,15,6968,115.5,240,7.37,39.02,PBKS,14.64
4188,Amit Mehta,18,Australia,Batter,28,1,9493,148.0,0,8.94,25.61,CSK,9.62
4189,Irfan Deshmukh,41,South Africa,Bowler,304,15,1246,115.1,853,5.29,21.47,RCB,18.09
4190,Pranav Naidu,32,England,Bowler,352,13,1487,146.3,725,6.27,33.36,GT,17.69
4191,Manoj Shetty,26,India,Wicketkeeper,49,2,5741,139.4,0,0.0,41.97,CSK,11.11
4192,Rohan Khan,33,West Indies,Wicketkeeper,33,2,2737,117.5,0,0.0,24.94,DC,7.42
4193,Irfan Yadav,27,South Africa,Wicketkeeper,145,6,11915,137.6,0,0.0,49.91,SRH,11.61
4194,Harshit Yadav,27,West Indies,Wicketkeeper,131,5,11496,136.2,0,0.0,20.63,KKR,9.8
4195,Arjun Mehta,19,England,Bowler,27,1,1788,99.2,433,4.82,39.96,CSK,8.65
4196,Arjun Shetty,20,Sri Lanka,Wicketkeeper,29,1,3983,140.4,0,0.0,23.87,SRH,8.3
4197,Karthik Verma,36,Australia,Bowler,436,17,177,128.3,700,7.19,44.15,KKR,15.51
4198,Nikhil Yadav,30,India,Allrounder,236,9,2792,100.0,422,8.4,51.54,GT,9.93
4199,Vikas Sharma,28,South Africa,Bowler,23,1,1610,118.6,702,4.48,49.8,GT,14.0
4200,Sameer Yadav,38,India,Allrounder,135,6,3557,125.4,310,8.17,40.79,SRH,11.81
4201,Sandeep Patel,30,India,Allrounder,241,10,4685,145.0,56,7.48,24.25,RCB,10.99
4202,Rahul Sharma,25,West Indies,Wicketkeeper,80,5,5933,143.6,0,0.0,36.84,GT,8.84
4203,Nikhil Verma,28,South Africa,Wicketkeeper,75,5,7409,122.0,0,0.0,34.84,RR,8.92
4204,Karthik Reddy,36,Sri Lanka,Bowler,38,2,1882,151.7,520,5.94,39.19,SRH,10.47
4205,Pranav Deshmukh,41,South Africa,Batter,326,19,6051,105.8,5,9.34,45.34,MI,11.55
4206,Harshit Yadav,21,South Africa,Batter,52,2,8128,135.7,11,8.84,41.24,PBKS,10.75
4207,Pranav Mehta,35,India,Batter,411,14,7959,146.7,3,7.98,48.76,CSK,13.91
4208,Vikas Yadav,28,India,Bowler,241,9,2927,145.9,812,4.46,34.49,DC,18.32
4209,Rahul Malik,39,West Indies,Batter,275,13,8171,147.2,0,6.89,35.12,KKR,12.38
4210,Nikhil Singh,42,India,Bowler,15,1,433,110.8,111,7.07,20.14,LSG,4.72
4211,Harshit Singh,20,India,Allrounder,17,1,8964,101.0,231,6.73,46.4,LSG,10.6
4212,Aditya Khan,35,Australia,Wicketkeeper,49,2,11809,111.6,0,0.0,35.53,MI,12.04
4213,Vikas Khan,42,England,Batter,303,19,8836,112.2,10,6.3,47.35,RR,11.97
4214,Pranav Malik,21,India,Batter,81,3,9746,133.8,14,6.53,52.11,PBKS,13.57
4215,Rahul Naidu,20,West Indies,Wicketkeeper,30,2,7598,135.8,0,0.0,48.39,CSK,10.67
4216,Aditya Iyer,37,England,Bowler,77,5,2008,110.0,798,4.41,51.31,GT,17.2
4217,Rahul Iyer,21,India,Wicketkeeper,58,3,4801,137.9,0,0.0,42.38,PBKS,9.58
4218,Nikhil Singh,20,India,Allrounder,16,1,6108,119.9,486,7.32,21.56,RCB,11.97
4219,Pranav Sharma,42,Sri Lanka,Batter,153,9,10719,135.7,15,8.75,36.55,KKR,10.75
4220,Manoj Iyer,29,Australia,Allrounder,136,9,4683,115.2,244,8.15,30.3,LSG,7.53
4221,Sameer Reddy,21,India,Bowler,22,1,3755,142.8,140,7.32,38.02,RCB,7.38
4222,Rahul Reddy,30,Sri Lanka,Allrounder,173,10,2876,107.9,96,5.46,42.97,DC,10.12
4223,Amit Malik,21,West Indies,Wicketkeeper,50,3,4489,118.1,0,0.0,49.28,MI,9.52
4224,Irfan Kulkarni,39,India,Bowler,100,5,242,143.3,266,7.61,33.21,PBKS,6.76
4225,Nikhil Deshmukh,28,India,Wicketkeeper,144,6,4968,142.3,0,0.0,32.3,RCB,12.22
4226,Irfan Kulkarni,25,South Africa,Allrounder,18,1,8428,97.0,50,5.58,33.5,DC,10.77
4227,Nikhil Shetty,36,West Indies,Batter,207,13,7721,109.3,11,9.16,27.23,RR,11.45
4228,Rahul Patel,18,India,Bowler,21,1,3246,96.5,512,7.69,47.5,RCB,10.54
4229,Harshit Verma,18,West Indies,Wicketkeeper,15,1,6647,114.3,0,0.0,21.31,MI,7.12
4230,Sameer Chopra,26,Sri Lanka,Batter,118,7,7205,103.4,1,9.21,39.31,MI,7.86
4231,Rohan Reddy,42,England,Bowler,404,18,1148,98.9,659,5.04,21.75,PBKS,18.78
4232,Amit Mehta,29,West Indies,Wicketkeeper,16,1,9282,101.9,0,0.0,22.5,DC,7.96
4233,Ankit Reddy,22,West Indies,Allrounder,74,4,7105,124.1,356,7.66,32.0,RR,11.58
4234,Nikhil Kulkarni,38,Sri Lanka,Allrounder,402,18,2660,150.7,351,6.46,51.88,CSK,13.77
4235,Sandeep Kulkarni,26,India,Allrounder,39,2,6581,148.1,223,7.5,31.19,PBKS,10.06
4236,Sameer Reddy,32,England,Wicketkeeper,258,14,11243,117.9,0,0.0,41.48,RCB,16.7
4237,Harshit Reddy,27,India,Wicketkeeper,232,8,8158,132.4,0,0.0,36.86,PBKS,13.81
4238,Manoj Malik,24,Sri Lanka,Batter,19,1,11592,154.2,12,7.4,48.74,SRH,14.89
4239,Pranav Deshmukh,21,West Indies,Allrounder,40,2,6271,138.6,47,6.52,29.43,RR,8.33
4240,Nikhil Shetty,22,South Africa,Bowler,65,4,495,116.1,856,4.38,34.1,LSG,13.19
4241,Harshit Deshmukh,30,South Africa,Bowler,160,7,32,143.9,866,4.06,32.57,GT,18.41
4242,Rohan Shetty,24,West Indies,Bowler,83,3,3758,99.4,726,6.21,26.12,RR,12.53
4243,Pranav Sharma,39,South Africa,Wicketkeeper,304,14,8700,148.4,0,0.0,41.3,MI,15.57
4244,Irfan Kulkarni,23,India,Wicketkeeper,70,4,3530,152.0,0,0.0,54.96,SRH,10.94
4245,Vikas Patel,29,England,Bowler,138,8,1120,112.9,263,5.41,50.04,RCB,7.58
4246,Ankit Malik,24,India,Bowler,45,3,2134,132.8,408,7.79,47.83,RR,10.07
4247,Nikhil Reddy,41,Sri Lanka,Allrounder,347,17,2384,116.3,225,7.74,40.1,MI,14.87
4248,Amit Kulkarni,19,India,Bowler,25,1,815,136.3,865,7.17,20.74,DC,15.21
4249,Arjun Verma,20,South Africa,Batter,15,1,8396,103.7,7,7.18,28.15,DC,7.84
4250,Sandeep Iyer,27,India,Bowler,83,3,348,97.2,230,7.44,27.69,MI,9.23
4251,Sameer Deshmukh,36,India,Allrounder,205,9,8944,132.0,397,6.08,38.69,KKR,16.24
4252,Irfan Sharma,38,Sri Lanka,Allrounder,77,3,3322,104.9,175,5.76,28.29,GT,8.23
4253,Sameer Malik,40,West Indies,Wicketkeeper,124,7,7476,125.2,0,0.0,29.49,LSG,8.7
4254,Sameer Patel,19,West Indies,Batter,19,1,6736,122.8,2,9.32,22.06,RR,7.52
4255,Arjun Patel,24,India,Batter,111,4,14158,114.7,12,8.55,42.87,CSK,16.68
4256,Manoj Singh,22,West Indies,Bowler,84,3,3091,129.2,525,5.06,47.03,LSG,10.56
4257,Ankit Chopra,24,Sri Lanka,Allrounder,126,6,7859,110.7,485,8.25,31.72,LSG,14.25
4258,Vikas Shetty,29,West Indies,Wicketkeeper,78,3,11235,122.9,0,0.0,52.45,SRH,12.6
4259,Irfan Kulkarni,22,England,Wicketkeeper,39,2,7340,149.1,0,0.0,23.15,RCB,8.35
4260,Pranav Singh,41,England,Bowler,104,6,276,124.7,557,4.5,23.73,KKR,13.11
4261,Ankit Sharma,34,Australia,Batter,133,6,8988,103.9,7,7.21,42.26,KKR,10.53
4262,Arjun Naidu,35,India,Bowler,389,17,1807,154.8,486,7.61,33.13,RCB,16.74
4263,Sameer Reddy,33,West Indies,Wicketkeeper,121,7,11352,130.9,0,0.0,49.97,CSK,13.27
4264,Ankit Deshmukh,35,Sri Lanka,Allrounder,260,16,7422,136.4,380,5.41,34.31,GT,15.47
4265,Ankit Yadav,22,India,Wicketkeeper,27,1,11600,107.4,0,0.0,34.1,MI,12.46
4266,Rahul Singh,29,South Africa,Bowler,182,10,390,136.7,752,4.29,28.85,RCB,16.81
4267,Irfan Verma,38,Australia,Wicketkeeper,55,2,6814,113.7,0,0.0,24.24,MI,5.43
4268,Amit Shetty,25,India,Batter,23,1,7688,124.6,11,9.03,40.03,RR,9.26
4269,Ankit Deshmukh,22,Australia,Allrounder,77,4,3177,119.6,149,6.99,26.74,LSG,9.15
4270,Harshit Patel,20,India,Batter,37,2,6981,102.6,8,8.61,23.64,DC,8.3
4271,Nikhil Reddy,36,Sri Lanka,Bowler,232,15,377,107.5,105,6.7,30.74,PBKS,7.38
4272,Harshit Kulkarni,42,India,Bowler,39,2,1235,122.0,694,5.81,44.8,SRH,11.71
4273,Aditya Deshmukh,37,England,Allrounder,448,16,6018,133.7,407,7.18,44.99,GT,15.42
4274,Aditya Chopra,31,West Indies,Batter,188,11,10801,114.3,12,7.02,35.33,GT,10.95
4275,Ankit Mehta,19,India,Batter,30,1,12945,154.1,8,7.08,48.49,PBKS,15.04
4276,Sameer Yadav,24,India,Wicketkeeper,91,4,7226,104.9,0,0.0,20.2,GT,9.19
4277,Vikas Patel,36,India,Bowler,35,2,938,109.6,696,4.16,24.0,RCB,13.09
4278,Sameer Khan,28,India,Batter,112,5,10380,146.5,6,7.87,45.79,LSG,14.9
4279,Aditya Khan,39,India,Allrounder,111,4,4746,119.0,324,5.75,37.78,GT,12.42
4280,Karthik Deshmukh,32,Australia,Wicketkeeper,75,5,10020,143.6,0,0.0,49.37,LSG,15.2
4281,Manoj Reddy,18,South Africa,Wicketkeeper,15,1,2561,149.6,0,0.0,37.82,DC,5.1
4282,Aditya Iyer,39,West Indies,Wicketkeeper,443,15,5033,136.7,0,0.0,23.91,RCB,14.45
4283,Rahul Mehta,21,West Indies,Bowler,28,1,3543,109.9,630,6.15,35.11,KKR,12.42
4284,Harshit Naidu,23,South Africa,Allrounder,76,4,7302,110.4,444,7.22,21.83,RCB,10.32
4285,Vikas Malik,24,Australia,Bowler,121,5,2637,96.3,680,4.04,20.29,CSK,14.47
4286,Pranav Shetty,31,South Africa,Bowler,252,10,2703,109.4,486,4.42,27.74,CSK,13.27
4287,Vikas Patel,19,India,Allrounder,23,1,6852,113.4,175,8.45,24.46,RCB,9.43
4288,Nikhil Khan,24,India,Allrounder,52,3,5766,146.5,376,6.91,43.73,GT,14.74
4289,Rahul Iyer,27,India,Allrounder,120,7,1738,128.7,486,6.04,45.02,SRH,14.21
4290,Karthik Chopra,30,Sri Lanka,Bowler,184,12,1257,135.0,652,6.77,50.48,MI,15.06
4291,Rohan Kulkarni,40,India,Wicketkeeper,130,8,9230,147.2,0,0.0,40.26,GT,13.29
4292,Sameer Singh,41,England,Allrounder,311,11,3613,133.5,125,6.5,48.64,GT,10.13
4293,Nikhil Shetty,20,India,Wicketkeeper,21,1,9219,95.3,0,0.0,54.72,KKR,10.65
4294,Ankit Mehta,24,India,Wicketkeeper,152,6,9049,106.0,0,0.0,36.46,LSG,13.97
4295,Karthik Naidu,32,India,Wicketkeeper,151,7,11658,147.3,0,0.0,27.88,DC,13.31
4296,Irfan Shetty,31,India,Bowler,45,2,1052,103.0,689,5.81,33.83,SRH,12.52
4297,Harshit Malik,20,India,Bowler,60,2,2243,116.8,748,4.67,33.07,GT,15.25
4298,Manoj Shetty,35,India,Bowler,199,10,821,154.7,702,7.77,24.02,LSG,14.26
4299,Irfan Reddy,37,England,Wicketkeeper,15,1,3043,138.6,0,0.0,21.81,MI,5.17
4300,Vikas Mehta,21,England,Batter,24,1,11612,101.3,0,6.11,53.79,MI,10.71
4301,Aditya Yadav,27,Australia,Bowler,138,5,2533,106.6,240,7.58,25.66,RR,5.98
4302,Nikhil Mehta,42,India,Allrounder,45,3,8577,125.9,411,5.84,39.94,CSK,12.07
4303,Harshit Khan,34,Australia,Batter,312,13,14534,140.4,0,6.78,30.83,RR,18.58
4304,Sameer Naidu,27,West Indies,Allrounder,51,2,1719,134.4,235,8.23,35.27,KKR,6.6
4305,Karthik Kulkarni,32,South Africa,Wicketkeeper,265,10,5473,142.4,0,0.0,48.63,KKR,10.74
4306,Amit Shetty,19,India,Batter,29,1,5968,115.4,13,7.02,52.76,RCB,8.89
4307,Amit Singh,27,South Africa,Bowler,96,4,2317,97.5,529,4.63,35.89,GT,12.9
4308,Nikhil Naidu,23,England,Allrounder,68,3,8995,141.3,389,7.8,52.18,MI,12.51
4309,Sandeep Shetty,32,Sri Lanka,Bowler,151,10,485,101.0,198,6.03,40.6,LSG,7.78
4310,Pranav Mehta,39,Sri Lanka,Allrounder,292,11,3184,100.6,360,7.72,26.04,MI,11.6
4311,Irfan Mehta,23,West Indies,Batter,81,4,9656,130.6,13,6.04,51.04,RR,10.05
4312,Sameer Shetty,42,England,Batter,88,3,12911,153.9,15,8.35,22.21,GT,13.48
4313,Karthik Malik,24,Australia,Wicketkeeper,58,3,5687,149.2,0,0.0,48.49,PBKS,10.56
4314,Sameer Naidu,31,India,Allrounder,123,5,3144,153.4,116,6.1,30.08,CSK,10.63
4315,Pranav Reddy,33,South Africa,Wicketkeeper,208,7,6822,148.4,0,0.0,50.83,DC,13.92
4316,Pranav Deshmukh,41,South Africa,Wicketkeeper,323,11,6748,140.5,0,0.0,39.72,RR,11.68
4317,Aditya Patel,36,England,Wicketkeeper,196,9,7006,102.2,0,0.0,38.62,DC,11.89
4318,Pranav Sharma,32,Australia,Allrounder,78,5,7845,142.5,226,6.25,46.53,RCB,12.07
4319,Sandeep Mehta,25,West Indies,Wicketkeeper,106,4,6971,149.6,0,0.0,20.52,CSK,9.8
4320,Ankit Khan,39,Australia,Wicketkeeper,425,17,2942,143.5,0,0.0,52.85,KKR,13.51
4321,Rohan Chopra,25,Sri Lanka,Allrounder,93,4,1559,102.8,231,7.76,22.84,CSK,7.5
4322,Vikas Deshmukh,25,England,Bowler,126,5,2377,132.7,273,4.08,42.04,GT,11.26
4323,Vikas Reddy,23,South Africa,Batter,113,5,11599,118.9,1,9.45,31.62,PBKS,10.84
4324,Karthik Yadav,40,India,Batter,149,9,7502,144.5,2,8.19,52.79,LSG,12.72
4325,Vikas Iyer,29,India,Wicketkeeper,25,1,4193,143.2,0,0.0,34.93,SRH,10.72
4326,Ankit Chopra,19,West Indies,Wicketkeeper,29,1,9575,133.1,0,0.0,49.97,KKR,10.14
4327,Sameer Reddy,24,Australia,Allrounder,50,2,4998,108.0,176,6.72,25.94,LSG,9.35
4328,Aditya Sharma,40,India,Wicketkeeper,229,13,10457,95.0,0,0.0,45.14,KKR,16.44
4329,Rohan Patel,24,India,Wicketkeeper,81,5,11930,101.7,0,0.0,28.53,DC,12.25
4330,Sameer Patel,27,India,Batter,50,2,11015,128.6,13,7.04,33.93,CSK,13.89
4331,Pranav Malik,19,England,Batter,18,1,9418,98.3,9,8.36,24.34,PBKS,6.64
4332,Karthik Mehta,34,India,Wicketkeeper,267,9,5716,125.0,0,0.0,31.79,LSG,13.49
4333,Manoj Patel,25,Australia,Batter,132,7,8266,99.0,14,7.04,51.35,SRH,11.25
4334,Aditya Naidu,38,India,Allrounder,267,12,1687,102.3,453,7.42,22.28,GT,13.59
4335,Manoj Sharma,29,Sri Lanka,Bowler,172,11,2974,135.9,493,7.7,34.61,RCB,11.16
4336,Manoj Shetty,34,India,Allrounder,363,16,2197,140.4,365,7.46,47.3,LSG,13.92
4337,Sandeep Mehta,40,India,Batter,474,18,4554,120.8,6,7.67,20.39,RCB,14.27
4338,Vikas Naidu,36,Australia,Bowler,83,4,2450,131.2,740,7.52,27.11,LSG,10.23
4339,Pranav Patel,36,India,Allrounder,510,17,4868,149.9,296,8.22,54.62,KKR,17.68
4340,Sameer Deshmukh,32,India,Allrounder,30,1,6241,154.9,73,8.06,28.56,GT,10.99
4341,Irfan Kulkarni,42,India,Wicketkeeper,58,2,2990,145.5,0,0.0,48.81,DC,9.43
4342,Karthik Sharma,31,West Indies,Batter,101,5,11812,100.9,9,6.81,54.28,LSG,15.15
4343,Arjun Yadav,32,India,Allrounder,200,9,5739,147.3,470,6.04,20.14,CSK,16.6
4344,Vikas Reddy,42,Australia,Wicketkeeper,356,12,2618,96.3,0,0.0,36.31,DC,8.66
4345,Karthik Iyer,27,India,Bowler,76,5,774,136.4,200,4.91,39.79,GT,9.41
4346,Harshit Kulkarni,32,Australia,Bowler,197,9,3028,104.8,164,4.29,33.58,RR,9.28
4347,Aditya Mehta,31,Australia,Allrounder,153,8,3688,142.5,495,5.65,34.56,GT,11.41
4348,Amit Yadav,19,India,Bowler,29,1,2565,124.1,460,4.36,23.18,RCB,10.18
4349,Sandeep Reddy,31,India,Allrounder,18,1,7588,109.4,225,5.45,50.08,PBKS,11.04
4350,Sameer Iyer,23,South Africa,Batter,42,2,6208,144.6,7,9.24,31.69,PBKS,6.43
4351,Ankit Malik,18,England,Bowler,23,1,3969,127.9,83,5.04,45.26,RR,5.3
4352,Nikhil Kulkarni,25,India,Wicketkeeper,26,1,7008,154.6,0,0.0,24.6,PBKS,10.53
4353,Vikas Khan,19,India,Wicketkeeper,18,1,4891,98.0,0,0.0,44.3,RCB,6.09
4354,Vikas Patel,38,England,Allrounder,302,20,1680,145.8,189,7.91,43.75,GT,13.06
4355,Pranav Chopra,22,India,Batter,54,2,14351,125.7,12,9.34,51.98,RCB,16.34
4356,Rohan Chopra,34,India,Batter,147,5,6891,145.8,1,9.39,30.84,MI,12.3
4357,Aditya Naidu,29,West Indies,Allrounder,120,5,5132,127.9,427,5.69,35.86,KKR,12.06
4358,Sameer Yadav,33,West Indies,Wicketkeeper,188,10,6938,147.7,0,0.0,23.5,PBKS,12.39
4359,Vikas Chopra,40,England,Allrounder,186,11,5889,140.1,120,5.9,23.32,MI,11.9
4360,Harshit Chopra,33,South Africa,Bowler,62,3,3489,118.2,214,5.22,41.79,RCB,7.89
4361,Arjun Singh,36,England,Batter,273,12,13592,146.6,14,6.55,35.66,RCB,16.07
4362,Ankit Khan,39,India,Batter,272,14,3878,123.1,3,9.21,29.63,DC,11.62
4363,Irfan Verma,36,West Indies,Allrounder,326,14,4675,95.2,92,5.5,38.63,SRH,13.38
4364,Irfan Deshmukh,39,West Indies,Batter,306,11,7615,118.5,3,6.38,40.62,SRH,11.9
4365,Arjun Mehta,40,Australia,Batter,238,11,9671,105.5,9,6.96,47.12,RCB,15.41
4366,Amit Naidu,19,England,Allrounder,26,1,7921,101.0,220,8.31,25.45,RR,7.69
4367,Irfan Singh,37,West Indies,Allrounder,114,7,8535,97.3,71,8.36,54.22,GT,9.87
4368,Karthik Naidu,34,Australia,Bowler,132,5,3144,147.4,542,4.02,30.76,DC,12.2
4369,Rohan Singh,38,India,Wicketkeeper,334,16,7150,151.3,0,0.0,31.09,PBKS,15.81
4370,Vikas Chopra,40,India,Bowler,114,4,1181,99.8,834,6.49,28.48,LSG,13.44
4371,Nikhil Naidu,36,India,Wicketkeeper,122,8,10584,141.4,0,0.0,38.5,PBKS,13.76
4372,Sameer Singh,19,Australia,Allrounder,24,1,6162,120.7,392,8.25,50.44,PBKS,8.84
4373,Sameer Verma,41,South Africa,Wicketkeeper,319,14,4672,121.9,0,0.0,54.27,MI,12.38
4374,Harshit Reddy,24,India,Allrounder,109,6,4202,114.7,226,8.36,51.01,LSG,12.43
4375,Sameer Sharma,36,Sri Lanka,Allrounder,175,8,5159,107.6,174,7.97,41.85,RCB,10.91
4376,Rohan Patel,37,India,Wicketkeeper,30,1,4917,99.4,0,0.0,49.28,RCB,5.66
4377,Ankit Yadav,39,Australia,Wicketkeeper,449,16,8526,105.5,0,0.0,22.48,MI,16.39
4378,Rohan Patel,21,India,Bowler,48,3,1388,129.6,369,5.52,49.92,LSG,10.67
4379,Harshit Verma,29,England,Bowler,169,6,3946,121.4,424,7.7,22.12,DC,9.46
4380,Rahul Reddy,29,India,Bowler,131,7,1527,128.9,893,6.85,35.68,GT,17.7
4381,Manoj Chopra,39,West Indies,Wicketkeeper,450,16,8334,113.6,0,0.0,37.58,CSK,15.03
4382,Harshit Deshmukh,42,India,Allrounder,15,1,5618,140.4,253,6.19,39.04,PBKS,9.91
4383,Rohan Yadav,42,Sri Lanka,Batter,390,23,9071,127.6,10,9.07,28.34,MI,15.45
4384,Harshit Iyer,39,Sri Lanka,Allrounder,389,16,3396,128.4,154,7.98,27.24,MI,11.61
4385,Sameer Sharma,30,India,Wicketkeeper,152,9,9385,132.4,0,0.0,32.52,PBKS,13.47
4386,Rahul Sharma,19,England,Batter,21,1,12784,122.2,2,8.96,45.43,DC,11.23
4387,Irfan Yadav,20,India,Allrounder,20,1,4825,118.8,185,5.33,54.41,RCB,8.82
4388,Pranav Kulkarni,19,India,Bowler,28,1,995,104.6,591,7.07,29.72,KKR,11.48
4389,Sameer Sharma,36,West Indies,Bowler,47,2,2606,134.0,538,5.25,46.49,KKR,11.7
4390,Arjun Chopra,34,India,Batter,157,6,7868,125.6,9,8.62,48.38,PBKS,13.57
4391,Harshit Shetty,32,Sri Lanka,Batter,245,9,9622,102.4,7,7.53,39.76,RR,13.64
4392,Aditya Sharma,41,India,Bowler,211,9,2099,142.6,796,7.62,40.25,GT,16.84
4393,Sandeep Deshmukh,20,South Africa,Allrounder,24,1,5438,150.8,182,7.26,34.99,RR,8.35
4394,Rohan Malik,22,Australia,Allrounder,89,4,6810,153.6,326,6.16,50.22,CSK,13.51
4395,Harshit Naidu,24,South Africa,Bowler,142,6,981,122.8,532,5.23,34.53,PBKS,10.67
4396,Pranav Deshmukh,37,Sri Lanka,Batter,278,11,7953,152.5,8,6.52,34.15,GT,12.62
4397,Rohan Reddy,37,Sri Lanka,Bowler,330,19,1253,106.4,343,7.33,39.18,GT,10.93
4398,Harshit Mehta,30,England,Bowler,213,10,376,140.9,414,4.09,40.33,PBKS,14.16
4399,Rohan Kulkarni,28,India,Wicketkeeper,183,7,7073,132.5,0,0.0,21.81,RCB,13.55
4400,Harshit Shetty,18,India,Wicketkeeper,27,1,6895,107.7,0,0.0,22.6,PBKS,9.17
4401,Manoj Reddy,42,India,Wicketkeeper,347,19,11310,112.3,0,0.0,41.96,GT,18.41
4402,Vikas Kulkarni,23,Australia,Bowler,42,2,2294,131.7,582,6.15,39.22,RCB,10.05
4403,Vikas Naidu,22,India,Batter,45,2,14583,109.7,8,6.96,24.8,KKR,14.06
4404,Vikas Chopra,19,Sri Lanka,Batter,24,1,14580,132.0,10,8.97,26.53,RR,12.46
4405,Amit Khan,33,England,Bowler,218,9,2392,147.4,474,4.67,46.0,SRH,14.32
4406,Pranav Reddy,39,Sri Lanka,Wicketkeeper,293,11,8813,134.6,0,0.0,34.24,DC,13.37
4407,Sameer Singh,35,India,Batter,19,1,9481,153.8,15,6.92,47.9,DC,12.61
4408,Pranav Verma,38,Australia,Allrounder,264,14,4893,145.9,154,6.06,46.56,PBKS,13.67
4409,Ankit Reddy,23,Australia,Batter,87,4,8818,120.6,6,7.04,26.51,MI,11.07
4410,Amit Sharma,26,India,Bowler,86,5,2805,138.4,602,4.42,29.36,SRH,13.81
4411,Karthik Deshmukh,31,England,Allrounder,137,8,1915,154.7,167,7.87,22.68,MI,9.35
4412,Nikhil Chopra,28,India,Batter,55,2,8575,143.1,13,7.66,47.61,DC,11.68
4413,Vikas Yadav,29,West Indies,Batter,246,11,3813,115.9,2,8.66,35.88,DC,6.88
4414,Sameer Iyer,38,West Indies,Bowler,256,9,3682,153.4,513,6.26,31.46,RCB,13.34
4415,Sandeep Malik,31,India,Bowler,251,12,527,111.2,292,7.51,54.62,LSG,12.32
4416,Amit Reddy,24,West Indies,Batter,84,5,11045,122.8,1,8.35,41.47,CSK,12.59
4417,Sandeep Mehta,19,West Indies,Bowler,23,1,1431,111.5,550,5.04,23.97,MI,8.08
4418,Ankit Mehta,38,India,Wicketkeeper,235,10,4674,101.8,0,0.0,32.17,PBKS,10.34
4419,Ankit Mehta,33,South Africa,Bowler,18,1,3921,131.5,195,6.9,23.59,PBKS,3.1
4420,Sameer Chopra,27,India,Allrounder,79,4,8605,131.1,43,7.98,53.63,KKR,13.37
4421,Aditya Khan,38,India,Wicketkeeper,296,16,3157,135.2,0,0.0,26.13,DC,10.9
4422,Nikhil Shetty,31,India,Batter,33,2,9577,133.9,14,7.66,20.99,RCB,12.96
4423,Irfan Naidu,27,Australia,Bowler,147,6,979,102.8,238,4.06,28.81,MI,10.56
4424,Rahul Mehta,19,Sri Lanka,Bowler,24,1,1019,124.2,899,5.63,24.83,RCB,13.29
4425,Manoj Reddy,20,South Africa,Wicketkeeper,16,1,5375,135.4,0,0.0,40.86,DC,6.83
4426,Rahul Khan,25,England,Wicketkeeper,40,2,10858,112.7,0,0.0,20.48,RR,10.5
4427,Rohan Naidu,18,England,Bowler,25,1,613,118.5,511,4.3,25.39,DC,9.25
4428,Pranav Yadav,32,Sri Lanka,Batter,48,3,5358,132.7,14,7.32,39.15,RR,8.73
4429,Amit Sharma,41,South Africa,Batter,305,11,10986,115.6,1,6.81,41.49,DC,13.84
4430,Ankit Naidu,31,India,Batter,195,10,4363,140.2,2,9.01,39.37,MI,9.85
4431,Harshit Iyer,30,England,Bowler,222,8,3259,116.9,272,5.38,50.78,KKR,7.88
4432,Amit Kulkarni,36,Australia,Bowler,187,8,1154,154.3,831,4.15,43.25,DC,17.42
4433,Irfan Malik,36,England,Batter,286,11,3918,97.3,14,8.38,41.19,RR,8.8
4434,Sandeep Malik,36,West Indies,Bowler,208,10,131,101.3,231,5.84,29.73,MI,8.38
4435,Pranav Verma,26,West Indies,Wicketkeeper,66,3,7921,148.4,0,0.0,39.25,RR,11.9
4436,Sandeep Deshmukh,41,Australia,Batter,64,4,13689,99.4,2,7.45,44.99,CSK,13.69
4437,Harshit Singh,28,India,Batter,103,5,6118,131.8,9,8.46,37.86,MI,11.0
4438,Vikas Reddy,30,India,Bowler,90,6,1293,130.6,573,5.65,28.17,KKR,13.2
4439,Vikas Naidu,40,India,Allrounder,327,12,8214,130.3,316,8.29,30.89,CSK,16.14
4440,Harshit Verma,27,Sri Lanka,Wicketkeeper,59,2,9855,122.0,0,0.0,48.2,KKR,9.8
4441,Harshit Naidu,19,Australia,Batter,29,1,4007,112.6,3,6.57,43.78,CSK,6.79
4442,Arjun Khan,23,India,Bowler,85,3,3357,142.6,658,5.2,24.57,KKR,15.16
4443,Karthik Kulkarni,41,England,Batter,337,16,11670,99.1,3,8.67,20.44,GT,14.76
4444,Ankit Sharma,32,India,Wicketkeeper,168,7,6378,148.9,0,0.0,40.35,DC,10.75
4445,Amit Shetty,40,India,Bowler,462,19,2953,109.0,451,5.34,41.59,MI,16.19
4446,Nikhil Shetty,36,India,Wicketkeeper,60,3,3706,125.5,0,0.0,54.71,GT,8.58
4447,Sameer Reddy,33,Sri Lanka,Bowler,157,10,2126,133.1,696,7.74,35.5,SRH,13.88
4448,Amit Reddy,40,Australia,Allrounder,225,9,8283,135.9,116,6.72,23.56,DC,12.31
4449,Sameer Malik,41,Sri Lanka,Bowler,170,11,2719,99.5,589,5.25,22.57,DC,15.04
4450,Nikhil Verma,30,India,Batter,91,6,10683,124.1,10,6.69,47.47,RR,13.62
4451,Karthik Patel,31,India,Bowler,71,3,106,115.1,858,5.84,22.88,PBKS,15.49
4452,Rahul Chopra,22,West Indies,Batter,115,4,3327,111.3,3,7.93,41.52,RR,8.66
4453,Irfan Sharma,18,India,Wicketkeeper,23,1,11867,153.6,0,0.0,23.9,PBKS,13.29
4454,Amit Sharma,18,India,Wicketkeeper,30,1,9155,107.7,0,0.0,36.56,KKR,11.98
4455,Ankit Khan,39,Sri Lanka,Batter,149,6,11043,141.3,15,9.39,51.44,GT,14.17
4456,Pranav Mehta,19,India,Allrounder,27,1,5649,154.5,106,6.17,23.6,LSG,8.57
4457,Manoj Kulkarni,21,South Africa,Allrounder,24,1,5055,146.3,54,5.19,52.45,PBKS,7.43
4458,Pranav Singh,33,England,Bowler,169,8,2848,101.8,897,4.34,21.16,PBKS,15.66
4459,Sandeep Sharma,36,India,Bowler,73,4,1508,107.6,490,4.4,53.95,DC,13.34
4460,Harshit Verma,25,India,Wicketkeeper,150,7,3235,135.1,0,0.0,47.25,GT,12.5
4461,Rahul Reddy,19,Australia,Allrounder,28,1,6734,127.1,282,7.72,47.91,LSG,12.06
4462,Arjun Iyer,24,Sri Lanka,Batter,76,3,7294,113.9,14,8.09,39.64,MI,10.29
4463,Nikhil Yadav,27,England,Wicketkeeper,203,8,11512,127.0,0,0.0,48.82,DC,16.09
4464,Ankit Reddy,27,Sri Lanka,Bowler,108,4,508,119.7,261,7.73,46.72,PBKS,6.74
4465,Irfan Patel,29,India,Batter,48,3,14420,141.6,12,6.35,33.0,PBKS,14.33
4466,Sandeep Reddy,26,India,Batter,178,7,4458,116.8,13,6.14,41.37,LSG,11.92
4467,Ankit Yadav,36,India,Bowler,185,7,312,150.4,331,4.45,22.72,CSK,12.51
4468,Arjun Yadav,42,England,Wicketkeeper,471,18,11189,150.8,0,0.0,44.75,CSK,18.42
4469,Vikas Yadav,22,England,Allrounder,71,4,4969,118.4,393,6.15,45.93,DC,11.64
4470,Nikhil Kulkarni,23,West Indies,Bowler,30,1,1038,135.3,571,6.29,33.62,SRH,10.92
4471,Sandeep Chopra,34,South Africa,Batter,97,4,13886,154.4,6,7.71,27.49,RCB,16.01
4472,Karthik Yadav,27,India,Batter,106,6,5251,112.5,7,7.46,46.78,PBKS,12.17
4473,Arjun Reddy,20,India,Wicketkeeper,55,2,6502,140.8,0,0.0,30.24,DC,11.08
4474,Ankit Malik,36,England,Wicketkeeper,218,9,10402,99.9,0,0.0,20.4,CSK,12.7
4475,Aditya Naidu,40,India,Wicketkeeper,564,22,7425,120.6,0,0.0,34.36,PBKS,18.25
4476,Pranav Verma,24,Australia,Bowler,25,1,845,123.2,438,7.76,28.97,KKR,7.54
4477,Rahul Deshmukh,25,Sri Lanka,Batter,120,5,3518,124.5,4,9.12,40.97,DC,9.09
4478,Nikhil Verma,32,India,Batter,57,3,9234,118.0,11,6.33,53.05,GT,10.9
4479,Manoj Iyer,32,Australia,Allrounder,215,11,3134,115.7,335,7.06,41.9,PBKS,13.3
4480,Sameer Malik,21,India,Wicketkeeper,55,2,11033,149.6,0,0.0,29.59,LSG,11.79
4481,Amit Reddy,35,Australia,Allrounder,223,11,7840,152.5,336,6.77,26.03,PBKS,14.47
4482,Harshit Patel,38,India,Allrounder,139,9,3956,131.9,114,7.52,43.79,CSK,10.07
4483,Rohan Mehta,33,England,Wicketkeeper,266,13,4961,116.1,0,0.0,30.99,KKR,11.61
4484,Irfan Chopra,21,West Indies,Batter,28,1,13015,107.9,3,8.39,34.69,MI,11.26
4485,Ankit Naidu,24,India,Bowler,46,2,1256,95.5,895,4.72,53.95,DC,14.97
4486,Rahul Singh,34,India,Batter,57,3,7908,153.2,14,7.51,24.91,LSG,12.11
4487,Pranav Patel,29,Australia,Batter,192,7,5643,107.1,12,8.06,47.65,RR,9.55
4488,Sameer Singh,23,South Africa,Allrounder,55,3,1526,101.8,131,7.74,51.92,SRH,8.19
4489,Aditya Verma,21,India,Allrounder,19,1,6936,131.8,167,5.68,54.5,RR,11.44
4490,Karthik Malik,36,Sri Lanka,Batter,213,10,13918,152.4,9,9.09,31.99,MI,16.8
4491,Manoj Khan,25,England,Wicketkeeper,61,3,10237,101.3,0,0.0,26.59,CSK,8.79
4492,Manoj Sharma,39,West Indies,Batter,57,2,4261,142.6,1,7.75,25.26,KKR,6.46
4493,Rahul Reddy,32,England,Allrounder,184,10,2110,114.4,172,7.31,31.94,KKR,9.11
4494,Amit Khan,38,India,Bowler,63,3,2593,123.0,189,6.52,48.42,RCB,8.71
4495,Rahul Reddy,33,India,Wicketkeeper,167,6,8028,104.4,0,0.0,47.65,GT,14.52
4496,Arjun Deshmukh,31,Australia,Batter,90,5,6141,106.6,6,6.22,42.97,DC,8.02
4497,Manoj Singh,39,India,Wicketkeeper,171,7,8079,146.3,0,0.0,28.84,CSK,14.28
4498,Sameer Reddy,37,West Indies,Allrounder,52,3,5098,127.2,371,6.15,27.41,DC,7.62
4499,Aditya Naidu,37,India,Allrounder,96,4,1987,141.4,400,7.84,25.09,GT,9.61
4500,Nikhil Iyer,28,India,Allrounder,82,3,8567,141.5,99,6.62,31.81,RCB,10.94
4501,Sandeep Mehta,38,Australia,Allrounder,92,4,2424,98.0,188,7.22,41.3,PBKS,6.18
4502,Harshit Patel,21,West Indies,Batter,60,2,8928,144.8,12,6.53,32.44,KKR,8.85
4503,Rohan Malik,36,South Africa,Batter,146,7,5520,145.5,0,6.99,21.76,RCB,10.06
4504,Rahul Naidu,21,India,Batter,19,1,3846,117.2,9,7.39,29.97,SRH,7.04
4505,Nikhil Chopra,40,West Indies,Wicketkeeper,250,10,9106,149.7,0,0.0,46.28,GT,14.6
4506,Arjun Patel,29,India,Allrounder,268,10,3028,137.9,449,5.22,38.46,GT,16.62
4507,Pranav Reddy,37,England,Bowler,120,4,2484,113.8,184,7.42,40.1,LSG,6.71
4508,Aditya Kulkarni,31,India,Allrounder,115,5,3067,124.4,447,6.75,35.96,PBKS,13.47
4509,Sameer Patel,22,India,Batter,16,1,11476,140.3,10,6.72,35.8,MI,13.08
4510,Ankit Reddy,22,India,Batter,58,2,6863,110.6,9,9.35,43.9,GT,8.59
4511,Sameer Deshmukh,23,India,Allrounder,93,5,8720,134.8,411,8.29,50.49,CSK,15.61
4512,Sandeep Reddy,41,India,Wicketkeeper,197,9,5090,144.6,0,0.0,32.6,LSG,11.16
4513,Vikas Khan,18,India,Allrounder,22,1,5898,104.4,257,7.1,38.74,SRH,8.88
4514,Irfan Naidu,32,South Africa,Batter,202,13,8094,139.6,4,6.81,38.48,LSG,13.03
4515,Pranav Deshmukh,37,South Africa,Wicketkeeper,165,7,7454,119.7,0,0.0,29.41,RR,9.29
4516,Irfan Iyer,19,India,Wicketkeeper,29,1,8038,154.9,0,0.0,22.51,MI,10.47
4517,Amit Yadav,23,India,Batter,68,3,4196,108.0,0,6.15,53.99,KKR,9.66
4518,Sameer Iyer,40,Sri Lanka,Wicketkeeper,400,22,8146,153.8,0,0.0,42.92,SRH,16.98
4519,Ankit Verma,26,South Africa,Wicketkeeper,87,3,11213,147.8,0,0.0,27.49,MI,11.42
4520,Karthik Malik,36,India,Bowler,179,7,2256,103.6,406,7.69,23.54,RR,10.54
4521,Arjun Kulkarni,40,West Indies,Bowler,111,6,3256,129.4,603,4.43,47.33,MI,14.39
4522,Pranav Yadav,36,Sri Lanka,Wicketkeeper,175,7,9487,117.0,0,0.0,54.23,RCB,13.26
4523,Sameer Deshmukh,34,Australia,Wicketkeeper,20,1,6305,121.1,0,0.0,25.27,CSK,10.13
4524,Rahul Chopra,29,England,Bowler,194,8,963,135.7,152,5.77,49.13,PBKS,10.01
4525,Pranav Patel,20,England,Bowler,37,2,1279,130.6,804,5.74,29.36,KKR,14.95
4526,Ankit Sharma,32,India,Batter,306,12,10855,154.2,11,8.26,21.72,LSG,15.24
4527,Pranav Mehta,18,South Africa,Allrounder,21,1,7908,128.7,217,8.1,28.82,PBKS,9.93
4528,Aditya Reddy,32,India,Wicketkeeper,135,7,11459,152.3,0,0.0,36.92,RCB,15.39
4529,Rahul Mehta,18,West Indies,Allrounder,23,1,7560,105.9,223,6.16,28.56,SRH,8.32
4530,Sameer Singh,26,England,Bowler,66,3,412,131.9,280,7.16,51.96,PBKS,7.65
4531,Aditya Singh,24,India,Batter,134,6,7819,102.3,3,6.81,20.21,PBKS,11.69
4532,Pranav Deshmukh,36,India,Bowler,401,14,2883,154.9,181,5.93,44.32,DC,13.49
4533,Rohan Singh,18,India,Wicketkeeper,28,1,6258,113.5,0,0.0,50.69,MI,8.67
4534,Irfan Singh,30,Australia,Batter,98,6,11048,95.9,7,8.74,48.59,CSK,12.81
4535,Sandeep Yadav,33,India,Bowler,332,15,3547,104.0,798,5.14,27.92,SRH,19.16
4536,Irfan Sharma,33,India,Wicketkeeper,265,14,11429,123.1,0,0.0,34.87,KKR,16.64
4537,Karthik Patel,21,India,Batter,26,1,8033,105.3,14,7.01,46.68,GT,9.9
4538,Sameer Iyer,41,India,Allrounder,412,22,5114,141.7,423,8.47,30.36,MI,17.12
4539,Vikas Shetty,28,India,Wicketkeeper,168,10,3936,109.7,0,0.0,27.62,LSG,11.29
4540,Rahul Khan,27,West Indies,Bowler,92,4,1649,128.1,245,4.52,41.19,CSK,7.55
4541,Aditya Shetty,25,Australia,Wicketkeeper,15,1,2938,137.3,0,0.0,43.81,DC,9.7
4542,Arjun Shetty,25,India,Batter,195,7,9840,114.8,9,7.02,43.85,CSK,12.05
4543,Pranav Sharma,35,India,Batter,197,12,11205,107.8,4,7.22,33.1,CSK,13.88
4544,Amit Chopra,27,Sri Lanka,Allrounder,31,2,2603,100.3,305,5.95,49.05,MI,9.51
4545,Manoj Kulkarni,26,Sri Lanka,Batter,173,7,10300,108.2,6,8.99,22.27,GT,12.21
4546,Nikhil Mehta,23,Sri Lanka,Allrounder,15,1,3217,107.7,380,7.59,33.77,PBKS,8.41
4547,Vikas Kulkarni,22,Sri Lanka,Allrounder,23,1,3245,108.6,410,5.22,47.75,SRH,9.86
4548,Sandeep Patel,24,South Africa,Allrounder,68,3,2043,107.4,485,7.82,31.76,CSK,10.05
4549,Irfan Reddy,19,India,Allrounder,15,1,6652,99.5,189,5.47,54.73,CSK,10.35
4550,Vikas Singh,21,England,Batter,29,1,12358,127.5,9,8.29,46.79,DC,13.99
4551,Harshit Iyer,22,India,Wicketkeeper,26,1,9434,145.4,0,0.0,48.24,RCB,13.7
4552,Sandeep Kulkarni,42,Sri Lanka,Wicketkeeper,538,23,3757,96.0,0,0.0,26.54,MI,13.8
4553,Aditya Chopra,40,Sri Lanka,Wicketkeeper,471,17,10300,134.3,0,0.0,33.15,LSG,15.53
4554,Irfan Patel,41,West Indies,Allrounder,347,15,5306,134.9,376,8.44,53.48,KKR,14.67
4555,Nikhil Chopra,20,West Indies,Bowler,22,1,2517,146.8,547,4.77,31.25,MI,10.57
4556,Rohan Chopra,38,India,Batter,94,6,7504,104.5,11,9.46,38.07,LSG,9.25
4557,Ankit Singh,21,South Africa,Allrounder,77,3,8123,121.0,464,7.77,36.38,GT,12.42
4558,Rohan Patel,20,West Indies,Bowler,58,2,2808,120.5,111,7.75,41.14,GT,3.99
4559,Harshit Verma,33,India,Wicketkeeper,177,10,8198,98.3,0,0.0,49.48,CSK,13.82
4560,Arjun Singh,33,India,Allrounder,340,13,2368,119.2,432,7.27,20.57,PBKS,13.39
4561,Pranav Reddy,35,India,Bowler,257,11,3688,95.8,365,6.25,20.04,RCB,14.79
4562,Nikhil Iyer,27,India,Bowler,103,4,2308,106.3,403,6.34,26.72,LSG,10.04
4563,Vikas Chopra,26,South Africa,Wicketkeeper,29,1,2638,134.2,0,0.0,21.88,DC,6.57
4564,Pranav Patel,22,India,Wicketkeeper,29,1,11657,113.8,0,0.0,25.23,DC,12.7
4565,Amit Kulkarni,39,England,Bowler,224,9,2944,134.7,424,6.2,45.24,DC,10.93
4566,Rohan Verma,42,Sri Lanka,Allrounder,217,8,5728,100.4,402,5.89,22.75,CSK,12.94
4567,Karthik Deshmukh,36,West Indies,Wicketkeeper,347,14,5199,120.6,0,0.0,53.1,GT,11.51
4568,Harshit Khan,38,India,Batter,133,5,5291,110.4,0,6.76,23.53,CSK,10.78
4569,Karthik Shetty,26,India,Allrounder,20,1,3917,135.8,246,7.12,42.5,MI,10.55
4570,Ankit Kulkarni,21,West Indies,Wicketkeeper,89,3,2755,146.7,0,0.0,37.02,LSG,7.32
4571,Aditya Verma,26,South Africa,Batter,43,2,10921,112.4,2,6.47,43.19,GT,10.95
4572,Rohan Iyer,34,India,Allrounder,407,14,3894,126.9,193,7.15,43.9,RR,16.12
4573,Nikhil Chopra,33,Sri Lanka,Allrounder,17,1,2441,147.9,452,7.23,40.51,RR,9.37
4574,Karthik Shetty,18,India,Wicketkeeper,22,1,5072,141.7,0,0.0,28.7,CSK,8.15
4575,Aditya Verma,28,India,Batter,220,8,3477,149.1,14,8.37,33.5,SRH,11.49
4576,Irfan Reddy,25,West Indies,Allrounder,48,2,6526,138.5,487,7.73,22.08,RR,10.0
4577,Nikhil Shetty,33,India,Allrounder,328,11,7855,102.8,69,7.04,53.86,CSK,16.53
4578,Harshit Naidu,26,West Indies,Batter,119,4,12664,101.6,4,8.84,24.26,LSG,11.18
4579,Rohan Naidu,26,Australia,Bowler,172,7,496,115.7,187,6.26,21.22,CSK,9.0
4580,Rahul Chopra,39,Australia,Batter,136,7,5226,118.3,7,7.9,23.54,RR,8.32
4581,Aditya Reddy,20,India,Allrounder,46,2,7948,149.9,103,7.81,46.48,DC,10.04
4582,Nikhil Patel,23,India,Allrounder,61,4,3513,108.0,178,7.88,29.23,LSG,9.18
4583,Rohan Yadav,25,England,Wicketkeeper,153,7,10184,107.5,0,0.0,46.78,RCB,13.38
4584,Vikas Reddy,27,England,Allrounder,17,1,8670,138.0,372,8.32,50.85,RCB,11.5
4585,Rahul Patel,39,Australia,Bowler,88,5,2609,118.3,148,6.43,34.9,DC,7.57
4586,Pranav Iyer,21,South Africa,Batter,45,3,11008,96.9,3,6.26,44.34,CSK,11.88
4587,Pranav Mehta,25,India,Wicketkeeper,94,6,8406,121.3,0,0.0,39.33,KKR,13.43
4588,Pranav Verma,22,India,Batter,50,2,9944,111.6,14,7.95,36.66,SRH,10.99
4589,Irfan Yadav,38,Australia,Allrounder,205,8,2614,118.3,201,6.65,48.72,GT,9.16
4590,Rahul Malik,42,India,Batter,385,14,8122,131.2,9,7.58,51.34,RR,15.55
4591,Harshit Deshmukh,26,West Indies,Wicketkeeper,62,3,7897,147.0,0,0.0,51.16,MI,11.73
4592,Harshit Shetty,28,West Indies,Wicketkeeper,69,4,9077,111.2,0,0.0,21.22,DC,10.46
4593,Amit Chopra,34,Australia,Allrounder,149,5,8193,111.7,476,5.91,51.83,MI,11.31
4594,Sandeep Shetty,39,India,Batter,199,10,8690,99.9,11,8.27,24.74,KKR,11.84
4595,Arjun Sharma,36,England,Allrounder,232,8,6782,132.8,127,5.54,45.74,KKR,12.59
4596,Amit Khan,34,England,Allrounder,16,1,8650,151.4,294,8.01,27.06,LSG,10.21
4597,Nikhil Kulkarni,40,India,Batter,514,22,7247,109.4,9,7.08,32.56,LSG,17.89
4598,Rohan Deshmukh,22,Sri Lanka,Bowler,76,3,1976,129.5,339,7.48,45.84,LSG,8.44
4599,Rohan Shetty,27,India,Wicketkeeper,79,5,7515,124.4,0,0.0,21.01,PBKS,12.56
4600,Amit Reddy,31,South Africa,Batter,147,5,11717,127.3,4,6.22,45.16,CSK,13.58
4601,Sandeep Deshmukh,30,England,Wicketkeeper,121,5,5906,107.9,0,0.0,45.27,LSG,10.7
4602,Harshit Khan,33,England,Bowler,235,8,2668,119.7,377,7.08,46.12,GT,12.81
4603,Nikhil Patel,38,India,Batter,200,13,7164,135.7,0,7.41,46.74,RCB,15.5
4604,Rohan Shetty,32,India,Allrounder,83,3,5064,115.7,62,8.47,34.39,DC,7.93
4605,Nikhil Malik,20,India,Batter,34,2,13358,107.2,8,6.58,44.27,PBKS,13.27
4606,Nikhil Iyer,32,India,Wicketkeeper,26,1,4206,150.0,0,0.0,33.81,RR,9.09
4607,Vikas Patel,40,India,Allrounder,295,16,2578,112.1,230,5.63,35.93,RR,14.15
4608,Vikas Kulkarni,19,West Indies,Allrounder,23,1,3690,109.0,119,6.02,45.76,PBKS,8.35
4609,Sandeep Kulkarni,32,South Africa,Allrounder,158,9,7941,127.4,475,5.03,47.78,KKR,14.02
4610,Nikhil Reddy,33,England,Allrounder,228,10,6452,131.2,397,5.93,43.41,SRH,14.46
4611,Irfan Naidu,41,India,Allrounder,224,12,5175,121.8,411,7.29,32.13,GT,11.75
4612,Karthik Deshmukh,24,India,Batter,146,6,14949,140.5,3,8.93,31.24,SRH,18.65
4613,Irfan Iyer,34,India,Bowler,140,8,873,99.3,694,4.39,23.3,SRH,15.32
4614,Karthik Reddy,24,Sri Lanka,Bowler,86,4,3760,98.1,357,6.21,31.79,MI,9.06
4615,Amit Verma,40,England,Allrounder,26,1,2313,112.7,81,7.64,46.72,RR,5.87
4616,Vikas Chopra,23,India,Wicketkeeper,77,5,8237,139.7,0,0.0,28.6,MI,13.38
4617,Arjun Deshmukh,18,India,Bowler,16,1,1953,139.9,873,6.77,33.91,PBKS,11.59
4618,Nikhil Singh,38,West Indies,Allrounder,184,10,5123,126.3,439,5.74,52.25,RCB,13.65
4619,Harshit Verma,31,India,Wicketkeeper,199,8,5943,133.4,0,0.0,26.05,RCB,12.0
4620,Sameer Shetty,28,Sri Lanka,Bowler,99,5,2995,120.6,886,6.59,40.7,KKR,15.23
4621,Nikhil Reddy,22,India,Bowler,65,4,3378,125.9,432,6.79,48.49,PBKS,13.0
4622,Sandeep Reddy,21,Sri Lanka,Batter,29,1,5705,131.9,2,8.53,25.28,CSK,6.34
4623,Aditya Chopra,26,South Africa,Allrounder,110,4,8310,151.2,215,7.93,24.79,RR,12.27
4624,Ankit Khan,24,Sri Lanka,Batter,75,4,4825,110.5,0,7.71,46.41,DC,8.54
4625,Arjun Mehta,29,India,Batter,49,3,12111,103.5,14,8.53,50.7,GT,15.11
4626,Amit Naidu,25,India,Allrounder,22,1,5326,142.8,270,5.63,35.99,PBKS,10.79
4627,Nikhil Naidu,25,Australia,Bowler,17,1,3039,104.5,398,5.25,25.87,KKR,8.03
4628,Sameer Shetty,34,Sri Lanka,Batter,260,11,12937,128.0,0,8.32,24.27,RCB,16.43
4629,Arjun Deshmukh,34,India,Wicketkeeper,82,5,10234,101.8,0,0.0,22.53,CSK,11.95
4630,Arjun Kulkarni,22,India,Batter,57,2,5566,137.7,3,8.6,22.05,LSG,7.39
4631,Sandeep Yadav,34,England,Allrounder,240,9,7827,100.1,59,6.96,51.63,PBKS,10.93
4632,Rahul Malik,22,West Indies,Bowler,53,2,1902,136.9,439,7.45,52.42,DC,9.35
4633,Karthik Shetty,21,India,Allrounder,36,2,2870,144.7,140,7.84,39.94,PBKS,10.3
4634,Irfan Sharma,18,Australia,Wicketkeeper,17,1,10116,113.4,0,0.0,27.62,PBKS,8.44
4635,Harshit Deshmukh,28,India,Bowler,22,1,3820,132.7,104,5.24,26.04,SRH,3.76
4636,Karthik Kulkarni,19,West Indies,Wicketkeeper,30,1,7817,110.5,0,0.0,36.38,DC,9.12
4637,Amit Mehta,28,India,Allrounder,212,9,4246,130.3,62,5.82,52.31,DC,11.41
4638,Sameer Yadav,27,South Africa,Bowler,199,8,1193,135.0,773,6.84,40.4,RR,13.1
4639,Sandeep Chopra,30,England,Wicketkeeper,51,3,11350,124.3,0,0.0,26.53,RR,7.92
4640,Amit Verma,21,West Indies,Bowler,38,2,3135,109.9,758,7.4,23.2,KKR,13.24
4641,Sameer Reddy,28,India,Allrounder,30,1,8682,105.5,237,7.63,33.02,RCB,11.39
4642,Nikhil Malik,26,Australia,Allrounder,66,4,4987,103.2,441,5.1,26.06,KKR,10.8
4643,Rohan Sharma,40,West Indies,Wicketkeeper,368,13,11670,98.3,0,0.0,42.98,LSG,16.74
4644,Arjun Singh,39,Australia,Allrounder,368,14,2117,117.4,424,7.93,50.61,LSG,14.59
4645,Pranav Shetty,20,Sri Lanka,Wicketkeeper,19,1,9525,107.8,0,0.0,31.39,RR,10.98
4646,Nikhil Yadav,27,Sri Lanka,Wicketkeeper,47,2,7694,104.0,0,0.0,41.72,PBKS,7.53
4647,Amit Patel,24,Australia,Wicketkeeper,96,4,5985,120.2,0,0.0,41.46,RCB,9.36
4648,Ankit Kulkarni,21,West Indies,Allrounder,34,2,8822,127.7,172,7.67,41.97,PBKS,8.01
4649,Rohan Naidu,25,Australia,Batter,62,4,10904,112.9,6,9.27,32.57,CSK,10.75
4650,Harshit Chopra,30,England,Batter,140,6,12501,131.7,5,8.51,26.25,LSG,13.24
4651,Harshit Sharma,31,India,Bowler,300,12,3902,123.1,293,5.43,34.68,KKR,14.11
4652,Sandeep Singh,28,Sri Lanka,Batter,143,8,4185,150.5,4,6.62,46.68,RR,10.86
4653,Arjun Shetty,25,Sri Lanka,Batter,26,1,12617,135.8,3,7.68,51.4,DC,14.01
4654,Aditya Verma,29,England,Bowler,109,4,1590,110.0,469,4.52,38.99,RCB,12.37
4655,Sameer Malik,18,Sri Lanka,Batter,21,1,9672,97.2,1,8.8,54.44,DC,12.17
4656,Vikas Khan,40,India,Batter,210,7,7028,116.6,12,7.59,30.25,SRH,11.14
4657,Nikhil Chopra,28,South Africa,Bowler,106,4,3834,142.5,628,4.66,53.44,DC,12.77
4658,Irfan Sharma,26,India,Wicketkeeper,174,8,3220,119.8,0,0.0,53.33,LSG,11.5
4659,Manoj Patel,18,India,Allrounder,22,1,8642,123.9,267,7.88,43.59,SRH,10.48
4660,Aditya Mehta,19,Sri Lanka,Allrounder,24,1,8805,128.5,185,6.52,22.03,MI,11.24
4661,Rahul Kulkarni,24,India,Wicketkeeper,92,4,10010,136.8,0,0.0,21.85,RR,12.31
4662,Sameer Singh,31,Sri Lanka,Batter,64,3,3101,144.5,10,8.86,28.3,LSG,6.64
4663,Manoj Patel,26,India,Wicketkeeper,127,6,11334,114.4,0,0.0,36.85,GT,13.38
4664,Rahul Verma,41,Sri Lanka,Allrounder,369,16,4461,112.2,491,7.09,40.74,RCB,15.97
4665,Rohan Patel,25,West Indies,Batter,154,6,10702,98.3,5,7.04,20.09,PBKS,10.78
4666,Pranav Mehta,31,India,Allrounder,100,4,2819,142.5,109,5.35,53.65,RCB,10.5
4667,Nikhil Malik,24,West Indies,Bowler,110,6,502,125.8,401,5.62,25.14,PBKS,12.12
4668,Karthik Deshmukh,36,India,Batter,19,1,13843,103.7,0,7.93,41.39,MI,12.2
4669,Sameer Shetty,27,South Africa,Allrounder,133,5,8013,106.7,287,8.27,46.76,DC,11.7
4670,Rahul Deshmukh,20,South Africa,Allrounder,42,2,1557,117.5,191,5.08,23.88,LSG,8.26
4671,Nikhil Patel,28,South Africa,Bowler,192,7,3353,105.4,836,5.34,33.07,MI,14.9
4672,Pranav Reddy,27,Sri Lanka,Wicketkeeper,141,6,8602,120.1,0,0.0,30.52,LSG,11.76
4673,Manoj Reddy,33,Sri Lanka,Wicketkeeper,280,12,3267,134.4,0,0.0,52.16,SRH,10.4
4674,Amit Chopra,35,India,Bowler,330,12,1784,106.5,398,5.52,29.48,DC,15.29
4675,Rahul Naidu,28,India,Bowler,126,6,2347,129.3,718,7.25,35.93,DC,14.02
4676,Arjun Iyer,35,West Indies,Wicketkeeper,504,17,4852,104.0,0,0.0,35.74,PBKS,14.24
4677,Aditya Verma,32,India,Allrounder,90,6,5031,151.6,79,5.97,50.94,RCB,13.21
4678,Aditya Sharma,39,India,Allrounder,509,18,7919,126.0,387,5.29,27.88,RR,20.0
4679,Harshit Kulkarni,25,India,Wicketkeeper,97,6,8724,119.6,0,0.0,50.69,SRH,13.28
4680,Manoj Malik,33,India,Allrounder,82,3,1806,115.1,165,6.85,27.28,RR,8.72
4681,Vikas Sharma,23,India,Allrounder,21,1,6142,132.5,460,7.8,36.38,KKR,11.54
4682,Sameer Patel,25,India,Batter,55,2,11328,115.1,8,6.76,53.59,MI,15.4
4683,Ankit Verma,39,West Indies,Wicketkeeper,25,1,8121,126.2,0,0.0,34.02,GT,8.11
4684,Ankit Iyer,34,England,Allrounder,279,16,6165,141.7,241,6.82,31.9,SRH,12.72
4685,Rohan Yadav,21,Sri Lanka,Batter,59,2,7144,130.1,11,6.63,43.28,RR,10.42
4686,Ankit Patel,32,West Indies,Bowler,231,12,2663,147.9,593,6.71,32.99,LSG,13.24
4687,Pranav Yadav,32,England,Batter,281,12,9950,152.5,13,6.26,35.23,DC,14.28
4688,Harshit Malik,25,England,Bowler,180,6,3625,135.0,842,6.37,39.13,GT,14.51
4689,Rahul Naidu,35,India,Allrounder,293,14,7091,140.3,238,5.72,48.13,GT,15.72
4690,Harshit Malik,19,India,Batter,23,1,9956,124.3,9,7.94,23.99,RR,10.74
4691,Aditya Iyer,38,India,Wicketkeeper,340,16,11292,100.0,0,0.0,31.88,PBKS,16.32
4692,Arjun Malik,27,India,Wicketkeeper,76,3,9996,113.7,0,0.0,53.38,DC,14.27
4693,Nikhil Deshmukh,24,India,Wicketkeeper,65,4,2564,142.0,0,0.0,43.1,PBKS,10.13
4694,Nikhil Shetty,22,England,Batter,114,4,14801,105.0,4,7.81,54.25,CSK,14.31
4695,Sandeep Patel,18,India,Wicketkeeper,26,1,3732,117.5,0,0.0,23.74,RCB,7.03
4696,Sameer Singh,36,India,Allrounder,56,2,3996,147.4,457,6.73,51.06,RR,13.46
4697,Aditya Iyer,41,India,Wicketkeeper,159,9,8901,95.7,0,0.0,51.02,RCB,14.14
4698,Vikas Kulkarni,28,India,Wicketkeeper,191,7,8280,111.3,0,0.0,21.36,KKR,12.52
4699,Vikas Deshmukh,19,South Africa,Allrounder,19,1,4146,146.8,163,7.97,40.87,RCB,7.58
4700,Rohan Sharma,39,India,Batter,523,18,8142,143.8,10,8.01,47.52,KKR,17.44
4701,Rahul Kulkarni,37,India,Allrounder,286,17,2656,128.2,492,8.12,53.87,SRH,14.13
4702,Vikas Shetty,27,India,Allrounder,259,9,3793,102.0,228,8.49,49.73,DC,13.56
4703,Sandeep Chopra,18,Sri Lanka,Bowler,15,1,572,118.3,351,5.9,41.46,CSK,8.25
4704,Sameer Shetty,26,India,Allrounder,15,1,8932,125.4,357,5.2,50.48,KKR,14.34
4705,Rahul Kulkarni,18,India,Wicketkeeper,22,1,7882,107.8,0,0.0,34.92,GT,9.47
4706,Harshit Malik,40,Sri Lanka,Bowler,200,8,2634,120.7,305,7.57,32.54,LSG,10.56
4707,Ankit Verma,33,South Africa,Allrounder,113,7,5084,126.2,105,6.54,42.12,LSG,9.36
4708,Vikas Singh,32,Australia,Wicketkeeper,161,6,4248,143.0,0,0.0,35.82,DC,11.07
4709,Sandeep Khan,27,South Africa,Batter,174,8,4732,127.0,10,8.86,31.85,RR,9.55
4710,Harshit Shetty,39,India,Bowler,197,8,1090,138.1,263,6.5,39.53,PBKS,9.62
4711,Irfan Iyer,32,England,Batter,195,12,13513,105.2,3,6.2,29.99,MI,15.24
4712,Pranav Yadav,24,India,Bowler,72,3,645,135.4,563,5.07,20.64,PBKS,13.53
4713,Arjun Iyer,37,Sri Lanka,Allrounder,512,18,3047,110.9,150,7.64,30.85,SRH,13.99
4714,Irfan Iyer,40,India,Batter,398,19,10371,108.0,3,7.85,50.96,PBKS,17.61
4715,Sandeep Naidu,40,India,Batter,590,20,14416,121.7,11,6.3,49.73,DC,20.0
4716,Rohan Shetty,28,India,Batter,221,8,4467,112.5,13,8.16,34.73,RCB,13.84
4717,Amit Malik,39,England,Bowler,166,6,363,153.4,126,6.69,51.26,RR,8.2
4718,Vikas Reddy,18,India,Allrounder,27,1,3687,154.9,188,6.2,20.12,SRH,10.55
4719,Aditya Shetty,26,South Africa,Bowler,97,4,380,144.4,338,4.1,26.98,PBKS,10.12
4720,Pranav Sharma,22,India,Batter,35,2,10232,109.2,12,6.21,34.91,LSG,12.67
4721,Ankit Iyer,40,West Indies,Bowler,279,17,3470,132.5,722,6.78,28.32,LSG,16.88
4722,Pranav Naidu,34,India,Allrounder,379,15,3288,150.6,136,6.76,48.53,MI,15.22
4723,Amit Sharma,35,India,Bowler,195,12,2726,153.9,513,5.23,44.8,CSK,14.6
4724,Ankit Chopra,24,Sri Lanka,Bowler,147,6,3623,97.1,418,4.24,25.89,RR,11.4
4725,Arjun Reddy,27,Sri Lanka,Allrounder,126,7,6028,106.0,376,7.55,37.9,MI,7.88
4726,Vikas Verma,27,South Africa,Batter,201,8,6548,150.3,7,6.33,32.04,SRH,12.27
4727,Ankit Kulkarni,23,West Indies,Wicketkeeper,63,3,3565,149.5,0,0.0,53.07,RR,8.57
4728,Aditya Yadav,28,India,Wicketkeeper,134,5,7621,95.4,0,0.0,36.24,DC,13.21
4729,Harshit Patel,33,England,Allrounder,66,4,7952,149.5,413,5.09,38.14,GT,13.25
4730,Ankit Deshmukh,33,England,Wicketkeeper,179,7,9191,99.5,0,0.0,23.86,PBKS,9.3
4731,Amit Shetty,28,India,Batter,162,7,8157,151.4,4,7.34,44.25,KKR,14.48
4732,Aditya Verma,23,Australia,Wicketkeeper,92,5,3946,147.1,0,0.0,32.83,GT,7.64
4733,Sameer Iyer,18,India,Bowler,23,1,1386,153.5,441,4.16,20.6,DC,11.68
4734,Irfan Deshmukh,33,Sri Lanka,Allrounder,389,15,2568,117.1,157,8.32,20.35,KKR,12.07
4735,Amit Verma,33,Australia,Wicketkeeper,123,7,9539,136.3,0,0.0,54.32,MI,14.2
4736,Sandeep Mehta,27,India,Batter,94,4,4269,104.7,7,9.38,26.34,LSG,7.29
4737,Nikhil Chopra,33,India,Bowler,46,3,2539,133.2,877,6.15,45.88,RCB,16.33
4738,Rohan Khan,24,India,Bowler,55,3,2487,152.5,733,4.69,42.36,KKR,13.89
4739,Aditya Kulkarni,29,South Africa,Batter,19,1,12125,127.4,8,8.96,34.5,SRH,12.62
4740,Pranav Kulkarni,18,England,Wicketkeeper,21,1,3391,153.6,0,0.0,40.37,PBKS,8.31
4741,Pranav Kulkarni,35,Sri Lanka,Bowler,328,15,1875,152.2,783,7.29,43.64,SRH,17.97
4742,Karthik Chopra,37,Australia,Batter,24,1,9541,95.2,13,7.92,21.4,RCB,7.92
4743,Aditya Chopra,30,South Africa,Allrounder,192,7,8214,106.2,42,5.7,28.92,KKR,11.45
4744,Vikas Chopra,39,West Indies,Allrounder,366,19,8699,116.6,389,6.07,34.72,RR,18.51
4745,Arjun Singh,41,India,Batter,265,12,13374,97.5,13,6.35,43.59,DC,16.04
4746,Harshit Iyer,23,South Africa,Wicketkeeper,147,5,4897,127.2,0,0.0,35.55,RR,9.53
4747,Karthik Deshmukh,24,Sri Lanka,Allrounder,37,2,6677,144.7,195,7.22,34.97,RCB,8.58
4748,Karthik Sharma,40,Sri Lanka,Bowler,255,14,788,152.2,879,6.44,49.39,SRH,16.7
4749,Pranav Verma,39,South Africa,Allrounder,170,8,2363,133.7,63,6.49,26.2,RR,8.82
4750,Nikhil Deshmukh,29,India,Allrounder,47,2,1894,153.9,233,6.96,38.14,RR,11.83
4751,Arjun Malik,34,South Africa,Bowler,388,13,3026,119.4,844,7.53,54.96,GT,18.09
4752,Rohan Verma,34,Australia,Bowler,467,16,77,97.5,852,6.2,40.54,PBKS,19.52
4753,Rahul Chopra,25,England,Allrounder,143,6,8053,96.9,84,5.96,48.73,RR,10.34
4754,Rohan Sharma,25,West Indies,Allrounder,119,6,7196,142.8,375,5.97,30.09,GT,12.27
4755,Arjun Yadav,25,India,Batter,120,7,9472,153.4,6,6.68,32.66,GT,14.61
4756,Nikhil Patel,26,India,Wicketkeeper,183,8,10590,131.1,0,0.0,41.35,RCB,13.35
4757,Rahul Shetty,37,India,Batter,239,8,3455,149.9,2,7.96,43.61,RCB,13.48
4758,Arjun Shetty,30,India,Batter,61,4,3096,146.7,4,7.41,26.34,DC,8.12
4759,Ankit Iyer,25,India,Batter,99,5,6970,152.0,12,7.9,41.89,KKR,13.53
4760,Rohan Shetty,38,West Indies,Batter,127,7,4303,134.2,5,8.86,49.38,CSK,7.84
4761,Vikas Patel,33,South Africa,Bowler,30,1,767,111.4,115,7.59,25.94,GT,4.99
4762,Nikhil Sharma,21,India,Allrounder,29,1,5480,137.1,365,6.69,27.95,KKR,12.27
4763,Amit Deshmukh,28,India,Batter,188,7,12532,115.6,2,6.01,53.91,CSK,17.0
4764,Irfan Khan,32,India,Allrounder,142,7,8462,119.1,198,7.43,26.74,KKR,11.48
4765,Vikas Shetty,34,Sri Lanka,Allrounder,134,8,4553,105.2,77,6.25,23.72,GT,9.14
4766,Rohan Reddy,28,India,Wicketkeeper,89,5,10121,149.4,0,0.0,54.92,PBKS,13.56
4767,Amit Iyer,38,India,Wicketkeeper,47,2,5553,104.8,0,0.0,21.91,LSG,7.74
4768,Amit Mehta,19,West Indies,Batter,15,1,11934,122.7,6,7.15,27.17,KKR,11.92
4769,Irfan Yadav,27,India,Bowler,42,2,2728,107.1,777,5.15,47.1,RCB,16.5
4770,Irfan Mehta,18,India,Allrounder,23,1,7217,133.1,78,7.49,33.55,KKR,9.63
4771,Pranav Deshmukh,35,India,Bowler,211,8,1846,153.2,473,7.45,26.08,DC,11.66
4772,Pranav Malik,23,India,Bowler,50,3,902,126.5,194,4.85,23.19,CSK,9.2
4773,Nikhil Singh,21,India,Wicketkeeper,46,2,6024,121.2,0,0.0,40.36,SRH,9.91
4774,Pranav Sharma,23,India,Wicketkeeper,85,4,9806,126.3,0,0.0,31.58,MI,9.68
4775,Harshit Reddy,34,West Indies,Batter,86,4,5223,152.5,0,7.9,27.21,LSG,9.99
4776,Ankit Yadav,23,South Africa,Batter,61,3,5773,97.6,13,8.29,22.32,GT,6.6
4777,Sandeep Iyer,32,Australia,Batter,65,4,10918,101.3,10,7.93,20.78,CSK,11.47
4778,Rohan Kulkarni,24,England,Batter,115,6,4271,128.9,8,6.6,44.62,CSK,7.82
4779,Pranav Singh,42,Sri Lanka,Batter,65,3,8238,135.1,0,6.71,26.39,CSK,5.56
4780,Sandeep Chopra,34,South Africa,Allrounder,260,9,5158,119.7,71,7.15,42.88,SRH,11.39
4781,Arjun Verma,25,Sri Lanka,Wicketkeeper,183,7,10563,154.7,0,0.0,52.82,RR,15.26
4782,Amit Kulkarni,19,South Africa,Bowler,23,1,2702,148.1,381,4.02,22.33,LSG,7.19
4783,Ankit Singh,19,India,Bowler,30,1,3697,111.9,247,7.62,33.37,CSK,6.06
4784,Pranav Mehta,32,India,Wicketkeeper,53,3,11486,100.5,0,0.0,23.93,LSG,15.03
4785,Rahul Malik,23,India,Batter,91,5,3178,151.7,11,8.54,41.38,GT,9.75
4786,Rahul Malik,21,Australia,Bowler,15,1,1749,140.7,280,6.72,29.2,KKR,7.5
4787,Rahul Khan,30,India,Batter,228,9,3482,95.1,5,6.16,32.27,PBKS,8.94
4788,Ankit Patel,27,Sri Lanka,Wicketkeeper,23,1,10276,109.5,0,0.0,22.18,MI,7.05
4789,Amit Kulkarni,20,Australia,Wicketkeeper,26,1,9707,105.8,0,0.0,24.36,RR,8.62
4790,Vikas Kulkarni,36,India,Wicketkeeper,411,14,6671,149.9,0,0.0,24.91,MI,15.29
4791,Rohan Kulkarni,19,West Indies,Batter,17,1,7037,130.6,3,7.88,39.02,SRH,8.15
4792,Rahul Shetty,36,England,Batter,52,2,9666,114.1,15,6.35,21.79,SRH,9.17
4793,Karthik Reddy,40,England,Wicketkeeper,228,13,6890,118.7,0,0.0,26.6,MI,11.4
4794,Rahul Naidu,36,India,Batter,219,13,10370,136.6,13,7.97,38.62,CSK,15.6
4795,Sameer Khan,27,Sri Lanka,Batter,95,6,5112,118.2,4,7.52,49.46,LSG,7.87
4796,Rohan Deshmukh,39,India,Batter,144,7,10407,139.1,5,6.77,46.51,DC,15.28
4797,Ankit Malik,32,India,Bowler,127,8,2528,112.8,441,5.59,36.47,KKR,10.28
4798,Arjun Verma,38,West Indies,Bowler,527,19,3210,97.8,321,4.35,23.91,GT,12.77
4799,Sandeep Naidu,29,India,Wicketkeeper,190,9,8061,106.2,0,0.0,37.65,RCB,13.85
4800,Sandeep Deshmukh,40,India,Batter,468,16,13033,109.1,7,8.97,52.73,SRH,20.0
4801,Pranav Reddy,36,West Indies,Wicketkeeper,412,17,8793,152.3,0,0.0,53.56,KKR,17.03
4802,Rohan Iyer,27,India,Allrounder,194,9,4114,116.8,410,7.93,22.54,LSG,11.57
4803,Sandeep Deshmukh,42,India,Allrounder,336,13,7505,128.5,323,6.99,49.75,KKR,15.49
4804,Manoj Iyer,31,Sri Lanka,Wicketkeeper,228,11,7963,154.8,0,0.0,37.79,RCB,13.45
4805,Irfan Verma,25,South Africa,Bowler,185,7,647,106.2,137,5.31,20.17,CSK,5.98
4806,Vikas Yadav,21,India,Wicketkeeper,33,2,6789,125.5,0,0.0,39.44,SRH,9.4
4807,Ankit Reddy,40,Australia,Batter,118,5,5900,125.3,13,8.89,52.08,KKR,10.44
4808,Harshit Malik,24,West Indies,Bowler,86,4,745,145.4,302,6.39,25.19,GT,9.92
4809,Amit Verma,24,Australia,Wicketkeeper,68,3,8448,146.3,0,0.0,43.63,SRH,10.86
4810,Vikas Verma,40,India,Allrounder,65,4,2134,106.4,93,5.6,52.43,SRH,9.95
4811,Sameer Mehta,32,Australia,Allrounder,162,6,4223,122.8,284,5.11,30.97,SRH,9.06
4812,Harshit Malik,38,West Indies,Bowler,286,10,2943,145.4,386,6.53,32.61,MI,12.55
4813,Vikas Chopra,23,England,Wicketkeeper,49,3,5144,120.6,0,0.0,54.37,MI,7.93
4814,Sameer Reddy,37,Sri Lanka,Batter,101,4,13001,148.8,5,8.74,35.36,SRH,14.28
4815,Sandeep Mehta,26,West Indies,Allrounder,161,7,2921,119.7,169,5.82,45.06,PBKS,10.13
4816,Ankit Yadav,32,West Indies,Bowler,306,12,1534,111.2,863,4.42,21.63,PBKS,20.0
4817,Ankit Yadav,38,India,Batter,522,19,8178,144.6,3,7.51,20.86,CSK,16.49
4818,Harshit Chopra,26,Australia,Batter,151,6,12319,150.9,5,8.36,28.29,KKR,15.17
4819,Ankit Naidu,39,India,Batter,153,8,8313,153.5,6,8.43,53.68,GT,14.17
4820,Sandeep Verma,20,Australia,Batter,22,1,10838,101.0,12,6.82,25.19,RR,9.02
4821,Aditya Sharma,23,Australia,Bowler,85,3,1702,138.5,93,6.67,43.6,MI,5.33
4822,Rahul Deshmukh,31,South Africa,Wicketkeeper,208,7,9270,115.2,0,0.0,25.94,CSK,10.82
4823,Sameer Verma,25,India,Wicketkeeper,108,6,3546,129.8,0,0.0,36.93,PBKS,10.03
4824,Manoj Singh,34,South Africa,Batter,259,16,7362,121.5,14,8.55,31.85,CSK,12.41
4825,Rahul Patel,20,England,Batter,30,2,5273,107.7,6,7.03,29.3,RCB,6.82
4826,Amit Khan,20,India,Batter,35,2,10874,115.8,5,6.33,21.28,SRH,11.4
4827,Pranav Iyer,35,India,Bowler,225,14,2269,139.8,480,4.71,31.39,MI,16.1
4828,Sandeep Singh,20,Sri Lanka,Allrounder,49,2,4736,138.0,430,7.34,40.34,CSK,11.83
4829,Arjun Khan,30,India,Wicketkeeper,158,10,3510,152.5,0,0.0,20.75,SRH,9.89
4830,Rahul Verma,38,India,Allrounder,61,3,4713,152.5,47,7.59,50.18,SRH,11.09
4831,Irfan Naidu,38,India,Bowler,420,16,3456,114.6,626,4.64,26.04,RCB,17.43
4832,Nikhil Singh,31,West Indies,Allrounder,52,2,8406,137.7,204,7.1,31.1,RCB,11.24
4833,Karthik Singh,41,South Africa,Allrounder,409,20,8835,136.5,425,6.89,34.75,LSG,18.3
4834,Nikhil Yadav,33,England,Bowler,260,12,2043,141.3,569,7.25,22.26,CSK,11.4
4835,Manoj Naidu,36,India,Bowler,360,16,1277,109.1,817,6.36,39.51,RR,19.79
4836,Ankit Mehta,38,Australia,Batter,106,4,14020,147.7,3,9.35,34.16,KKR,13.82
4837,Irfan Malik,28,India,Allrounder,22,1,4293,109.1,453,6.02,38.64,KKR,10.96
4838,Irfan Iyer,31,England,Batter,321,12,13365,128.0,13,6.4,20.05,GT,17.8
4839,Aditya Sharma,37,South Africa,Wicketkeeper,249,13,8352,114.4,0,0.0,27.7,PBKS,11.38
4840,Amit Khan,27,England,Wicketkeeper,228,8,3841,153.3,0,0.0,45.45,LSG,10.63
4841,Rahul Chopra,23,India,Batter,27,1,5706,100.6,4,7.22,38.09,SRH,8.45
4842,Sameer Patel,30,India,Allrounder,91,5,8500,127.2,182,5.75,49.24,GT,14.14
4843,Amit Chopra,29,India,Allrounder,232,10,4820,133.0,231,7.16,38.94,DC,13.65
4844,Harshit Verma,25,Sri Lanka,Bowler,74,3,3128,150.9,827,7.52,37.95,KKR,15.51
4845,Irfan Naidu,36,England,Batter,247,11,10516,122.6,7,7.07,26.53,RR,14.02
4846,Arjun Shetty,33,India,Allrounder,309,15,2122,125.0,127,7.23,23.62,DC,9.94
4847,Manoj Naidu,23,India,Allrounder,50,3,6904,123.8,291,5.69,51.07,PBKS,12.05
4848,Irfan Naidu,28,India,Bowler,84,3,1121,135.9,656,6.15,31.87,PBKS,13.43
4849,Sameer Iyer,39,South Africa,Allrounder,337,14,3587,121.8,387,7.0,43.07,KKR,14.51
4850,Amit Malik,36,West Indies,Bowler,40,2,1102,124.6,118,4.19,30.36,KKR,2.96
4851,Arjun Verma,32,England,Batter,17,1,5111,152.7,9,7.14,26.39,MI,11.13
4852,Karthik Khan,22,India,Allrounder,113,4,7191,125.6,318,6.09,50.21,DC,14.21
4853,Pranav Mehta,28,South Africa,Bowler,52,2,1014,139.6,421,5.58,49.97,LSG,10.05
4854,Manoj Patel,23,India,Allrounder,130,5,7626,118.6,125,6.09,32.48,SRH,13.41
4855,Arjun Singh,18,India,Batter,27,1,7031,97.7,6,8.91,30.79,RCB,11.11
4856,Rahul Chopra,26,Sri Lanka,Batter,172,7,11126,128.9,6,8.38,35.27,PBKS,14.54
4857,Pranav Reddy,32,India,Bowler,87,3,895,106.9,788,6.05,35.08,DC,16.49
4858,Rahul Deshmukh,34,India,Allrounder,45,2,2196,149.1,451,6.76,29.13,PBKS,11.7
4859,Vikas Malik,30,India,Bowler,26,1,1195,133.7,368,7.3,20.71,KKR,8.87
4860,Manoj Kulkarni,20,India,Bowler,51,2,740,97.1,773,6.75,54.91,RR,13.61
4861,Vikas Naidu,18,West Indies,Batter,16,1,14979,112.8,5,9.05,29.01,GT,11.07
4862,Nikhil Yadav,39,Sri Lanka,Batter,71,3,11170,116.4,14,7.34,33.03,RR,10.12
4863,Irfan Reddy,32,Sri Lanka,Bowler,168,8,1274,132.3,445,5.21,25.75,DC,10.17
4864,Nikhil Khan,29,India,Allrounder,107,5,8868,143.7,298,7.96,36.68,CSK,13.77
4865,Harshit Malik,21,India,Allrounder,67,3,7820,109.8,418,7.98,20.61,SRH,10.02
4866,Sameer Sharma,41,South Africa,Batter,99,4,6347,122.5,10,8.17,39.85,RCB,9.1
4867,Irfan Sharma,29,India,Bowler,72,4,2830,153.2,335,7.42,42.21,GT,9.85
4868,Vikas Singh,24,Australia,Batter,173,6,11520,100.0,10,8.67,25.63,MI,12.03
4869,Amit Iyer,28,Australia,Wicketkeeper,15,1,9580,139.0,0,0.0,35.1,RR,10.18
4870,Manoj Naidu,22,India,Batter,80,4,13358,113.5,3,7.56,41.26,SRH,18.13
4871,Irfan Chopra,41,South Africa,Allrounder,190,10,2379,132.6,255,5.65,26.08,LSG,12.26
4872,Aditya Verma,27,Sri Lanka,Bowler,251,9,1020,114.8,135,4.24,28.09,RCB,8.08
4873,Amit Reddy,23,England,Allrounder,136,5,2883,98.3,216,8.11,26.18,PBKS,8.59
4874,Vikas Deshmukh,23,West Indies,Bowler,21,1,1859,123.9,553,6.09,21.6,DC,9.51
4875,Ankit Chopra,42,West Indies,Bowler,76,4,2173,154.3,864,4.03,43.06,RCB,14.53
4876,Irfan Mehta,35,India,Allrounder,69,3,7059,123.2,411,6.28,29.33,DC,11.23
4877,Aditya Deshmukh,28,Australia,Batter,230,10,9448,133.9,9,7.21,50.9,PBKS,15.11
4878,Harshit Singh,27,India,Allrounder,210,7,6285,145.4,43,5.64,24.25,RCB,11.91
4879,Ankit Iyer,18,India,Batter,27,1,11118,97.2,11,6.75,24.93,SRH,11.71
4880,Sameer Sharma,28,West Indies,Wicketkeeper,150,5,10199,150.0,0,0.0,36.08,MI,14.6
4881,Harshit Sharma,42,Australia,Allrounder,336,16,5198,152.6,62,5.27,50.76,MI,15.36
4882,Manoj Naidu,41,England,Bowler,322,20,3042,151.0,211,6.87,27.7,RCB,9.85
4883,Harshit Deshmukh,34,India,Batter,29,1,10922,136.4,1,8.93,50.44,SRH,13.98
4884,Rohan Deshmukh,38,India,Bowler,412,16,1016,115.8,188,7.03,47.1,RR,13.03
4885,Pranav Verma,31,Sri Lanka,Bowler,48,2,2531,114.7,210,5.0,23.78,CSK,6.64
4886,Sameer Verma,39,Sri Lanka,Wicketkeeper,65,3,5407,151.1,0,0.0,30.19,DC,7.92
4887,Pranav Iyer,33,India,Allrounder,106,6,7728,118.5,327,6.82,53.6,GT,15.7
4888,Pranav Khan,42,England,Wicketkeeper,218,13,8317,115.1,0,0.0,47.25,GT,12.71
4889,Sameer Khan,39,West Indies,Wicketkeeper,59,2,10824,146.3,0,0.0,35.25,RR,12.41
4890,Aditya Naidu,20,England,Allrounder,41,2,8347,139.9,252,6.32,51.95,MI,10.37
4891,Irfan Reddy,39,West Indies,Batter,359,14,7940,108.6,1,8.64,51.09,RR,12.25
4892,Sameer Deshmukh,36,South Africa,Wicketkeeper,152,8,9173,118.3,0,0.0,40.17,KKR,11.11
4893,Nikhil Khan,38,England,Allrounder,18,1,7198,106.3,251,7.91,47.46,DC,8.9
4894,Vikas Mehta,21,South Africa,Bowler,21,1,767,148.6,214,6.27,26.02,DC,4.77
4895,Arjun Iyer,26,South Africa,Batter,167,6,9620,145.0,2,7.47,20.67,DC,12.37
4896,Sandeep Kulkarni,36,Sri Lanka,Batter,114,5,12142,154.4,12,6.39,29.81,RR,11.76
4897,Arjun Naidu,36,West Indies,Allrounder,400,16,6468,106.0,249,8.41,32.64,PBKS,12.57
4898,Nikhil Reddy,41,India,Batter,149,7,5654,134.5,15,8.64,40.34,KKR,12.01
4899,Aditya Yadav,38,India,Allrounder,35,2,7741,145.6,217,6.85,28.22,RR,12.1
4900,Rohan Iyer,36,India,Wicketkeeper,52,3,4697,121.5,0,0.0,25.44,KKR,8.16
4901,Nikhil Khan,33,India,Wicketkeeper,137,5,8897,130.8,0,0.0,28.77,CSK,11.43
4902,Nikhil Malik,24,South Africa,Batter,22,1,10646,123.3,0,7.17,20.94,GT,8.75
4903,Vikas Shetty,34,India,Allrounder,287,12,7956,136.2,116,5.32,35.01,RR,14.67
4904,Manoj Yadav,23,South Africa,Batter,45,2,6376,136.7,11,9.03,20.28,DC,8.91
4905,Manoj Mehta,33,India,Allrounder,218,8,6480,100.6,306,7.16,47.33,SRH,14.93
4906,Harshit Verma,27,India,Batter,36,2,5610,126.9,15,9.47,43.9,CSK,9.4
4907,Harshit Iyer,24,West Indies,Bowler,20,1,2905,121.3,535,4.9,49.96,SRH,9.58
4908,Aditya Shetty,27,India,Bowler,192,7,2968,110.9,314,4.64,35.59,DC,12.62
4909,Rahul Chopra,28,India,Batter,106,7,6978,117.6,0,8.49,52.47,GT,11.28
4910,Arjun Kulkarni,39,India,Allrounder,379,14,2049,117.2,327,5.33,44.81,RR,14.59
4911,Aditya Patel,28,India,Batter,92,4,4287,134.4,14,6.79,25.75,MI,11.18
4912,Harshit Yadav,33,South Africa,Batter,293,13,9442,102.3,7,6.2,52.55,RR,15.14
4913,Karthik Iyer,30,India,Allrounder,228,11,2797,142.8,252,6.93,31.64,GT,13.54
4914,Ankit Sharma,28,India,Allrounder,275,10,6506,124.7,65,7.07,53.1,KKR,12.45
4915,Amit Malik,40,Sri Lanka,Allrounder,136,6,3291,138.8,216,7.62,21.62,KKR,9.4
4916,Pranav Yadav,38,Australia,Batter,199,7,8618,123.0,4,7.92,52.47,RCB,13.7
4917,Manoj Naidu,40,England,Allrounder,237,15,8162,111.2,452,5.9,34.4,MI,14.47
4918,Ankit Reddy,41,Sri Lanka,Batter,191,8,4009,102.8,14,6.85,50.01,GT,10.28
4919,Ankit Iyer,20,Australia,Wicketkeeper,17,1,10700,128.5,0,0.0,50.15,SRH,12.8
4920,Arjun Chopra,29,India,Bowler,90,3,302,111.9,415,7.16,39.17,RCB,12.54
4921,Karthik Naidu,21,Australia,Wicketkeeper,48,2,3962,100.0,0,0.0,52.03,RR,7.52
4922,Manoj Malik,25,Sri Lanka,Batter,86,4,8675,118.6,4,7.41,30.6,DC,10.85
4923,Aditya Shetty,34,India,Bowler,162,6,2684,110.1,415,5.75,33.12,RR,13.88
4924,Sameer Malik,39,Australia,Batter,202,9,12509,145.1,9,8.8,30.65,RCB,15.26
4925,Aditya Malik,24,Sri Lanka,Allrounder,151,6,8329,147.4,454,6.64,21.84,DC,13.21
4926,Aditya Khan,31,West Indies,Batter,173,7,10158,108.2,10,9.11,43.75,KKR,11.89
4927,Harshit Deshmukh,38,India,Batter,259,11,12737,128.2,11,8.04,50.08,CSK,17.76
4928,Arjun Yadav,41,India,Wicketkeeper,339,13,8473,101.1,0,0.0,32.15,RCB,12.46
4929,Manoj Shetty,42,India,Bowler,430,19,356,143.7,237,6.05,27.58,CSK,13.44
4930,Manoj Reddy,38,West Indies,Batter,423,15,8360,119.0,7,8.81,26.61,MI,15.3
4931,Arjun Sharma,31,India,Wicketkeeper,15,1,4791,140.5,0,0.0,23.18,LSG,6.32
4932,Arjun Chopra,18,India,Bowler,20,1,46,98.8,856,5.96,32.47,MI,16.64
4933,Irfan Naidu,36,India,Wicketkeeper,323,14,5185,131.1,0,0.0,39.46,RR,15.25
4934,Vikas Verma,18,West Indies,Wicketkeeper,22,1,8649,119.3,0,0.0,35.02,SRH,8.5
4935,Amit Naidu,29,India,Wicketkeeper,149,7,9145,108.6,0,0.0,35.96,MI,13.56
4936,Harshit Verma,39,South Africa,Wicketkeeper,290,11,10336,152.2,0,0.0,49.77,KKR,15.64
4937,Manoj Malik,19,India,Allrounder,22,1,2121,96.8,240,5.51,52.67,LSG,10.77
4938,Rohan Reddy,26,West Indies,Allrounder,30,1,7613,127.3,163,6.84,47.33,GT,11.17
4939,Harshit Singh,40,West Indies,Batter,549,22,11745,123.9,3,7.1,53.9,GT,17.95
4940,Vikas Patel,19,India,Allrounder,28,1,8374,104.2,491,7.35,24.66,RCB,12.9
4941,Rohan Naidu,31,India,Allrounder,88,3,1767,141.0,328,5.71,30.34,GT,11.14
4942,Rohan Sharma,28,Australia,Batter,233,9,5001,151.7,10,6.07,25.94,MI,11.46
4943,Amit Sharma,37,India,Batter,233,15,10385,109.2,6,6.03,28.23,MI,13.71
4944,Manoj Naidu,34,Australia,Allrounder,292,11,3818,150.2,164,6.48,50.77,KKR,15.07
4945,Irfan Mehta,30,West Indies,Bowler,220,10,428,119.7,295,5.74,39.43,CSK,11.8
4946,Nikhil Reddy,21,India,Allrounder,78,3,3294,98.1,113,5.85,52.87,LSG,8.77
4947,Ankit Verma,21,West Indies,Batter,23,1,13727,106.9,5,6.65,36.54,RCB,10.22
4948,Rahul Patel,29,India,Batter,215,11,8789,96.1,9,7.72,25.18,PBKS,12.22
4949,Sandeep Kulkarni,41,Australia,Allrounder,17,1,8264,136.0,132,6.32,27.99,PBKS,9.51
4950,Nikhil Mehta,28,India,Wicketkeeper,208,10,4785,120.4,0,0.0,39.51,PBKS,12.44
4951,Pranav Reddy,25,South Africa,Wicketkeeper,130,5,3094,148.3,0,0.0,31.41,LSG,10.42
4952,Irfan Deshmukh,38,England,Bowler,213,13,3662,124.4,286,4.51,46.14,GT,12.19
4953,Pranav Yadav,42,Sri Lanka,Batter,290,10,6569,120.5,14,6.38,20.62,PBKS,11.79
4954,Amit Chopra,27,West Indies,Bowler,100,5,1668,124.0,324,4.13,30.44,MI,10.43
4955,Pranav Mehta,23,India,Bowler,98,5,1576,131.1,850,7.21,35.89,LSG,14.36
4956,Sameer Sharma,30,India,Bowler,82,4,3823,124.8,396,5.55,21.42,LSG,11.13
4957,Rahul Yadav,35,India,Allrounder,49,3,8157,154.9,280,8.12,26.35,KKR,13.48
4958,Ankit Naidu,34,South Africa,Batter,325,14,11082,103.6,2,6.42,43.14,LSG,15.01
4959,Harshit Sharma,36,India,Bowler,94,5,2173,145.9,534,6.51,46.31,KKR,13.19
4960,Amit Singh,28,India,Allrounder,150,8,7067,131.8,468,6.57,44.09,GT,15.26
4961,Amit Reddy,18,Sri Lanka,Wicketkeeper,30,1,4314,125.8,0,0.0,36.65,LSG,5.87
4962,Harshit Mehta,37,India,Allrounder,138,6,4151,128.4,214,7.26,42.54,LSG,11.38
4963,Vikas Khan,42,Australia,Batter,372,15,9786,138.2,15,8.14,42.5,RR,16.06
4964,Aditya Deshmukh,26,England,Batter,119,6,10415,135.9,11,7.82,35.73,SRH,11.97
4965,Karthik Deshmukh,42,Australia,Allrounder,176,6,8142,95.1,461,5.85,39.6,SRH,12.67
4966,Sandeep Deshmukh,34,India,Allrounder,89,5,8187,153.3,306,7.07,32.65,RR,12.44
4967,Irfan Patel,29,South Africa,Batter,45,2,7090,107.1,7,7.38,22.47,DC,9.15
4968,Ankit Naidu,35,Australia,Batter,287,12,11100,110.0,1,8.7,41.31,RR,14.1
4969,Pranav Reddy,38,India,Batter,335,12,11922,123.3,6,8.41,50.67,GT,19.41
4970,Irfan Mehta,34,Australia,Batter,160,7,8302,112.1,1,7.55,51.36,KKR,13.45
4971,Arjun Reddy,23,India,Allrounder,118,4,6624,104.8,193,8.02,20.91,CSK,10.52
4972,Vikas Deshmukh,41,India,Wicketkeeper,318,12,11971,100.4,0,0.0,30.03,KKR,14.23
4973,Nikhil Khan,22,India,Allrounder,38,2,7802,128.5,204,8.4,33.06,DC,8.34
4974,Rahul Singh,32,Sri Lanka,Allrounder,19,1,4796,122.2,138,8.11,31.03,DC,5.8
4975,Harshit Iyer,35,India,Bowler,29,1,363,146.0,466,7.58,49.53,SRH,8.37
4976,Harshit Iyer,21,South Africa,Wicketkeeper,82,3,10080,125.7,0,0.0,47.63,GT,13.3
4977,Manoj Deshmukh,41,India,Wicketkeeper,255,9,2902,105.8,0,0.0,40.06,RCB,10.34
4978,Pranav Verma,24,West Indies,Allrounder,146,6,7661,112.5,485,8.44,47.8,LSG,13.61
4979,Arjun Patel,40,India,Wicketkeeper,105,6,5039,124.4,0,0.0,21.39,PBKS,6.72
4980,Rahul Shetty,23,India,Allrounder,92,5,5681,105.1,425,7.67,42.1,RCB,11.12
4981,Sandeep Singh,40,Australia,Wicketkeeper,18,1,10721,100.1,0,0.0,53.14,KKR,11.2
4982,Ankit Verma,29,West Indies,Allrounder,96,5,4107,108.6,315,6.02,24.52,MI,10.48
4983,Rohan Shetty,34,India,Batter,233,8,6805,137.7,11,9.31,45.96,CSK,13.47
4984,Vikas Khan,30,West Indies,Batter,69,4,10063,123.5,15,7.75,23.85,RCB,11.4
4985,Irfan Mehta,24,Australia,Allrounder,73,3,6247,109.8,456,6.96,54.2,CSK,13.87
4986,Ankit Naidu,42,South Africa,Wicketkeeper,527,18,9654,142.8,0,0.0,34.45,MI,17.0
4987,Vikas Iyer,38,India,Batter,142,5,9845,142.1,5,6.53,24.27,DC,13.26
4988,Manoj Verma,35,Australia,Allrounder,322,14,4667,107.7,65,5.66,39.49,KKR,12.28
4989,Vikas Sharma,39,India,Bowler,440,17,2229,113.9,529,6.99,22.96,PBKS,19.51
4990,Manoj Naidu,23,South Africa,Allrounder,101,5,2139,139.9,243,6.63,27.76,KKR,6.86
4991,Irfan Chopra,24,South Africa,Batter,31,2,4689,151.8,15,6.77,53.4,SRH,10.24
4992,Arjun Shetty,23,India,Bowler,120,4,849,143.5,797,7.76,26.59,CSK,15.01
4993,Arjun Malik,30,Sri Lanka,Batter,111,5,12354,115.4,2,6.74,31.13,SRH,13.4
4994,Harshit Yadav,38,India,Wicketkeeper,88,3,3066,152.4,0,0.0,47.62,SRH,9.31
4995,Aditya Deshmukh,25,South Africa,Batter,28,1,6848,106.2,12,8.53,51.83,MI,8.57
4996,Arjun Verma,31,England,Bowler,64,3,296,104.8,377,7.15,50.49,DC,9.21
4997,Karthik Mehta,42,India,Allrounder,20,1,8832,99.9,334,5.95,42.99,RR,15.45
4998,Pranav Sharma,29,Australia,Batter,46,2,9995,100.7,2,8.29,31.16,GT,10.66
4999,Aditya Sharma,19,India,Wicketkeeper,27,1,2600,154.6,0,0.0,43.74,CSK,7.95
5000,Pranav Patel,27,Australia,Batter,183,7,13815,107.8,10,8.56,22.76,LSG,13.3
5001,Sameer Malik,24,India,Batter,114,5,7545,109.9,2,6.97,28.21,RR,10.22
5002,Pranav Naidu,18,West Indies,Wicketkeeper,24,1,7733,106.6,0,0.0,40.12,GT,6.2
5003,Irfan Malik,33,India,Bowler,320,14,1430,144.2,137,5.25,26.44,RCB,11.35
5004,Sameer Yadav,23,India,Bowler,67,3,1089,95.8,840,5.77,36.86,GT,16.7
5005,Rahul Shetty,26,India,Wicketkeeper,29,1,5310,98.4,0,0.0,54.22,MI,7.79
5006,Amit Iyer,37,India,Allrounder,432,17,6732,124.4,423,7.77,23.03,KKR,18.64
5007,Karthik Patel,18,West Indies,Wicketkeeper,25,1,6333,130.5,0,0.0,46.56,SRH,9.34
5008,Harshit Patel,25,India,Bowler,122,6,1864,129.1,668,4.72,48.5,LSG,14.79
5009,Rohan Deshmukh,42,India,Allrounder,309,11,8050,143.2,483,7.69,50.78,MI,17.18
5010,Harshit Shetty,35,India,Allrounder,110,6,1547,119.3,460,8.28,39.91,PBKS,13.51
5011,Ankit Shetty,23,India,Batter,140,5,12609,136.8,11,8.77,54.84,RCB,17.21
5012,Irfan Reddy,22,India,Wicketkeeper,18,1,5087,95.8,0,0.0,32.43,GT,7.78
5013,Sandeep Singh,31,England,Wicketkeeper,164,10,10318,111.9,0,0.0,29.18,CSK,12.06
5014,Rohan Deshmukh,41,India,Bowler,149,8,3634,137.5,695,4.85,22.97,PBKS,15.95
5015,Vikas Malik,27,England,Batter,62,4,5758,136.6,15,8.6,28.78,RCB,8.25
5016,Harshit Yadav,26,India,Bowler,169,7,3933,132.7,368,4.96,46.68,GT,10.27
5017,Karthik Kulkarni,27,England,Bowler,23,1,862,146.1,690,7.33,53.77,RR,14.26
5018,Irfan Deshmukh,36,England,Bowler,269,9,78,149.5,275,6.21,48.3,GT,10.49
5019,Pranav Verma,25,Australia,Wicketkeeper,28,1,6527,148.7,0,0.0,20.41,MI,9.27
5020,Harshit Sharma,22,India,Allrounder,23,1,6997,123.4,301,8.38,47.94,DC,11.24
5021,Ankit Mehta,33,England,Batter,195,11,12127,118.8,4,6.45,29.5,CSK,13.15
5022,Sandeep Patel,24,India,Wicketkeeper,90,4,6647,112.5,0,0.0,24.31,CSK,9.83
5023,Nikhil Deshmukh,27,India,Wicketkeeper,84,5,10227,143.3,0,0.0,20.32,KKR,11.23
5024,Irfan Deshmukh,21,India,Allrounder,36,2,7316,105.5,171,6.09,40.62,CSK,13.45
5025,Sameer Chopra,29,England,Allrounder,191,7,5487,110.5,426,5.89,37.09,RR,11.6
5026,Harshit Verma,24,South Africa,Allrounder,85,4,4588,102.3,42,7.28,26.14,PBKS,6.21
5027,Manoj Reddy,32,Australia,Bowler,75,3,1078,153.4,186,4.94,33.9,CSK,6.93
5028,Arjun Sharma,22,South Africa,Batter,21,1,11209,109.5,4,8.1,37.17,KKR,11.95
5029,Amit Verma,29,India,Allrounder,68,3,2458,97.1,245,5.26,36.41,KKR,10.24
5030,Nikhil Shetty,18,Sri Lanka,Wicketkeeper,29,1,8618,118.9,0,0.0,24.79,DC,7.15
5031,Arjun Verma,22,India,Wicketkeeper,73,4,4116,136.3,0,0.0,54.75,GT,12.12
5032,Karthik Chopra,31,Sri Lanka,Wicketkeeper,80,4,4948,118.7,0,0.0,41.86,MI,9.58
5033,Ankit Yadav,26,South Africa,Bowler,58,2,1096,144.9,240,7.66,36.22,LSG,7.19
5034,Harshit Mehta,37,India,Bowler,362,17,3917,102.7,719,6.8,37.92,KKR,19.41
5035,Nikhil Singh,42,South Africa,Bowler,190,12,2137,104.7,749,5.06,34.92,RCB,18.46
5036,Sandeep Mehta,35,Sri Lanka,Bowler,240,12,1188,136.9,801,4.5,35.97,GT,20.0
5037,Rohan Mehta,18,Sri Lanka,Batter,24,1,10459,103.8,10,7.86,24.89,PBKS,8.1
5038,Pranav Malik,26,Sri Lanka,Bowler,124,8,1128,154.1,859,6.22,23.37,LSG,17.98
5039,Karthik Chopra,36,Australia,Wicketkeeper,41,2,8879,112.1,0,0.0,50.43,MI,10.5
5040,Karthik Yadav,28,South Africa,Wicketkeeper,174,10,3013,99.3,0,0.0,50.66,PBKS,9.8
5041,Amit Singh,39,India,Allrounder,156,7,5935,119.5,474,6.84,30.84,LSG,11.75
5042,Sameer Sharma,41,India,Batter,435,19,4794,113.3,15,7.04,50.97,GT,14.54
5043,Sameer Yadav,28,Sri Lanka,Allrounder,196,7,8970,135.2,122,7.53,47.96,CSK,11.71
5044,Pranav Naidu,21,South Africa,Wicketkeeper,81,3,4152,110.4,0,0.0,41.63,MI,8.61
5045,Sandeep Yadav,30,India,Wicketkeeper,129,6,3649,122.6,0,0.0,47.39,RR,11.87
5046,Arjun Malik,21,Sri Lanka,Allrounder,28,1,5180,133.6,96,6.08,50.88,DC,6.31
5047,Harshit Naidu,22,West Indies,Allrounder,113,4,2046,99.0,323,6.41,38.06,RCB,9.23
5048,Irfan Naidu,22,West Indies,Bowler,26,1,3734,135.3,744,5.31,53.29,GT,14.74
5049,Nikhil Khan,23,India,Batter,85,3,11680,123.0,9,7.7,42.91,RR,13.66
5050,Pranav Chopra,21,England,Allrounder,57,3,5310,110.2,405,5.36,52.16,DC,12.16
5051,Vikas Naidu,25,India,Allrounder,18,1,5838,95.8,204,7.34,27.16,RR,9.77
5052,Karthik Sharma,29,India,Wicketkeeper,261,10,6685,136.0,0,0.0,46.75,LSG,14.94
5053,Aditya Verma,26,India,Allrounder,31,2,7614,112.5,415,7.94,52.59,CSK,12.48
5054,Ankit Reddy,26,India,Wicketkeeper,22,1,4515,128.2,0,0.0,44.38,CSK,7.99
5055,Harshit Sharma,19,Sri Lanka,Allrounder,20,1,6286,102.4,250,7.09,53.71,LSG,7.79
5056,Aditya Chopra,34,England,Bowler,129,6,630,110.3,544,4.47,48.48,GT,13.43
5057,Rohan Mehta,24,India,Allrounder,137,6,2441,145.3,448,7.17,38.05,LSG,13.21
5058,Aditya Yadav,38,South Africa,Wicketkeeper,464,20,7019,117.6,0,0.0,52.26,RR,15.42
5059,Arjun Khan,32,West Indies,Allrounder,359,12,6964,146.4,412,5.13,28.08,LSG,15.92
5060,Sameer Patel,25,England,Wicketkeeper,114,6,4840,145.9,0,0.0,24.87,CSK,9.07
5061,Harshit Reddy,29,Sri Lanka,Batter,195,11,12146,148.3,10,8.03,36.57,LSG,17.0
5062,Amit Shetty,24,Sri Lanka,Wicketkeeper,127,6,6176,139.8,0,0.0,48.16,MI,10.66
5063,Amit Khan,40,England,Allrounder,27,1,7998,150.5,70,7.58,35.64,RCB,7.2
5064,Vikas Khan,19,South Africa,Batter,27,1,11097,97.9,14,6.61,28.63,MI,10.31
5065,Harshit Sharma,29,India,Wicketkeeper,54,3,9838,103.6,0,0.0,39.53,LSG,11.59
5066,Karthik Reddy,36,England,Batter,227,15,9724,97.3,9,6.65,21.26,KKR,11.97
5067,Nikhil Deshmukh,23,India,Bowler,104,4,1204,130.5,295,7.16,32.53,PBKS,11.19
5068,Sameer Deshmukh,34,Sri Lanka,Wicketkeeper,85,4,4719,148.7,0,0.0,22.46,RR,8.63
5069,Sandeep Deshmukh,23,Australia,Batter,75,4,4177,132.0,12,9.43,26.42,DC,7.8
5070,Ankit Chopra,38,South Africa,Batter,154,8,10905,140.8,4,8.38,35.03,SRH,11.87
5071,Irfan Verma,28,Sri Lanka,Batter,170,7,5581,104.0,1,9.02,29.76,RR,8.7
5072,Nikhil Sharma,39,India,Wicketkeeper,145,7,8249,100.6,0,0.0,27.38,RR,11.84
5073,Sameer Patel,19,Australia,Wicketkeeper,15,1,10221,109.3,0,0.0,52.12,KKR,8.44
5074,Sandeep Shetty,25,South Africa,Bowler,27,1,1798,120.6,525,4.3,38.63,CSK,11.33
5075,Pranav Sharma,30,India,Allrounder,171,6,2964,154.9,182,8.15,46.37,DC,12.22
5076,Nikhil Verma,23,England,Wicketkeeper,22,1,5230,153.2,0,0.0,47.55,KKR,9.34
5077,Karthik Chopra,34,England,Batter,351,14,4110,137.4,7,9.37,22.79,CSK,12.59
5078,Karthik Yadav,34,India,Allrounder,37,2,4597,133.8,437,6.41,32.28,RCB,12.46
5079,Rohan Singh,32,England,Wicketkeeper,244,14,9197,111.4,0,0.0,40.21,DC,15.21
5080,Amit Naidu,21,England,Batter,51,2,8986,97.1,15,9.27,46.92,CSK,8.19
5081,Nikhil Singh,18,West Indies,Bowler,27,1,2177,152.8,584,6.75,52.57,CSK,10.64
5082,Sandeep Shetty,26,England,Batter,150,5,12544,126.2,13,8.67,27.15,KKR,13.47
5083,Arjun Reddy,38,India,Allrounder,141,6,3519,140.9,200,6.91,51.35,PBKS,10.55
5084,Manoj Kulkarni,31,England,Batter,26,1,4030,106.7,11,8.76,40.99,RCB,7.53
5085,Aditya Singh,20,India,Wicketkeeper,45,2,11035,114.9,0,0.0,20.32,MI,14.18
5086,Rahul Malik,26,Sri Lanka,Bowler,115,6,1094,101.8,863,4.76,49.5,RCB,16.34
5087,Pranav Patel,26,Sri Lanka,Batter,144,6,14267,112.1,5,6.9,53.6,PBKS,15.91
5088,Manoj Shetty,21,South Africa,Allrounder,23,1,7097,95.6,232,6.33,29.93,MI,8.9
5089,Aditya Shetty,20,England,Bowler,37,2,619,101.2,224,4.45,22.71,RR,6.12
5090,Amit Deshmukh,22,India,Wicketkeeper,45,3,4256,130.6,0,0.0,26.63,GT,6.64
5091,Nikhil Deshmukh,26,India,Bowler,49,2,2287,146.7,628,5.37,34.85,LSG,12.91
5092,Vikas Naidu,26,West Indies,Allrounder,18,1,8131,124.9,109,8.2,33.96,SRH,7.13
5093,Karthik Shetty,30,India,Batter,137,9,14924,99.4,0,8.63,23.13,PBKS,17.31
5094,Arjun Chopra,34,India,Allrounder,25,1,8485,124.2,375,7.28,47.66,PBKS,12.6
5095,Rohan Sharma,34,India,Batter,39,2,14671,118.3,0,9.21,40.87,KKR,14.25
5096,Aditya Deshmukh,28,England,Batter,27,1,14635,153.9,7,7.75,49.09,CSK,16.34
5097,Harshit Shetty,28,India,Wicketkeeper,182,9,4231,149.7,0,0.0,28.9,PBKS,10.7
5098,Rahul Reddy,42,Australia,Batter,173,8,3361,110.9,4,8.7,27.31,RR,6.19
5099,Sameer Khan,38,South Africa,Bowler,73,3,3397,96.2,512,7.59,53.79,SRH,9.76
5100,Arjun Patel,42,England,Bowler,269,9,3538,144.2,274,4.57,29.66,RCB,12.12
5101,Karthik Malik,30,West Indies,Batter,80,3,7316,108.0,10,7.23,40.49,SRH,9.9
5102,Manoj Sharma,37,India,Bowler,45,3,1002,134.4,309,5.32,20.55,PBKS,9.62
5103,Ankit Reddy,20,Sri Lanka,Wicketkeeper,52,2,4465,98.9,0,0.0,23.49,DC,6.18
5104,Ankit Naidu,42,India,Wicketkeeper,264,14,2871,120.1,0,0.0,48.52,GT,12.19
5105,Rohan Yadav,27,South Africa,Batter,127,6,13637,109.7,3,9.11,40.1,GT,14.17
5106,Amit Chopra,30,India,Allrounder,147,5,8688,112.3,205,7.69,34.32,RR,11.49
5107,Irfan Yadav,24,Sri Lanka,Bowler,34,2,1110,103.1,824,5.99,20.91,CSK,13.71
5108,Rohan Patel,35,South Africa,Wicketkeeper,265,16,6064,104.2,0,0.0,41.94,RCB,10.55
5109,Irfan Malik,39,Sri Lanka,Allrounder,413,19,4126,106.4,318,5.26,31.82,DC,14.9
5110,Aditya Singh,30,India,Batter,48,2,7020,106.5,9,6.27,51.89,GT,10.06
5111,Rohan Kulkarni,19,India,Allrounder,30,1,5718,134.2,311,5.07,33.45,SRH,14.68
5112,Nikhil Iyer,29,South Africa,Batter,248,10,9109,130.3,12,8.35,27.82,CSK,13.11
5113,Ankit Kulkarni,37,South Africa,Bowler,208,7,581,124.5,549,7.22,48.79,PBKS,10.39
5114,Sandeep Yadav,31,West Indies,Bowler,240,12,339,154.1,258,5.54,46.97,RR,10.68
5115,Sameer Verma,33,West Indies,Bowler,116,6,2510,125.9,837,7.67,36.58,MI,15.22
5116,Pranav Naidu,37,India,Allrounder,221,12,8914,147.8,441,7.64,53.75,GT,19.12
5117,Irfan Naidu,22,India,Batter,15,1,9889,142.9,4,7.14,27.37,LSG,11.14
5118,Irfan Khan,36,India,Allrounder,248,10,6911,105.8,428,6.91,32.16,CSK,13.05
5119,Karthik Yadav,36,India,Allrounder,221,10,2282,103.8,490,8.26,42.13,DC,14.29
5120,Nikhil Patel,38,India,Bowler,197,10,3890,102.2,324,6.25,31.41,CSK,9.83
5121,Irfan Chopra,41,South Africa,Batter,584,23,12389,106.2,1,7.97,48.02,RR,18.86
5122,Aditya Verma,31,Sri Lanka,Wicketkeeper,187,7,4724,153.3,0,0.0,27.52,LSG,10.3
5123,Rahul Kulkarni,42,Australia,Batter,30,2,12032,122.3,7,6.65,46.17,CSK,11.59
5124,Aditya Naidu,34,India,Bowler,235,9,73,96.2,891,5.07,38.94,GT,19.88
5125,Aditya Naidu,20,England,Wicketkeeper,50,2,6132,152.4,0,0.0,33.69,PBKS,8.53
5126,Sandeep Iyer,24,India,Allrounder,165,6,3351,153.1,355,6.47,44.31,DC,13.38
5127,Sandeep Singh,22,Sri Lanka,Allrounder,44,2,7807,128.8,132,7.52,54.11,LSG,9.87
5128,Ankit Naidu,32,India,Allrounder,141,8,2373,148.7,377,7.41,44.48,DC,13.31
5129,Rahul Patel,34,West Indies,Bowler,259,12,1769,112.4,115,6.79,30.62,SRH,8.39
5130,Vikas Chopra,25,South Africa,Wicketkeeper,158,6,10514,142.0,0,0.0,30.38,KKR,13.57
5131,Sandeep Shetty,35,Australia,Allrounder,491,17,4213,110.0,500,6.97,48.59,CSK,18.02
5132,Ankit Kulkarni,40,Australia,Bowler,543,21,3083,144.8,566,4.42,41.1,GT,19.29
5133,Pranav Mehta,19,West Indies,Bowler,25,1,988,127.5,213,4.71,29.89,RCB,7.2
5134,Sameer Singh,38,South Africa,Bowler,32,2,3490,116.1,509,5.23,22.22,SRH,8.28
5135,Nikhil Verma,40,Sri Lanka,Wicketkeeper,660,22,9909,154.2,0,0.0,21.1,RR,19.21
5136,Vikas Deshmukh,34,India,Wicketkeeper,59,3,11907,134.7,0,0.0,32.99,RR,14.1
5137,Harshit Kulkarni,28,India,Allrounder,166,10,2440,116.4,404,7.26,43.58,DC,14.19
5138,Sandeep Yadav,35,India,Wicketkeeper,187,11,7100,138.8,0,0.0,44.17,DC,12.93
5139,Karthik Mehta,32,India,Wicketkeeper,85,4,5722,101.8,0,0.0,42.99,RR,9.16
5140,Rohan Shetty,34,Sri Lanka,Allrounder,368,13,5307,96.7,331,5.98,34.52,PBKS,13.4
5141,Harshit Malik,20,India,Bowler,31,2,2253,123.0,815,5.65,44.67,RCB,15.89
5142,Harshit Sharma,38,Australia,Batter,71,4,11267,113.9,13,7.08,22.12,MI,11.79
5143,Manoj Iyer,39,India,Batter,292,14,11002,129.1,10,8.4,32.23,DC,15.69
5144,Rohan Malik,36,India,Batter,309,11,14457,127.2,12,8.47,36.42,PBKS,19.47
5145,Pranav Chopra,32,India,Batter,52,2,7344,133.2,11,7.79,43.1,CSK,11.46
5146,Rohan Iyer,34,Sri Lanka,Bowler,459,16,2758,103.4,736,5.1,25.48,RCB,18.89
5147,Ankit Deshmukh,27,Australia,Wicketkeeper,209,7,10958,133.4,0,0.0,50.55,RCB,14.39
5148,Rahul Naidu,24,Sri Lanka,Allrounder,19,1,7586,105.2,209,6.43,46.48,MI,10.54
5149,Irfan Khan,20,India,Bowler,22,1,1341,147.8,317,7.16,41.24,SRH,8.74
5150,Pranav Naidu,31,Sri Lanka,Allrounder,176,8,3242,95.9,168,8.01,23.75,LSG,11.61
5151,Harshit Malik,41,West Indies,Wicketkeeper,136,5,7786,100.6,0,0.0,44.94,DC,8.78
5152,Amit Verma,19,Sri Lanka,Batter,17,1,7206,124.8,0,6.24,36.54,PBKS,9.08
5153,Rahul Kulkarni,33,West Indies,Wicketkeeper,232,15,9265,113.6,0,0.0,50.46,RCB,13.32
5154,Irfan Verma,20,South Africa,Wicketkeeper,28,1,10651,105.2,0,0.0,32.34,RR,8.65
5155,Sandeep Shetty,39,Sri Lanka,Wicketkeeper,165,9,5289,141.5,0,0.0,21.06,MI,9.73
5156,Manoj Reddy,27,India,Allrounder,110,4,7523,144.0,65,7.36,52.63,GT,12.44
5157,Harshit Yadav,24,England,Allrounder,52,2,2682,114.2,492,8.07,40.52,RR,13.42
5158,Aditya Deshmukh,29,Sri Lanka,Wicketkeeper,116,6,7745,99.6,0,0.0,29.03,RR,9.45
5159,Arjun Shetty,41,India,Wicketkeeper,30,1,5381,100.7,0,0.0,31.03,MI,6.39
5160,Harshit Naidu,34,Australia,Allrounder,212,8,4901,115.8,423,8.06,39.67,RR,12.76
5161,Pranav Reddy,39,Australia,Bowler,84,3,2857,122.5,734,5.65,53.94,MI,10.98
5162,Pranav Khan,37,India,Wicketkeeper,203,7,11889,112.8,0,0.0,41.96,KKR,14.76
5163,Ankit Reddy,30,Australia,Wicketkeeper,59,3,3126,120.2,0,0.0,22.14,SRH,6.64
5164,Pranav Mehta,36,South Africa,Batter,267,11,6566,143.8,0,7.71,23.46,DC,12.82
5165,Manoj Iyer,19,India,Bowler,26,1,2780,104.2,159,4.26,46.75,MI,8.96
5166,Karthik Chopra,30,India,Batter,113,5,11215,128.9,3,8.53,36.39,LSG,13.56
5167,Harshit Malik,20,Sri Lanka,Allrounder,22,1,6450,141.0,252,8.11,48.42,KKR,9.57
5168,Sameer Kulkarni,29,England,Wicketkeeper,82,3,11414,143.8,0,0.0,42.5,RCB,12.23
5169,Karthik Deshmukh,30,England,Wicketkeeper,166,8,7385,122.5,0,0.0,50.26,CSK,10.58
5170,Rahul Iyer,34,South Africa,Wicketkeeper,49,2,4074,150.6,0,0.0,20.83,PBKS,8.08
5171,Irfan Naidu,28,India,Bowler,91,5,2350,152.5,333,4.2,29.7,CSK,10.18
5172,Vikas Iyer,24,West Indies,Batter,163,6,6195,118.3,15,9.06,24.17,RR,8.71
5173,Sandeep Patel,26,South Africa,Batter,202,7,11929,104.4,9,6.28,28.75,KKR,11.89
5174,Karthik Patel,20,India,Wicketkeeper,46,2,6856,124.3,0,0.0,44.55,RCB,11.24
5175,Aditya Mehta,23,South Africa,Batter,50,3,10748,121.5,13,9.45,38.14,DC,13.36
5176,Arjun Mehta,39,India,Allrounder,236,12,7174,127.4,228,6.83,38.12,RCB,12.7
5177,Arjun Naidu,29,South Africa,Allrounder,57,3,1547,95.1,441,5.03,23.42,CSK,7.2
5178,Arjun Shetty,39,India,Bowler,105,5,1461,137.3,227,4.39,27.17,RCB,9.48
5179,Rahul Singh,35,England,Wicketkeeper,430,15,9216,148.7,0,0.0,52.5,KKR,17.17
5180,Manoj Chopra,27,Sri Lanka,Bowler,154,8,1689,151.3,363,7.71,29.52,SRH,10.03
5181,Amit Naidu,39,West Indies,Allrounder,242,12,2341,105.5,428,6.78,48.22,RCB,11.88
5182,Aditya Kulkarni,18,West Indies,Allrounder,16,1,5922,146.1,285,8.11,35.17,CSK,9.1
5183,Irfan Khan,28,India,Allrounder,200,7,7051,100.9,213,7.66,21.41,DC,12.87
5184,Ankit Chopra,35,India,Batter,60,4,12208,120.5,13,8.64,54.84,CSK,15.65
5185,Harshit Verma,33,Sri Lanka,Wicketkeeper,261,10,3800,100.8,0,0.0,49.95,SRH,7.87
5186,Arjun Shetty,36,South Africa,Wicketkeeper,153,7,5676,123.8,0,0.0,48.95,GT,9.95
5187,Manoj Shetty,30,India,Allrounder,221,11,3416,150.0,193,7.86,30.42,DC,13.19
5188,Aditya Mehta,32,India,Allrounder,145,8,5428,104.1,335,8.32,22.87,RR,10.87
5189,Sameer Khan,22,West Indies,Wicketkeeper,33,2,3716,120.9,0,0.0,48.99,RCB,9.63
5190,Vikas Naidu,29,India,Bowler,30,1,1003,144.8,375,5.8,45.54,SRH,9.45
5191,Sandeep Patel,28,Australia,Allrounder,15,1,4117,151.9,364,5.73,22.13,PBKS,10.26
5192,Sandeep Shetty,18,India,Wicketkeeper,30,1,11735,148.9,0,0.0,30.66,RR,13.74
5193,Rohan Singh,31,Sri Lanka,Batter,73,3,6870,120.3,13,7.75,26.01,PBKS,7.94
5194,Nikhil Patel,30,West Indies,Allrounder,17,1,5096,106.6,424,6.25,27.14,PBKS,7.69
5195,Manoj Reddy,27,India,Bowler,198,8,1807,124.3,741,4.71,47.93,DC,17.12
5196,Harshit Verma,34,England,Wicketkeeper,347,12,8434,129.1,0,0.0,51.26,GT,16.07
5197,Rahul Shetty,32,West Indies,Bowler,38,2,3928,136.4,348,6.42,43.37,PBKS,7.99
5198,Sameer Reddy,26,England,Batter,128,7,8553,136.4,15,7.57,22.44,KKR,10.21
5199,Karthik Verma,26,Sri Lanka,Wicketkeeper,201,8,5085,146.6,0,0.0,47.22,KKR,12.88
5200,Arjun Verma,20,Sri Lanka,Bowler,29,1,1512,141.1,472,4.93,20.44,GT,9.42
5201,Ankit Singh,20,West Indies,Wicketkeeper,22,1,4578,108.0,0,0.0,22.28,LSG,5.39
5202,Pranav Shetty,41,India,Batter,131,6,12653,140.4,0,8.73,48.48,CSK,15.9
5203,Aditya Patel,28,India,Allrounder,123,5,4138,125.1,321,5.02,44.67,LSG,14.14
5204,Ankit Deshmukh,29,India,Batter,148,5,6671,134.0,8,6.54,22.94,PBKS,14.35
5205,Manoj Iyer,27,India,Allrounder,53,3,3043,123.5,352,5.63,42.87,LSG,12.76
5206,Harshit Shetty,25,England,Batter,37,2,6312,106.1,11,6.51,27.16,RR,8.77
5207,Nikhil Naidu,24,West Indies,Allrounder,92,6,6172,108.6,242,5.84,33.83,DC,9.98
5208,Aditya Deshmukh,23,South Africa,Bowler,75,5,2151,121.3,581,6.48,47.16,MI,10.38
5209,Pranav Naidu,35,West Indies,Allrounder,277,16,7875,102.6,399,7.52,21.71,GT,14.26
5210,Irfan Reddy,33,India,Wicketkeeper,97,4,10181,147.7,0,0.0,22.79,KKR,13.29
5211,Irfan Reddy,32,South Africa,Bowler,61,4,2331,96.3,591,4.56,41.99,RR,11.02
5212,Arjun Shetty,39,England,Wicketkeeper,290,19,3405,129.9,0,0.0,54.54,DC,12.05
5213,Rohan Singh,39,Sri Lanka,Allrounder,386,21,6420,119.7,244,8.1,33.01,CSK,15.05
5214,Pranav Patel,23,Sri Lanka,Batter,104,5,14643,104.1,5,7.04,24.83,CSK,13.49
5215,Ankit Iyer,40,West Indies,Wicketkeeper,95,5,8162,102.9,0,0.0,23.99,LSG,9.4
5216,Amit Singh,27,Australia,Bowler,190,7,321,113.4,835,4.91,53.66,PBKS,17.26
5217,Rahul Patel,29,Sri Lanka,Wicketkeeper,145,7,5830,129.7,0,0.0,54.57,LSG,10.67
5218,Sandeep Verma,36,West Indies,Wicketkeeper,316,18,11561,117.3,0,0.0,36.02,DC,15.08
5219,Arjun Kulkarni,32,Australia,Batter,166,11,11107,106.0,10,7.14,25.01,GT,10.99
5220,Aditya Chopra,40,England,Bowler,215,11,3037,154.2,481,7.59,21.57,CSK,13.78
5221,Sandeep Reddy,28,India,Wicketkeeper,244,10,3044,104.0,0,0.0,34.82,GT,10.79
5222,Ankit Patel,42,India,Batter,329,15,12928,116.8,13,6.65,24.52,KKR,16.59
5223,Harshit Iyer,32,India,Batter,65,3,9359,111.3,7,7.6,32.32,GT,10.24
5224,Irfan Khan,35,Sri Lanka,Batter,446,15,11531,120.7,10,6.33,54.41,RCB,20.0
5225,Rahul Verma,25,India,Bowler,79,4,345,147.6,308,5.25,49.51,PBKS,9.11
5226,Vikas Sharma,33,India,Wicketkeeper,48,2,3079,152.1,0,0.0,47.65,RR,9.36
5227,Amit Reddy,34,Australia,Bowler,354,12,3773,146.4,593,6.51,22.65,GT,15.92
5228,Manoj Naidu,24,India,Batter,94,4,9466,154.4,13,7.62,46.94,RCB,15.01
5229,Sameer Reddy,28,Sri Lanka,Batter,152,7,8732,141.8,11,9.37,50.62,LSG,14.37
5230,Aditya Khan,32,Australia,Bowler,220,13,3321,140.6,83,6.68,38.31,DC,10.32
5231,Sameer Kulkarni,28,England,Wicketkeeper,121,8,7311,150.5,0,0.0,48.88,RCB,13.12
5232,Aditya Malik,19,West Indies,Allrounder,17,1,1711,135.4,361,7.95,30.66,GT,6.83
5233,Arjun Naidu,35,India,Allrounder,252,11,5468,151.1,297,5.12,40.51,RCB,15.27
5234,Pranav Iyer,27,West Indies,Wicketkeeper,92,6,5005,112.9,0,0.0,25.22,CSK,8.63
5235,Harshit Verma,27,England,Batter,31,2,10649,145.2,9,8.9,48.51,MI,15.04
5236,Manoj Reddy,36,West Indies,Batter,205,8,4947,117.0,13,8.26,30.64,CSK,7.51
5237,Rahul Singh,42,South Africa,Batter,553,22,4463,145.0,7,6.03,23.06,DC,15.99
5238,Aditya Verma,38,England,Batter,161,10,3689,125.2,1,8.21,38.43,LSG,9.03
5239,Amit Kulkarni,27,India,Allrounder,106,6,6629,96.9,284,8.24,47.07,GT,13.17
5240,Sameer Kulkarni,18,Australia,Batter,24,1,13220,97.3,7,6.18,35.04,RR,10.79
5241,Aditya Deshmukh,28,India,Allrounder,191,7,3345,142.3,443,5.22,38.53,GT,13.89
5242,Arjun Yadav,38,Australia,Bowler,319,13,573,97.4,248,4.11,41.44,RR,12.47
5243,Harshit Chopra,27,Sri Lanka,Allrounder,94,6,5792,121.3,413,7.82,39.41,MI,12.54
5244,Rahul Shetty,25,India,Allrounder,38,2,3729,131.6,371,7.8,27.87,SRH,12.02
5245,Manoj Deshmukh,38,India,Wicketkeeper,320,20,3071,131.8,0,0.0,41.99,KKR,13.45
5246,Nikhil Khan,26,India,Bowler,124,6,2873,132.3,821,6.79,53.92,GT,15.98
5247,Pranav Iyer,35,India,Wicketkeeper,287,14,2667,106.8,0,0.0,53.29,DC,10.12
5248,Rahul Deshmukh,39,India,Wicketkeeper,542,19,9837,127.3,0,0.0,43.52,LSG,20.0
5249,Irfan Sharma,24,West Indies,Wicketkeeper,18,1,9020,101.0,0,0.0,33.32,PBKS,9.35
5250,Vikas Khan,31,India,Batter,210,9,9221,137.4,3,8.69,21.4,CSK,12.78
5251,Ankit Sharma,39,South Africa,Batter,122,6,8333,100.3,8,7.91,54.85,MI,9.88
5252,Ankit Naidu,31,India,Bowler,124,7,3547,96.3,437,7.41,50.05,KKR,11.1
5253,Sandeep Naidu,25,West Indies,Batter,88,4,9466,116.2,5,9.22,45.18,RR,9.41
5254,Sameer Naidu,42,Australia,Allrounder,152,6,3794,134.3,226,6.55,31.91,PBKS,8.98
5255,Rahul Naidu,19,India,Wicketkeeper,17,1,8018,114.4,0,0.0,34.86,KKR,8.58
5256,Sameer Reddy,42,Australia,Batter,284,16,9269,144.9,2,6.51,32.2,CSK,13.94
5257,Rahul Khan,26,England,Wicketkeeper,79,5,6840,119.0,0,0.0,51.29,RR,9.44
5258,Sandeep Reddy,26,Australia,Allrounder,60,2,4326,127.7,389,6.74,53.48,SRH,9.12
5259,Nikhil Khan,39,Australia,Bowler,443,17,1052,105.2,168,7.37,36.56,RR,13.12
5260,Irfan Yadav,39,West Indies,Batter,307,19,7166,117.3,15,9.4,33.01,LSG,14.26
5261,Nikhil Yadav,31,India,Batter,73,3,7039,101.9,12,6.68,45.91,GT,9.53
5262,Sameer Iyer,28,South Africa,Allrounder,45,3,7275,153.1,450,7.7,47.07,LSG,13.12
5263,Rohan Reddy,33,Australia,Batter,75,5,5791,97.4,13,6.85,54.49,SRH,9.19
5264,Ankit Yadav,40,India,Bowler,80,4,1446,113.7,429,5.29,51.71,SRH,12.64
5265,Sandeep Malik,30,India,Bowler,56,2,361,107.9,292,6.22,51.12,RR,8.1
5266,Irfan Deshmukh,35,England,Batter,153,9,3145,100.2,11,9.48,50.18,DC,9.32
5267,Harshit Iyer,26,England,Allrounder,45,3,4512,126.4,245,6.37,52.02,LSG,9.45
5268,Arjun Khan,35,West Indies,Batter,343,17,14421,110.7,0,9.41,27.45,SRH,15.3
5269,Rahul Iyer,32,India,Wicketkeeper,58,3,7527,99.8,0,0.0,39.66,RR,11.19
5270,Karthik Chopra,19,India,Bowler,19,1,1665,119.7,561,4.05,22.57,MI,14.01
5271,Vikas Iyer,23,India,Bowler,88,4,1831,97.4,818,5.54,49.23,RR,19.28
5272,Manoj Khan,31,England,Allrounder,236,8,5650,114.7,446,5.73,50.45,PBKS,12.84
5273,Harshit Reddy,34,Sri Lanka,Allrounder,100,4,7286,108.1,274,7.61,22.52,GT,10.89
5274,Nikhil Verma,42,India,Bowler,168,10,824,118.4,507,6.72,46.81,SRH,12.36
5275,Sandeep Malik,33,South Africa,Wicketkeeper,154,6,6770,121.7,0,0.0,32.11,RR,11.16
5276,Sameer Kulkarni,40,India,Batter,507,20,13635,139.9,13,7.58,51.58,DC,20.0
5277,Harshit Iyer,32,India,Bowler,184,11,1625,126.4,206,4.19,21.15,CSK,9.79
5278,Karthik Naidu,40,India,Batter,148,7,6986,148.1,9,7.64,32.66,PBKS,11.32
5279,Vikas Yadav,19,England,Bowler,18,1,2097,132.8,96,7.54,52.7,MI,4.17
5280,Rohan Chopra,21,India,Wicketkeeper,37,2,9436,140.4,0,0.0,23.62,CSK,10.81
5281,Irfan Mehta,22,West Indies,Batter,26,1,6177,118.7,2,6.81,25.95,KKR,8.1
5282,Harshit Khan,21,Sri Lanka,Allrounder,47,2,8947,123.3,88,6.73,53.47,KKR,11.27
5283,Rohan Shetty,29,England,Bowler,194,8,3291,142.1,166,5.65,52.97,MI,9.82
5284,Amit Chopra,18,India,Wicketkeeper,22,1,8726,147.6,0,0.0,27.3,RR,13.11
5285,Manoj Sharma,29,South Africa,Allrounder,20,1,8133,115.9,113,6.74,34.0,RCB,9.63
5286,Sandeep Khan,27,India,Bowler,201,8,3202,144.6,643,5.37,35.82,DC,14.86
5287,Pranav Patel,40,England,Wicketkeeper,80,5,9312,126.4,0,0.0,54.39,KKR,13.12
5288,Arjun Verma,22,India,Batter,25,1,10865,124.3,15,6.21,47.09,CSK,12.11
5289,Sandeep Deshmukh,38,West Indies,Wicketkeeper,17,1,3108,104.1,0,0.0,41.4,PBKS,6.85
5290,Sandeep Malik,36,West Indies,Allrounder,341,16,4927,147.0,231,5.84,31.45,RR,16.24
5291,Arjun Patel,19,West Indies,Wicketkeeper,20,1,4363,114.7,0,0.0,40.94,RR,7.43
5292,Vikas Naidu,27,India,Wicketkeeper,29,1,3855,106.0,0,0.0,29.97,KKR,5.98
5293,Vikas Mehta,26,India,Batter,61,4,3852,116.2,10,7.46,38.37,CSK,7.66
5294,Sandeep Reddy,41,Sri Lanka,Wicketkeeper,333,22,5404,131.0,0,0.0,39.83,CSK,14.98
5295,Rohan Chopra,38,Sri Lanka,Wicketkeeper,283,10,11253,134.3,0,0.0,30.77,DC,14.3
5296,Vikas Iyer,34,India,Batter,158,6,4920,140.6,10,6.44,49.78,LSG,12.07
5297,Sandeep Iyer,23,Sri Lanka,Bowler,51,2,2781,119.4,258,4.98,37.45,PBKS,8.76
5298,Amit Patel,42,India,Allrounder,305,11,7102,134.6,473,6.87,21.46,SRH,16.89
5299,Rohan Yadav,27,West Indies,Allrounder,188,8,4791,98.7,443,7.53,36.39,MI,12.58
5300,Karthik Chopra,27,India,Allrounder,150,6,8168,122.1,362,7.9,25.22,CSK,13.52
5301,Harshit Reddy,36,South Africa,Allrounder,142,6,6404,148.4,467,8.45,47.0,KKR,12.74
5302,Irfan Singh,34,England,Wicketkeeper,202,8,2779,119.7,0,0.0,26.43,DC,9.42
5303,Arjun Naidu,26,India,Bowler,91,6,3581,126.9,839,7.58,49.83,DC,16.86
5304,Amit Mehta,33,India,Wicketkeeper,228,12,4393,115.5,0,0.0,31.74,PBKS,11.24
5305,Rahul Kulkarni,32,India,Bowler,287,13,2406,126.3,803,7.75,24.92,MI,19.36
5306,Vikas Yadav,34,India,Allrounder,26,1,7015,123.9,255,5.77,21.49,KKR,10.86
5307,Amit Patel,36,India,Allrounder,289,14,4823,120.1,55,6.62,47.28,CSK,12.27
5308,Ankit Iyer,20,South Africa,Bowler,20,1,713,154.0,472,5.35,26.33,CSK,8.65
5309,Manoj Deshmukh,19,India,Batter,27,1,9530,100.4,7,8.07,45.69,SRH,9.57
5310,Rahul Verma,25,West Indies,Wicketkeeper,19,1,5617,154.7,0,0.0,48.67,CSK,9.37
5311,Karthik Patel,21,India,Batter,24,1,8184,124.1,14,7.94,49.23,LSG,12.65
5312,Ankit Shetty,41,England,Batter,142,9,12078,154.4,2,9.28,33.88,MI,13.28
5313,Irfan Malik,37,South Africa,Batter,29,1,6813,104.4,11,9.47,28.87,DC,7.22
5314,Ankit Mehta,23,India,Bowler,90,4,3275,111.3,522,4.34,46.88,DC,12.65
5315,Rohan Patel,25,India,Bowler,54,3,2885,141.7,270,7.24,42.09,KKR,8.4
5316,Rahul Sharma,34,South Africa,Wicketkeeper,278,13,9437,125.8,0,0.0,44.8,RR,12.58
5317,Nikhil Iyer,18,England,Allrounder,29,1,5106,145.5,267,6.37,43.7,KKR,9.55
5318,Nikhil Sharma,27,Sri Lanka,Allrounder,32,2,5582,127.2,212,7.44,50.98,DC,9.5
5319,Aditya Naidu,24,Sri Lanka,Bowler,52,2,3245,117.9,773,4.96,47.22,PBKS,14.87
5320,Manoj Patel,42,West Indies,Bowler,298,12,3866,148.4,615,5.87,32.12,DC,15.32
5321,Manoj Malik,37,India,Batter,305,17,10820,148.3,3,7.29,36.25,GT,16.26
5322,Rahul Verma,28,Australia,Batter,33,2,5575,115.0,9,7.81,29.68,RCB,8.8
5323,Ankit Khan,40,South Africa,Allrounder,480,17,3276,102.2,78,7.3,50.77,SRH,13.25
5324,Rahul Khan,39,Australia,Wicketkeeper,116,7,11894,141.8,0,0.0,26.68,LSG,13.08
5325,Nikhil Singh,18,England,Wicketkeeper,16,1,11392,136.6,0,0.0,41.09,SRH,11.36
5326,Vikas Verma,29,India,Batter,203,8,4487,111.4,15,6.65,34.31,CSK,10.13
5327,Amit Reddy,30,India,Wicketkeeper,50,2,3102,137.0,0,0.0,42.36,MI,9.57
5328,Karthik Yadav,21,India,Bowler,17,1,2722,141.1,614,6.02,46.53,GT,13.19
5329,Sandeep Sharma,38,England,Wicketkeeper,75,3,8737,132.1,0,0.0,47.54,KKR,8.8
5330,Amit Sharma,29,India,Allrounder,190,7,7845,147.9,476,6.17,41.52,MI,15.98
5331,Irfan Iyer,38,India,Allrounder,277,11,6029,127.8,459,7.88,27.65,RR,14.94
5332,Rahul Reddy,22,India,Batter,62,3,14280,117.3,5,7.9,44.41,SRH,15.29
5333,Rohan Khan,27,England,Batter,58,2,7778,145.2,12,7.67,43.73,LSG,12.36
5334,Sameer Shetty,31,India,Allrounder,53,3,3374,108.0,471,7.4,54.45,GT,11.15
5335,Sandeep Deshmukh,19,India,Allrounder,28,1,5687,142.3,173,7.95,31.56,MI,9.28
5336,Arjun Shetty,30,England,Bowler,18,1,2571,103.2,798,6.04,38.85,PBKS,12.81
5337,Vikas Verma,28,South Africa,Bowler,231,10,601,128.2,146,4.55,42.71,RR,8.72
5338,Manoj Verma,42,India,Allrounder,434,16,3413,124.9,90,6.37,50.65,DC,14.24
5339,Nikhil Shetty,31,India,Allrounder,305,13,1776,142.5,438,5.38,25.98,DC,16.48
5340,Rahul Deshmukh,28,Sri Lanka,Batter,88,5,6666,106.1,9,6.13,46.78,KKR,8.38
5341,Pranav Patel,38,Sri Lanka,Bowler,349,14,2451,147.4,780,5.54,38.36,CSK,18.62
5342,Nikhil Malik,19,Sri Lanka,Wicketkeeper,27,1,3376,96.3,0,0.0,45.08,DC,3.9
5343,Amit Verma,21,England,Bowler,85,3,3517,142.4,364,4.42,25.88,MI,9.19
5344,Rohan Malik,38,India,Wicketkeeper,210,10,6882,115.7,0,0.0,46.64,LSG,12.46
5345,Pranav Malik,40,Sri Lanka,Allrounder,151,8,5039,117.3,428,8.34,49.03,PBKS,13.79
5346,Rahul Kulkarni,37,West Indies,Batter,437,16,8902,143.4,4,6.67,43.01,RR,16.19
5347,Pranav Shetty,29,England,Batter,63,4,7163,113.2,0,6.67,24.61,LSG,6.01
5348,Amit Patel,36,West Indies,Wicketkeeper,146,7,9018,118.0,0,0.0,27.13,MI,8.53
5349,Pranav Sharma,35,England,Allrounder,268,15,6125,154.7,50,7.25,20.42,PBKS,12.17
5350,Nikhil Singh,28,India,Batter,154,6,4104,129.4,8,7.89,52.0,LSG,12.13
5351,Manoj Reddy,32,India,Bowler,281,12,3876,127.6,290,5.92,36.51,GT,13.32
5352,Rohan Patel,41,India,Bowler,346,20,2444,98.4,434,5.02,34.3,RR,16.0
5353,Sandeep Deshmukh,26,West Indies,Wicketkeeper,15,1,10864,98.2,0,0.0,39.27,LSG,11.49
5354,Arjun Shetty,35,India,Wicketkeeper,54,2,4510,113.4,0,0.0,38.68,KKR,8.15
5355,Sameer Mehta,22,India,Wicketkeeper,19,1,5124,103.1,0,0.0,52.64,DC,10.05
5356,Sandeep Singh,24,Sri Lanka,Batter,45,2,5244,106.4,11,9.13,32.02,RR,4.93
5357,Harshit Khan,18,India,Allrounder,28,1,2932,100.7,392,7.15,32.41,RR,8.59
5358,Rohan Patel,32,Australia,Batter,224,12,11139,149.9,15,6.88,49.84,KKR,13.99
5359,Ankit Kulkarni,24,India,Bowler,52,2,2007,126.2,340,6.2,52.58,LSG,9.45
5360,Aditya Iyer,23,Australia,Allrounder,20,1,1784,153.2,264,8.26,24.39,CSK,7.79
5361,Rohan Patel,37,West Indies,Wicketkeeper,178,8,3573,104.6,0,0.0,43.69,DC,8.77
5362,Ankit Sharma,37,India,Bowler,234,10,926,96.1,736,6.06,22.17,DC,16.65
5363,Aditya Malik,18,Sri Lanka,Allrounder,30,1,6479,147.1,449,8.11,32.5,GT,9.69
5364,Manoj Verma,40,Sri Lanka,Bowler,407,20,1885,130.6,679,7.39,48.21,RCB,16.84
5365,Vikas Chopra,29,South Africa,Bowler,207,8,3214,101.8,153,5.62,35.18,MI,6.91
5366,Vikas Singh,22,India,Batter,51,2,13430,128.1,2,7.6,23.7,MI,15.29
5367,Amit Patel,25,Sri Lanka,Bowler,132,6,768,109.6,461,7.77,26.95,CSK,9.62
5368,Sandeep Malik,42,South Africa,Batter,625,22,7569,127.2,9,7.84,35.39,SRH,16.36
5369,Vikas Iyer,40,India,Bowler,74,4,3506,126.0,254,6.93,41.34,RCB,10.32
5370,Arjun Shetty,19,Sri Lanka,Bowler,16,1,3854,96.5,866,6.75,39.97,DC,12.04
5371,Vikas Mehta,42,India,Allrounder,605,24,1597,96.0,309,8.09,34.18,MI,15.19
5372,Arjun Yadav,29,India,Wicketkeeper,166,9,6189,150.6,0,0.0,32.36,LSG,11.76
5373,Sandeep Reddy,21,West Indies,Bowler,30,2,2528,153.9,690,5.74,26.98,CSK,12.35
5374,Ankit Patel,24,India,Batter,64,4,10358,146.6,9,6.23,50.4,PBKS,14.97
5375,Vikas Naidu,26,Sri Lanka,Batter,116,4,6789,125.9,3,7.65,49.25,SRH,11.48
5376,Karthik Sharma,21,Australia,Bowler,27,1,692,110.9,393,6.81,20.59,SRH,10.8
5377,Amit Naidu,29,India,Allrounder,91,6,4128,146.5,159,6.68,51.35,LSG,9.3
5378,Irfan Yadav,29,West Indies,Bowler,102,6,2732,147.8,207,7.63,40.3,SRH,8.06
5379,Pranav Chopra,42,India,Batter,419,17,3949,141.5,4,7.56,45.89,RCB,13.95
5380,Karthik Naidu,41,West Indies,Allrounder,354,18,4290,100.2,303,6.88,52.41,PBKS,13.21
5381,Vikas Naidu,33,England,Allrounder,289,12,7809,116.8,190,6.59,42.03,MI,12.9
5382,Vikas Deshmukh,21,Sri Lanka,Bowler,54,2,66,107.6,470,6.56,49.29,CSK,8.2
5383,Amit Kulkarni,31,India,Wicketkeeper,202,7,6316,112.4,0,0.0,26.53,RR,13.53
5384,Aditya Reddy,20,India,Batter,25,1,8520,138.8,7,7.42,53.79,MI,13.17
5385,Vikas Deshmukh,18,India,Wicketkeeper,23,1,3435,143.6,0,0.0,52.91,MI,9.36
5386,Nikhil Patel,25,India,Wicketkeeper,109,4,6021,103.4,0,0.0,22.49,LSG,11.17
5387,Amit Reddy,33,West Indies,Bowler,298,10,561,112.4,132,6.12,48.98,MI,7.23
5388,Arjun Iyer,18,Sri Lanka,Allrounder,19,1,8106,153.2,89,7.35,28.92,CSK,7.36
5389,Karthik Deshmukh,30,India,Allrounder,64,3,5035,125.1,326,6.7,28.37,SRH,9.02
5390,Sandeep Singh,26,India,Bowler,218,8,1739,121.6,416,6.24,35.64,DC,12.16
5391,Aditya Khan,22,South Africa,Allrounder,29,1,6614,96.0,365,6.27,38.27,KKR,10.17
5392,Irfan Naidu,21,India,Batter,26,1,10810,95.1,0,7.17,30.78,RCB,10.83
5393,Amit Khan,25,India,Allrounder,81,3,6451,118.6,425,5.98,24.61,GT,13.09
5394,Rohan Singh,31,England,Allrounder,249,9,7595,136.5,396,6.78,42.06,RR,13.14
5395,Irfan Deshmukh,41,Australia,Batter,420,18,6038,122.1,1,8.81,38.17,LSG,14.39
5396,Sameer Kulkarni,28,India,Batter,122,5,14313,120.7,10,8.84,44.56,DC,16.6
5397,Amit Mehta,31,India,Allrounder,134,8,7474,120.1,241,6.52,46.61,RCB,14.5
5398,Nikhil Deshmukh,38,India,Allrounder,249,16,1696,115.3,76,5.61,27.85,PBKS,9.37
5399,Rohan Malik,25,England,Batter,85,3,11828,108.8,1,7.26,40.28,CSK,12.38
5400,Amit Mehta,30,Australia,Wicketkeeper,234,11,9600,142.9,0,0.0,47.53,MI,13.36
5401,Amit Sharma,29,India,Allrounder,112,5,1806,154.3,51,6.28,40.78,CSK,9.99
5402,Irfan Singh,27,Sri Lanka,Allrounder,154,7,5828,145.1,445,6.4,45.55,SRH,14.54
5403,Ankit Iyer,24,South Africa,Wicketkeeper,46,3,7121,140.0,0,0.0,26.86,DC,9.56
5404,Manoj Reddy,35,England,Allrounder,131,5,4957,146.7,70,6.64,37.64,RCB,8.76
5405,Aditya Naidu,20,England,Batter,17,1,4461,130.3,3,8.39,49.48,PBKS,7.64
5406,Ankit Iyer,23,India,Wicketkeeper,18,1,8531,112.1,0,0.0,40.14,DC,8.79
5407,Rohan Yadav,36,England,Batter,170,11,10195,136.4,2,6.43,45.62,MI,15.33
5408,Rahul Kulkarni,42,Australia,Allrounder,363,16,8085,135.5,287,5.15,34.51,RR,15.53
5409,Sameer Yadav,42,India,Wicketkeeper,713,24,6247,102.4,0,0.0,34.7,MI,19.31
5410,Rahul Mehta,42,South Africa,Bowler,150,6,237,119.9,246,4.74,33.45,LSG,7.87
5411,Rahul Reddy,29,Australia,Wicketkeeper,112,5,7055,139.3,0,0.0,47.1,GT,10.75
5412,Rohan Singh,30,India,Wicketkeeper,214,10,7551,131.4,0,0.0,20.79,GT,12.22
5413,Arjun Khan,20,India,Bowler,22,1,3538,136.2,534,7.54,21.2,MI,11.79
5414,Aditya Kulkarni,38,Sri Lanka,Allrounder,95,5,7899,107.0,336,7.87,40.27,SRH,10.13
5415,Nikhil Patel,32,Australia,Allrounder,315,12,8950,120.2,334,6.63,51.14,SRH,16.53
5416,Nikhil Kulkarni,27,South Africa,Batter,25,1,11919,99.5,8,7.53,53.13,SRH,11.15
5417,Pranav Deshmukh,30,West Indies,Bowler,107,4,3452,136.1,899,7.5,36.38,SRH,13.05
5418,Pranav Naidu,34,Sri Lanka,Batter,341,16,13913,142.4,15,6.33,22.64,KKR,17.04
5419,Irfan Mehta,31,India,Allrounder,310,13,5851,127.2,63,5.24,25.6,LSG,12.62
5420,Irfan Iyer,28,India,Allrounder,96,4,2316,120.4,477,5.03,24.8,DC,12.62
5421,Manoj Iyer,35,Sri Lanka,Batter,303,15,10234,99.6,13,6.56,27.18,GT,12.03
5422,Aditya Reddy,32,India,Wicketkeeper,180,7,4474,137.9,0,0.0,48.31,CSK,13.24
5423,Sandeep Reddy,37,India,Allrounder,148,7,6225,125.4,376,6.58,21.14,SRH,13.04
5424,Rahul Naidu,38,Sri Lanka,Bowler,307,20,2174,110.5,892,4.26,39.04,RR,19.93
5425,Ankit Mehta,29,India,Wicketkeeper,185,7,8640,139.4,0,0.0,41.18,MI,15.13
5426,Harshit Khan,38,South Africa,Bowler,334,14,190,102.1,757,5.49,47.33,PBKS,18.45
5427,Karthik Naidu,27,Australia,Wicketkeeper,79,5,8323,116.8,0,0.0,45.76,MI,10.84
5428,Sameer Sharma,32,England,Wicketkeeper,401,14,2799,125.8,0,0.0,45.85,RCB,11.4
5429,Ankit Verma,40,Australia,Allrounder,47,3,6742,150.3,465,8.18,38.73,SRH,9.42
5430,Karthik Shetty,37,India,Allrounder,459,18,4690,110.9,362,6.79,52.75,DC,16.64
5431,Sameer Verma,24,Australia,Allrounder,82,4,4257,102.7,415,6.6,35.14,GT,9.73
5432,Irfan Shetty,28,India,Wicketkeeper,150,8,8042,102.6,0,0.0,37.59,RR,12.49
5433,Amit Deshmukh,40,India,Bowler,222,9,3899,115.3,300,6.13,22.51,DC,10.86
5434,Sandeep Naidu,42,India,Wicketkeeper,19,1,10279,151.6,0,0.0,47.07,LSG,13.6
5435,Pranav Chopra,30,Sri Lanka,Allrounder,165,10,7376,117.0,324,7.94,46.63,GT,12.16
5436,Aditya Khan,36,South Africa,Bowler,140,9,961,107.1,499,5.84,24.35,RR,11.46
5437,Harshit Kulkarni,31,Sri Lanka,Batter,306,13,14163,103.3,9,7.21,54.94,RCB,18.76
5438,Vikas Deshmukh,26,India,Allrounder,48,3,5448,121.5,348,5.17,35.82,DC,12.79
5439,Ankit Yadav,30,Sri Lanka,Wicketkeeper,57,2,10151,113.0,0,0.0,40.0,LSG,10.74
5440,Sandeep Verma,39,India,Allrounder,470,17,3858,142.0,328,5.52,31.64,LSG,16.56
5441,Vikas Kulkarni,20,England,Wicketkeeper,15,1,10212,130.5,0,0.0,45.05,RR,10.04
5442,Ankit Sharma,23,South Africa,Bowler,83,3,302,145.1,437,7.38,41.29,MI,8.18
5443,Arjun Sharma,31,West Indies,Wicketkeeper,186,10,5910,118.3,0,0.0,37.61,LSG,10.15
5444,Amit Chopra,19,India,Batter,21,1,8044,147.7,0,8.69,23.63,MI,11.45
5445,Rohan Yadav,22,South Africa,Wicketkeeper,48,2,5376,118.1,0,0.0,47.16,RCB,8.15
5446,Rahul Chopra,42,India,Allrounder,232,9,7011,114.9,335,6.51,34.4,CSK,12.46
5447,Rahul Kulkarni,38,Australia,Batter,287,12,7306,155.0,1,8.11,37.25,RCB,15.75
5448,Arjun Iyer,25,Sri Lanka,Batter,18,1,7311,104.8,13,6.73,21.48,GT,7.71
5449,Rahul Patel,29,India,Allrounder,198,10,8269,127.7,158,6.96,27.18,RCB,12.09
5450,Nikhil Reddy,36,South Africa,Allrounder,50,2,6248,139.5,169,7.43,29.07,RR,8.54
5451,Irfan Yadav,22,India,Allrounder,53,2,5445,154.4,222,6.2,33.1,GT,11.69
5452,Arjun Chopra,39,South Africa,Bowler,212,10,1941,122.2,816,6.89,47.77,SRH,17.87
5453,Pranav Chopra,33,India,Allrounder,107,4,3495,135.1,44,7.69,49.92,DC,8.68
5454,Karthik Shetty,41,India,Wicketkeeper,148,6,11928,151.4,0,0.0,40.3,RCB,16.47
5455,Sandeep Singh,24,England,Wicketkeeper,26,1,5741,109.2,0,0.0,33.95,CSK,9.15
5456,Nikhil Mehta,23,Australia,Wicketkeeper,115,4,7500,140.5,0,0.0,42.78,RCB,10.38
5457,Aditya Naidu,39,South Africa,Bowler,491,17,3122,98.1,804,4.68,43.9,RCB,20.0
5458,Aditya Chopra,33,Australia,Bowler,170,10,3282,125.0,255,4.95,46.14,GT,8.88
5459,Sandeep Chopra,34,Sri Lanka,Wicketkeeper,275,14,10656,128.8,0,0.0,22.92,LSG,14.02
5460,Amit Verma,35,Sri Lanka,Batter,292,13,14550,108.2,5,6.65,29.03,CSK,16.07
5461,Ankit Iyer,37,India,Wicketkeeper,385,13,7689,128.9,0,0.0,37.64,SRH,16.32
5462,Pranav Chopra,33,India,Batter,61,4,7680,99.1,0,6.71,26.0,CSK,10.91
5463,Karthik Shetty,26,India,Batter,34,2,12750,123.1,8,9.45,50.36,MI,13.47
5464,Karthik Sharma,25,South Africa,Bowler,151,7,1793,125.7,621,7.23,44.73,RCB,10.45
5465,Vikas Shetty,21,England,Wicketkeeper,30,2,3793,106.6,0,0.0,44.09,DC,6.74
5466,Vikas Khan,36,India,Allrounder,108,7,8727,144.9,98,5.95,22.93,MI,12.77
5467,Ankit Reddy,41,India,Allrounder,188,11,8156,101.0,152,7.71,50.84,LSG,13.14
5468,Aditya Deshmukh,33,Sri Lanka,Batter,23,1,12293,134.3,6,7.06,37.06,MI,11.79
5469,Manoj Sharma,20,India,Allrounder,30,2,3014,133.7,93,6.28,53.16,LSG,9.63
5470,Karthik Yadav,40,Sri Lanka,Bowler,432,15,2595,150.1,754,4.16,41.32,KKR,20.0
5471,Rahul Kulkarni,19,India,Batter,28,1,5563,118.0,2,8.83,36.51,SRH,9.04
5472,Aditya Kulkarni,35,India,Bowler,90,6,1703,119.9,159,7.3,38.71,SRH,7.12
5473,Ankit Verma,24,South Africa,Wicketkeeper,126,5,3368,96.2,0,0.0,25.55,PBKS,6.23
5474,Rohan Yadav,23,West Indies,Batter,47,3,7534,138.0,15,8.25,40.39,DC,9.87
5475,Harshit Sharma,20,England,Batter,16,1,4358,121.7,10,6.5,32.43,SRH,8.43
5476,Aditya Patel,41,England,Batter,198,8,13275,147.2,13,7.73,47.16,PBKS,15.66
5477,Manoj Mehta,19,Australia,Wicketkeeper,30,1,10441,100.0,0,0.0,51.16,KKR,10.17
5478,Amit Malik,37,Australia,Wicketkeeper,338,14,7944,123.3,0,0.0,46.04,DC,13.52
5479,Karthik Singh,30,Australia,Allrounder,55,3,2970,135.2,198,5.49,28.27,CSK,10.4
5480,Manoj Mehta,30,West Indies,Batter,128,5,4796,96.0,15,7.53,25.31,SRH,9.61
5481,Aditya Chopra,28,Sri Lanka,Batter,138,5,4791,109.4,3,6.32,23.5,RCB,8.51
5482,Manoj Sharma,27,West Indies,Batter,140,9,4239,96.7,15,8.42,41.62,DC,8.48
5483,Sameer Naidu,39,West Indies,Allrounder,208,11,4789,151.7,291,5.49,52.66,CSK,13.53
5484,Irfan Singh,41,Australia,Wicketkeeper,408,18,7246,108.5,0,0.0,41.5,CSK,11.06
5485,Aditya Iyer,20,Australia,Allrounder,54,2,2687,150.9,423,5.1,38.3,PBKS,11.8
5486,Arjun Chopra,30,England,Batter,228,8,3714,115.5,2,6.15,22.69,CSK,8.83
5487,Karthik Kulkarni,28,South Africa,Bowler,54,2,3612,135.2,261,5.49,36.45,GT,8.64
5488,Sameer Mehta,31,India,Allrounder,210,9,2671,102.1,170,6.34,28.57,LSG,10.49
5489,Rohan Iyer,20,Sri Lanka,Batter,42,2,13804,143.4,2,6.35,24.73,CSK,12.53
5490,Amit Reddy,32,India,Batter,232,11,6603,115.6,13,8.08,27.91,GT,11.77
5491,Sandeep Kulkarni,29,Sri Lanka,Wicketkeeper,250,10,9235,133.4,0,0.0,36.0,KKR,15.05
5492,Ankit Verma,41,Sri Lanka,Batter,110,4,4368,130.6,10,7.4,37.19,MI,7.57
5493,Manoj Sharma,19,Sri Lanka,Wicketkeeper,26,1,4316,113.2,0,0.0,39.57,MI,9.3
5494,Amit Khan,40,Sri Lanka,Batter,398,18,5933,96.6,9,8.34,36.31,LSG,12.65
5495,Manoj Patel,29,South Africa,Wicketkeeper,151,6,10400,98.5,0,0.0,26.52,GT,9.77
5496,Karthik Iyer,19,India,Wicketkeeper,20,1,11564,128.6,0,0.0,50.32,MI,12.94
5497,Nikhil Malik,42,Australia,Allrounder,146,8,1587,99.2,365,8.09,34.67,MI,8.34
5498,Ankit Iyer,36,India,Batter,121,5,13193,103.8,15,8.04,46.79,LSG,12.0
5499,Manoj Malik,35,Australia,Bowler,220,8,2818,149.2,135,6.83,20.3,LSG,9.72
5500,Pranav Shetty,34,England,Bowler,97,4,2392,144.6,354,4.82,43.47,CSK,10.73
5501,Nikhil Deshmukh,27,West Indies,Wicketkeeper,123,8,3984,148.7,0,0.0,22.0,GT,10.04
5502,Harshit Reddy,23,India,Allrounder,47,2,3270,129.1,252,7.09,21.25,RCB,9.96
5503,Irfan Chopra,21,India,Batter,54,3,8860,131.6,15,7.8,26.7,GT,9.64
5504,Irfan Reddy,39,India,Batter,53,2,13711,133.4,12,6.96,36.39,RCB,13.85
5505,Amit Yadav,40,England,Wicketkeeper,199,8,8262,146.5,0,0.0,31.98,DC,13.19
5506,Rahul Reddy,37,South Africa,Allrounder,108,4,2129,154.1,263,5.93,51.89,LSG,9.24
5507,Nikhil Reddy,40,West Indies,Bowler,311,14,3783,141.2,844,4.11,23.86,DC,16.02
5508,Sandeep Shetty,24,India,Batter,115,4,9155,111.4,15,6.1,29.43,DC,11.53
5509,Nikhil Iyer,24,England,Batter,57,2,7520,137.6,11,8.87,54.36,RCB,10.58
5510,Nikhil Verma,19,Sri Lanka,Wicketkeeper,29,1,5847,137.7,0,0.0,34.64,CSK,8.48
5511,Sameer Patel,38,India,Wicketkeeper,417,18,4421,136.9,0,0.0,54.98,GT,16.57
5512,Pranav Sharma,42,South Africa,Batter,40,2,11845,140.7,9,8.49,52.84,RR,13.4
5513,Irfan Deshmukh,34,India,Bowler,156,10,3098,137.3,85,4.43,49.78,PBKS,9.94
5514,Vikas Deshmukh,26,South Africa,Batter,105,7,14614,107.7,15,9.34,37.64,DC,15.59
5515,Nikhil Malik,19,Sri Lanka,Allrounder,26,1,6610,109.8,447,7.38,41.02,KKR,8.62
5516,Karthik Khan,18,India,Allrounder,25,1,7624,115.0,323,5.9,35.45,PBKS,12.25
5517,Karthik Sharma,25,Sri Lanka,Allrounder,15,1,2809,122.0,474,6.85,37.26,RCB,10.61
5518,Ankit Patel,32,India,Allrounder,192,7,7790,104.5,64,6.05,21.66,KKR,10.39
5519,Sameer Mehta,28,England,Batter,30,1,8380,129.9,9,6.69,47.51,GT,8.77
5520,Arjun Verma,33,Sri Lanka,Batter,79,4,3399,101.5,12,6.59,46.23,RCB,6.05
5521,Arjun Singh,23,Sri Lanka,Bowler,95,5,1410,152.1,402,5.16,45.0,CSK,9.63
5522,Ankit Deshmukh,25,West Indies,Batter,41,2,4195,112.4,10,7.14,38.33,RCB,7.83
5523,Vikas Singh,29,Australia,Batter,29,1,4320,102.1,2,6.28,26.16,RCB,5.16
5524,Pranav Shetty,32,India,Wicketkeeper,227,9,4500,141.5,0,0.0,37.99,DC,11.49
5525,Sameer Chopra,24,India,Batter,140,5,3401,135.4,11,6.04,34.83,SRH,9.21
5526,Rahul Iyer,41,India,Allrounder,76,3,3615,107.8,363,6.79,39.31,CSK,12.08
5527,Rahul Singh,19,India,Allrounder,21,1,8071,99.4,435,8.43,29.94,RR,11.35
5528,Aditya Mehta,22,South Africa,Wicketkeeper,95,4,11867,109.6,0,0.0,28.7,RCB,11.28
5529,Vikas Chopra,36,India,Wicketkeeper,145,9,11795,117.7,0,0.0,48.63,LSG,14.89
5530,Irfan Yadav,22,India,Bowler,69,3,209,107.1,455,7.47,39.0,PBKS,11.87
5531,Harshit Sharma,31,India,Wicketkeeper,69,4,7442,133.2,0,0.0,38.26,LSG,10.8
5532,Vikas Mehta,21,India,Wicketkeeper,19,1,7627,121.0,0,0.0,26.72,SRH,11.32
5533,Sameer Reddy,35,Australia,Bowler,57,3,1764,119.1,384,5.86,47.84,RR,9.22
5534,Pranav Deshmukh,24,India,Allrounder,102,4,4008,103.0,418,7.67,23.1,KKR,11.13
5535,Ankit Reddy,28,India,Allrounder,244,10,1759,127.1,426,8.18,50.02,GT,17.19
5536,Sameer Verma,35,India,Batter,192,11,11750,126.6,14,6.2,38.88,RR,14.59
5537,Sameer Reddy,37,India,Wicketkeeper,293,18,4609,146.6,0,0.0,23.42,KKR,13.12
5538,Sandeep Shetty,24,India,Allrounder,22,1,7164,119.4,305,5.84,50.3,KKR,10.77
5539,Pranav Mehta,34,India,Batter,218,8,5378,154.6,10,9.29,53.57,RR,14.83
5540,Amit Verma,18,India,Wicketkeeper,24,1,6516,95.4,0,0.0,21.67,CSK,9.89
5541,Sameer Reddy,42,West Indies,Wicketkeeper,425,18,10156,103.9,0,0.0,32.21,RR,17.02
5542,Manoj Sharma,19,Sri Lanka,Bowler,25,1,1952,148.6,831,7.15,26.54,RCB,14.51
5543,Vikas Reddy,34,India,Wicketkeeper,301,14,5861,132.2,0,0.0,52.11,GT,14.54
5544,Irfan Chopra,33,India,Batter,72,4,6111,101.2,1,7.62,36.02,GT,8.87
5545,Rahul Mehta,36,West Indies,Batter,268,15,7826,129.7,14,7.32,35.35,PBKS,11.17
5546,Ankit Patel,33,South Africa,Wicketkeeper,19,1,4209,96.0,0,0.0,54.79,GT,9.42
5547,Manoj Naidu,18,India,Bowler,17,1,3601,123.4,513,6.07,53.41,GT,11.79
5548,Amit Reddy,35,West Indies,Batter,369,13,11578,106.4,2,6.55,48.28,RR,15.41
5549,Rohan Deshmukh,23,England,Batter,70,4,11917,143.0,8,6.91,29.5,RCB,14.36
5550,Manoj Chopra,30,Sri Lanka,Batter,166,6,5198,126.0,5,6.12,26.88,MI,8.17
5551,Pranav Mehta,38,Sri Lanka,Batter,263,10,3137,133.5,6,8.65,52.33,PBKS,11.01
5552,Arjun Yadav,21,West Indies,Batter,15,1,13122,105.8,11,8.74,48.01,SRH,11.6
5553,Sameer Chopra,41,West Indies,Allrounder,146,9,8216,135.1,448,7.25,49.13,LSG,14.6
5554,Rohan Reddy,26,West Indies,Bowler,84,4,3759,123.0,788,6.18,42.28,DC,14.43
5555,Manoj Sharma,32,India,Bowler,235,12,287,106.0,766,5.13,41.58,RCB,16.36
5556,Aditya Reddy,34,Australia,Wicketkeeper,16,1,7745,109.0,0,0.0,22.8,RR,7.92
5557,Pranav Kulkarni,38,India,Wicketkeeper,312,20,11203,95.0,0,0.0,41.29,SRH,17.68
5558,Irfan Deshmukh,33,Sri Lanka,Batter,314,12,5834,140.1,10,7.27,33.13,KKR,12.53
5559,Rahul Iyer,40,West Indies,Wicketkeeper,187,8,10634,124.2,0,0.0,34.25,RR,13.57
5560,Ankit Shetty,18,Sri Lanka,Batter,18,1,6849,116.4,14,8.28,53.73,DC,7.38
5561,Rohan Malik,24,India,Batter,151,6,13955,145.9,10,9.28,52.21,RCB,17.6
5562,Karthik Mehta,30,Australia,Allrounder,61,3,3517,127.2,140,6.57,45.97,PBKS,8.19
5563,Karthik Yadav,21,England,Bowler,50,2,3539,148.4,711,6.65,45.07,CSK,13.52
5564,Sandeep Sharma,33,Australia,Wicketkeeper,210,7,2729,154.9,0,0.0,32.2,GT,9.95
5565,Aditya Khan,32,Australia,Allrounder,138,9,7758,136.9,98,7.92,44.2,RR,12.13
5566,Rohan Reddy,28,India,Wicketkeeper,134,8,10459,114.6,0,0.0,47.5,RR,15.69
5567,Ankit Kulkarni,34,England,Wicketkeeper,252,11,7426,149.0,0,0.0,27.65,RCB,13.7
5568,Arjun Shetty,22,South Africa,Allrounder,74,3,2929,118.5,352,7.19,54.63,RR,10.33
5569,Karthik Iyer,23,South Africa,Batter,135,5,13090,108.7,8,7.68,33.37,RCB,11.82
5570,Rahul Singh,19,India,Batter,22,1,11466,99.6,5,8.29,41.13,SRH,11.58
5571,Arjun Reddy,32,West Indies,Bowler,235,12,969,146.0,710,7.54,22.37,GT,14.34
5572,Sandeep Iyer,22,Australia,Wicketkeeper,43,2,10708,154.6,0,0.0,44.46,DC,12.02
5573,Nikhil Reddy,41,India,Bowler,225,14,928,95.7,449,4.62,25.99,RR,13.58
5574,Rohan Kulkarni,30,India,Wicketkeeper,161,6,7614,145.3,0,0.0,20.76,GT,11.49
5575,Aditya Verma,24,India,Batter,86,4,5386,140.4,15,6.82,40.51,PBKS,8.58
5576,Amit Kulkarni,25,India,Allrounder,96,6,7478,139.8,79,7.74,21.77,RR,10.4
5577,Irfan Verma,22,India,Wicketkeeper,97,4,9609,148.6,0,0.0,27.95,RR,13.29
5578,Nikhil Khan,20,India,Batter,31,2,12786,133.7,3,7.94,25.9,MI,11.65
5579,Irfan Kulkarni,31,England,Allrounder,144,7,4283,124.3,199,8.42,22.02,PBKS,9.56
5580,Amit Patel,41,West Indies,Batter,231,8,7403,130.2,12,9.28,44.47,LSG,14.07
5581,Irfan Shetty,22,India,Allrounder,118,4,6797,145.1,201,6.84,21.16,RCB,13.24
5582,Pranav Kulkarni,23,West Indies,Allrounder,59,2,8814,123.2,274,5.94,22.68,GT,12.85
5583,Karthik Shetty,39,India,Batter,118,7,9744,118.6,12,8.47,29.54,KKR,12.76
5584,Amit Deshmukh,29,India,Batter,185,7,11719,138.2,12,6.01,49.18,LSG,18.04
5585,Irfan Naidu,42,India,Batter,87,3,7142,128.9,0,7.38,27.97,MI,9.27
5586,Amit Sharma,38,Australia,Allrounder,97,5,2709,95.7,274,7.18,37.1,RR,7.75
5587,Vikas Verma,31,Australia,Allrounder,390,13,7000,150.1,251,7.25,33.35,PBKS,12.1
5588,Pranav Kulkarni,28,India,Wicketkeeper,65,3,5653,140.9,0,0.0,40.92,DC,12.57
5589,Pranav Malik,27,India,Wicketkeeper,130,8,9237,150.6,0,0.0,33.94,SRH,16.16
5590,Aditya Mehta,18,India,Allrounder,30,1,4312,148.2,223,6.12,21.72,DC,9.44
5591,Sameer Singh,37,India,Wicketkeeper,300,18,6765,103.2,0,0.0,22.88,PBKS,12.89
5592,Sameer Singh,41,West Indies,Allrounder,55,3,7748,95.6,156,7.95,50.16,RCB,7.9
5593,Sameer Verma,19,India,Wicketkeeper,22,1,4693,122.1,0,0.0,20.14,KKR,8.27
5594,Aditya Verma,37,Australia,Wicketkeeper,298,16,6233,119.1,0,0.0,26.54,SRH,13.33
5595,Nikhil Deshmukh,42,England,Bowler,578,23,2151,135.8,518,6.37,37.06,SRH,15.48
5596,Sameer Deshmukh,33,Australia,Allrounder,300,12,5222,134.4,106,5.14,49.47,CSK,13.79
5597,Sameer Mehta,26,India,Allrounder,205,7,8609,144.8,444,7.52,27.02,LSG,15.51
5598,Pranav Shetty,41,India,Bowler,260,17,1679,114.3,541,7.38,20.47,SRH,14.74
5599,Amit Mehta,38,Sri Lanka,Batter,80,3,7777,151.5,9,8.95,42.94,PBKS,11.42
5600,Nikhil Mehta,23,India,Bowler,123,5,2605,110.1,345,4.88,36.33,KKR,11.12
5601,Arjun Iyer,22,England,Bowler,26,1,3933,104.0,698,7.41,48.91,RR,11.46
5602,Sameer Malik,33,Australia,Batter,327,13,12701,143.5,2,7.02,52.21,RCB,17.77
5603,Karthik Mehta,18,India,Allrounder,26,1,7783,116.9,474,6.5,48.08,PBKS,14.21
5604,Rohan Kulkarni,34,South Africa,Bowler,224,9,3937,136.1,199,6.01,41.8,DC,9.88
5605,Rohan Yadav,38,Australia,Bowler,82,5,2935,145.7,558,4.58,26.85,SRH,12.38
5606,Manoj Malik,40,India,Batter,22,1,12681,110.0,10,9.26,45.69,KKR,11.21
5607,Ankit Khan,37,West Indies,Bowler,218,10,3509,114.1,413,5.08,30.85,LSG,11.58
5608,Vikas Deshmukh,37,India,Wicketkeeper,20,1,3701,139.9,0,0.0,39.49,MI,9.85
5609,Sandeep Reddy,38,India,Batter,66,4,13813,113.4,2,9.09,44.22,SRH,14.44
5610,Harshit Naidu,28,West Indies,Allrounder,149,5,3281,104.1,432,7.64,34.02,GT,11.75
5611,Amit Naidu,32,England,Wicketkeeper,172,11,9773,124.0,0,0.0,32.45,CSK,14.9
5612,Pranav Reddy,18,South Africa,Batter,21,1,6039,136.2,14,7.13,27.56,RCB,8.96
5613,Aditya Kulkarni,30,India,Allrounder,72,3,4241,151.1,271,7.48,39.78,KKR,11.88
5614,Nikhil Chopra,22,Australia,Wicketkeeper,30,1,3156,131.7,0,0.0,22.41,CSK,5.68
5615,Karthik Mehta,33,Sri Lanka,Bowler,261,9,2717,112.1,416,7.29,41.53,GT,8.45
5616,Irfan Malik,23,South Africa,Wicketkeeper,48,2,4283,153.7,0,0.0,40.84,KKR,8.68
5617,Rohan Verma,34,West Indies,Allrounder,207,10,5652,121.7,225,7.54,22.11,MI,10.85
5618,Arjun Iyer,32,India,Bowler,334,12,73,97.1,183,7.03,44.52,RR,11.56
5619,Rahul Singh,31,England,Allrounder,237,13,5445,146.7,185,5.08,25.52,PBKS,12.97
5620,Rahul Singh,32,India,Wicketkeeper,259,14,5855,125.9,0,0.0,40.9,DC,13.36
5621,Rahul Shetty,20,Australia,Bowler,56,2,2027,115.4,417,5.74,36.37,KKR,7.02
5622,Aditya Patel,30,South Africa,Wicketkeeper,41,2,3328,113.7,0,0.0,35.33,LSG,5.66
5623,Harshit Sharma,22,India,Batter,30,1,11656,129.0,13,7.26,28.33,CSK,13.13
5624,Amit Shetty,27,England,Wicketkeeper,105,6,4551,154.3,0,0.0,37.53,CSK,12.25
5625,Irfan Kulkarni,28,India,Batter,66,4,13060,123.6,0,6.68,50.32,RR,15.26
5626,Irfan Khan,28,India,Wicketkeeper,70,4,11614,96.3,0,0.0,43.78,RR,13.46
5627,Aditya Malik,32,Australia,Bowler,263,11,3173,105.2,271,6.08,48.61,LSG,11.9
5628,Ankit Yadav,23,India,Wicketkeeper,107,4,8200,117.1,0,0.0,30.28,MI,10.46
5629,Arjun Naidu,23,India,Bowler,73,3,1331,133.3,536,7.15,51.44,RCB,12.34
5630,Rohan Malik,37,Australia,Batter,188,7,12973,139.4,8,8.2,49.28,SRH,14.59
5631,Pranav Verma,21,South Africa,Wicketkeeper,56,3,6804,98.3,0,0.0,47.16,DC,9.65
5632,Amit Mehta,39,Sri Lanka,Allrounder,162,7,6946,99.2,78,7.15,37.8,RCB,9.76
5633,Pranav Kulkarni,29,West Indies,Bowler,162,8,22,139.2,742,4.31,39.13,RR,16.31
5634,Pranav Patel,32,India,Allrounder,26,1,2226,106.0,370,8.34,41.21,GT,8.69
5635,Rahul Kulkarni,21,South Africa,Bowler,29,1,534,131.8,99,4.8,45.29,GT,6.35
5636,Rohan Verma,33,South Africa,Batter,144,6,4264,143.9,13,8.53,49.87,DC,12.63
5637,Pranav Reddy,30,India,Wicketkeeper,265,12,3394,99.6,0,0.0,32.01,CSK,9.79
5638,Rohan Sharma,40,India,Bowler,182,9,1606,124.9,749,6.61,26.67,MI,15.5
5639,Manoj Deshmukh,29,Sri Lanka,Wicketkeeper,137,6,9369,128.2,0,0.0,34.26,SRH,12.3
5640,Aditya Naidu,38,India,Allrounder,345,13,6766,143.6,284,6.37,34.27,KKR,17.15
5641,Harshit Sharma,33,India,Batter,130,5,11513,98.5,10,6.09,49.97,DC,13.26
5642,Vikas Yadav,37,Australia,Bowler,28,1,3116,136.3,799,7.65,32.75,CSK,9.12
5643,Aditya Naidu,23,South Africa,Allrounder,18,1,8362,134.8,232,8.29,49.55,CSK,11.9
5644,Vikas Malik,28,England,Wicketkeeper,73,4,7355,141.0,0,0.0,33.27,CSK,11.44
5645,Karthik Deshmukh,23,India,Batter,128,5,5440,106.2,6,7.68,30.22,GT,7.41
5646,Ankit Malik,19,Sri Lanka,Batter,18,1,3827,148.6,13,8.72,45.36,CSK,6.99
5647,Nikhil Sharma,30,South Africa,Wicketkeeper,57,2,10030,122.9,0,0.0,23.03,KKR,12.22
5648,Rohan Patel,19,Sri Lanka,Batter,30,1,10259,117.5,13,6.2,36.23,MI,11.86
5649,Nikhil Mehta,39,South Africa,Batter,161,7,3528,95.4,12,8.13,54.64,SRH,9.06
5650,Rohan Mehta,39,India,Wicketkeeper,57,2,4936,116.8,0,0.0,49.68,RR,9.22
5651,Arjun Kulkarni,22,West Indies,Batter,46,2,8094,102.8,15,7.87,47.91,LSG,9.3
5652,Rohan Shetty,32,Sri Lanka,Bowler,299,14,2546,126.6,492,6.7,38.01,KKR,13.65
5653,Sandeep Naidu,34,West Indies,Wicketkeeper,242,13,6339,100.2,0,0.0,42.95,SRH,12.71
5654,Rahul Khan,18,Australia,Wicketkeeper,30,1,7955,149.7,0,0.0,23.26,DC,8.28
5655,Rahul Shetty,36,India,Batter,278,12,10410,149.1,4,6.92,29.95,KKR,15.41
5656,Rahul Malik,41,South Africa,Batter,558,22,14991,127.1,2,8.29,40.87,DC,20.0
5657,Sameer Chopra,26,Australia,Bowler,27,1,1263,113.0,703,5.58,21.7,RCB,12.37
5658,Karthik Patel,38,England,Bowler,63,4,2326,139.8,365,6.83,43.48,RR,10.05
5659,Pranav Shetty,39,India,Bowler,506,21,3712,109.6,663,6.45,20.78,KKR,18.94
5660,Karthik Chopra,31,India,Bowler,195,11,3612,124.5,749,7.07,30.74,MI,16.73
5661,Rahul Chopra,37,India,Allrounder,69,3,8112,98.8,337,5.36,32.21,MI,11.23
5662,Sameer Naidu,18,India,Allrounder,24,1,5040,150.1,415,7.82,51.39,PBKS,12.12
5663,Amit Shetty,27,West Indies,Allrounder,83,5,4191,149.5,90,8.22,38.45,DC,7.38
5664,Sameer Iyer,37,West Indies,Allrounder,192,8,8763,142.9,87,5.77,27.48,LSG,11.41
5665,Nikhil Kulkarni,40,South Africa,Batter,588,21,12773,109.0,1,6.94,38.02,RCB,17.41
5666,Pranav Reddy,18,India,Batter,24,1,8051,104.2,2,7.13,35.86,GT,10.31
5667,Irfan Deshmukh,31,India,Wicketkeeper,191,11,10313,147.4,0,0.0,39.97,RR,16.76
5668,Irfan Mehta,42,India,Bowler,225,15,1676,106.8,560,7.34,25.84,SRH,12.12
5669,Aditya Chopra,19,West Indies,Allrounder,19,1,3794,122.8,387,7.01,43.11,DC,11.01
5670,Karthik Deshmukh,18,England,Wicketkeeper,30,1,5394,142.7,0,0.0,46.3,PBKS,11.73
5671,Vikas Sharma,27,India,Batter,26,1,4056,118.9,13,9.3,27.22,KKR,7.75
5672,Nikhil Chopra,20,South Africa,Allrounder,35,2,7833,101.6,117,6.93,30.11,PBKS,7.62
5673,Pranav Khan,39,South Africa,Allrounder,217,10,6786,118.8,91,5.73,23.89,LSG,14.4
5674,Irfan Chopra,37,India,Allrounder,227,9,2116,134.4,346,5.11,41.36,KKR,12.16
5675,Amit Iyer,36,India,Batter,36,2,7298,134.6,4,8.48,24.0,RR,9.96
5676,Aditya Shetty,22,India,Wicketkeeper,94,4,7863,112.5,0,0.0,24.53,LSG,10.85
5677,Manoj Chopra,36,India,Bowler,242,10,3036,139.8,459,7.2,27.05,RCB,14.93
5678,Rohan Chopra,26,India,Allrounder,75,4,5781,153.0,364,6.19,40.8,RCB,14.03
5679,Ankit Kulkarni,18,Sri Lanka,Batter,27,1,12863,110.9,8,8.8,27.35,DC,10.16
5680,Irfan Patel,42,West Indies,Allrounder,108,4,8814,136.2,225,7.74,43.83,KKR,9.98
5681,Sameer Khan,29,Sri Lanka,Bowler,83,4,57,128.8,596,6.1,45.75,KKR,11.61
5682,Vikas Patel,42,England,Wicketkeeper,126,7,7739,111.2,0,0.0,32.35,LSG,8.46
5683,Rohan Yadav,22,India,Bowler,33,2,3025,113.5,289,7.31,39.12,SRH,8.28
5684,Harshit Mehta,36,England,Wicketkeeper,291,12,5216,137.2,0,0.0,55.0,RR,12.2
5685,Vikas Khan,35,England,Wicketkeeper,15,1,2701,121.1,0,0.0,34.98,KKR,4.22
5686,Irfan Deshmukh,31,England,Allrounder,313,12,1862,143.3,497,7.95,45.59,DC,15.92
5687,Nikhil Khan,27,India,Bowler,256,9,3514,114.4,775,5.76,41.31,SRH,17.67
5688,Sandeep Singh,35,West Indies,Wicketkeeper,146,6,5444,147.6,0,0.0,50.93,DC,9.56
5689,Amit Shetty,36,India,Wicketkeeper,185,7,8417,101.5,0,0.0,34.99,RR,11.96
5690,Manoj Sharma,34,India,Bowler,319,15,1442,153.7,631,5.77,43.73,GT,17.73
5691,Sandeep Shetty,22,India,Wicketkeeper,43,2,10039,119.4,0,0.0,20.91,KKR,9.05
5692,Rahul Singh,29,India,Batter,29,1,3400,100.8,6,7.98,49.21,KKR,8.16
5693,Sameer Naidu,27,England,Allrounder,54,2,4610,122.6,475,7.63,35.02,LSG,9.6
5694,Vikas Deshmukh,40,India,Wicketkeeper,391,18,9702,148.8,0,0.0,30.1,LSG,19.53
5695,Amit Chopra,36,England,Wicketkeeper,397,18,10788,109.9,0,0.0,52.87,CSK,17.21
5696,Harshit Iyer,23,India,Batter,124,5,8408,144.2,14,8.83,26.83,RCB,12.06
5697,Harshit Kulkarni,40,South Africa,Bowler,249,12,3303,96.6,375,4.54,28.3,LSG,11.18
5698,Pranav Singh,28,India,Bowler,60,2,692,109.4,236,6.94,45.52,RR,8.09
5699,Harshit Reddy,18,Australia,Allrounder,19,1,6317,118.7,329,5.88,54.41,SRH,11.16
5700,Vikas Chopra,39,Sri Lanka,Batter,214,13,12158,117.6,12,6.86,30.54,CSK,14.08
5701,Nikhil Mehta,19,England,Bowler,17,1,151,124.4,473,4.42,33.25,SRH,9.51
5702,Arjun Deshmukh,39,India,Bowler,291,17,1561,144.1,229,6.64,39.05,RCB,12.04
5703,Amit Verma,36,Sri Lanka,Wicketkeeper,446,17,10616,96.9,0,0.0,41.66,RCB,15.17
5704,Manoj Kulkarni,21,India,Bowler,26,1,1542,132.0,692,4.21,43.98,KKR,13.96
5705,Ankit Kulkarni,28,South Africa,Bowler,183,7,1229,144.2,155,4.75,51.89,CSK,6.57
5706,Sandeep Chopra,22,West Indies,Allrounder,49,2,6271,113.3,385,7.85,40.53,GT,11.5
5707,Arjun Patel,18,India,Batter,29,1,4629,114.2,9,9.2,48.7,MI,8.77
5708,Aditya Reddy,37,India,Bowler,142,6,2094,95.2,110,4.04,46.59,CSK,8.03
5709,Rohan Shetty,34,India,Allrounder,289,11,2600,142.3,439,7.67,52.55,SRH,17.67
5710,Manoj Malik,21,Sri Lanka,Bowler,28,1,870,108.9,652,4.45,51.63,LSG,12.35
5711,Aditya Mehta,25,West Indies,Batter,112,7,7987,135.9,7,6.62,38.57,MI,10.25
5712,Amit Shetty,34,Sri Lanka,Bowler,295,10,3967,112.1,579,4.32,38.21,PBKS,16.47
5713,Sandeep Patel,28,India,Allrounder,176,7,7719,137.5,56,7.98,41.77,GT,13.17
5714,Karthik Iyer,20,India,Allrounder,52,2,7172,112.9,496,6.74,24.17,PBKS,13.07
5715,Sandeep Reddy,25,Sri Lanka,Batter,24,1,9351,96.7,0,7.43,27.39,DC,8.02
5716,Pranav Yadav,24,India,Bowler,17,1,2004,120.1,620,5.64,21.55,MI,13.22
5717,Rohan Iyer,21,India,Batter,45,2,8156,128.0,2,8.06,22.73,KKR,9.98
5718,Amit Reddy,20,India,Bowler,57,2,1071,101.0,199,7.58,49.92,KKR,7.62
5719,Irfan Naidu,30,South Africa,Bowler,101,6,2266,147.9,660,4.0,20.69,RCB,12.04
5720,Vikas Patel,21,India,Allrounder,17,1,5265,116.7,348,7.65,45.84,CSK,10.38
5721,Rahul Yadav,39,India,Allrounder,109,6,3097,99.3,318,6.41,46.86,RR,13.24
5722,Vikas Kulkarni,38,India,Batter,20,1,3489,150.3,2,6.25,21.78,LSG,6.96
5723,Rahul Malik,37,South Africa,Batter,249,10,4349,138.4,7,7.68,33.76,SRH,9.76
5724,Karthik Iyer,30,India,Wicketkeeper,16,1,7125,108.0,0,0.0,46.57,LSG,9.63
5725,Manoj Deshmukh,29,England,Batter,22,1,6948,150.4,6,8.75,33.17,KKR,8.11
5726,Manoj Deshmukh,29,South Africa,Batter,19,1,8332,116.8,2,7.77,29.0,RCB,6.21
5727,Manoj Patel,19,India,Allrounder,16,1,8696,115.4,497,7.63,34.99,LSG,12.45
5728,Harshit Deshmukh,29,India,Batter,217,11,6626,137.8,4,7.41,52.12,DC,14.6
5729,Vikas Sharma,18,India,Wicketkeeper,24,1,2501,135.0,0,0.0,36.51,PBKS,7.73
5730,Pranav Malik,33,England,Batter,147,5,13350,133.5,13,8.73,22.12,KKR,13.51
5731,Vikas Mehta,31,India,Bowler,139,6,922,97.3,756,4.36,35.99,CSK,16.76
5732,Rohan Yadav,34,India,Wicketkeeper,330,12,7744,144.6,0,0.0,30.96,KKR,16.56
5733,Amit Shetty,34,Australia,Batter,18,1,9420,149.6,4,7.34,49.29,GT,11.32
5734,Ankit Sharma,39,Australia,Wicketkeeper,305,13,11011,134.9,0,0.0,29.34,MI,14.16
5735,Rohan Reddy,25,India,Batter,92,6,6688,96.0,8,6.41,23.75,DC,9.13
5736,Irfan Malik,42,West Indies,Allrounder,463,21,4682,128.1,480,6.02,22.24,DC,17.43
5737,Amit Patel,41,India,Bowler,155,10,575,105.9,298,4.52,42.12,GT,12.93
5738,Manoj Singh,23,West Indies,Batter,15,1,9651,128.0,0,8.16,28.77,MI,9.03
5739,Harshit Singh,37,Sri Lanka,Wicketkeeper,81,4,4465,117.3,0,0.0,23.38,CSK,7.33
5740,Manoj Malik,41,Sri Lanka,Bowler,466,19,3286,148.9,101,4.86,54.29,LSG,12.49
5741,Sameer Reddy,26,India,Batter,191,7,13442,150.0,9,8.27,42.5,RCB,16.5
5742,Ankit Reddy,24,West Indies,Wicketkeeper,171,6,10676,97.0,0,0.0,54.89,GT,12.72
5743,Sameer Sharma,23,West Indies,Bowler,30,1,329,136.0,110,4.38,28.85,SRH,4.1
5744,Vikas Verma,25,South Africa,Allrounder,108,4,3919,133.8,85,6.37,35.28,LSG,6.99
5745,Aditya Deshmukh,26,India,Bowler,149,5,3832,115.1,528,4.95,31.95,LSG,14.5
5746,Rahul Malik,27,England,Bowler,164,6,1508,142.9,443,7.65,36.05,SRH,10.14
5747,Sandeep Kulkarni,18,India,Batter,28,1,14778,143.7,11,6.7,25.5,PBKS,14.89
5748,Ankit Reddy,27,India,Bowler,223,8,1839,117.0,784,4.8,50.81,SRH,18.32
5749,Manoj Kulkarni,22,India,Bowler,84,3,101,102.3,659,4.5,37.29,MI,13.18
5750,Ankit Sharma,34,India,Allrounder,123,6,7314,129.1,260,5.97,35.81,GT,13.17
5751,Amit Iyer,39,South Africa,Wicketkeeper,151,10,9703,121.1,0,0.0,23.92,KKR,10.02
5752,Amit Shetty,27,India,Wicketkeeper,35,2,5341,103.5,0,0.0,48.74,RR,11.18
5753,Ankit Khan,29,India,Allrounder,57,3,3585,109.1,420,8.1,23.97,KKR,9.21
5754,Sandeep Iyer,20,India,Wicketkeeper,59,2,11937,98.2,0,0.0,41.29,GT,12.13
5755,Karthik Singh,29,India,Batter,87,5,9363,117.4,7,8.5,43.79,SRH,11.52
5756,Ankit Shetty,32,Australia,Batter,291,10,5698,151.1,3,8.5,22.27,GT,12.58
5757,Vikas Shetty,32,South Africa,Bowler,99,4,2582,99.1,185,4.73,50.38,PBKS,7.44
5758,Pranav Kulkarni,18,South Africa,Wicketkeeper,18,1,4738,142.6,0,0.0,40.11,DC,7.35
5759,Manoj Verma,19,Sri Lanka,Allrounder,27,1,3627,111.4,277,5.29,30.42,RR,9.52
5760,Sandeep Singh,35,West Indies,Wicketkeeper,246,12,8283,128.6,0,0.0,29.03,CSK,12.7
5761,Vikas Shetty,19,India,Allrounder,26,1,5338,138.8,491,5.26,30.47,PBKS,13.33
5762,Rahul Sharma,18,West Indies,Wicketkeeper,26,1,7987,122.1,0,0.0,24.47,RCB,7.19
5763,Vikas Chopra,42,England,Allrounder,103,4,4232,128.9,112,7.81,51.56,RCB,6.96
5764,Sameer Kulkarni,18,South Africa,Bowler,25,1,3411,151.5,657,5.88,51.22,GT,11.99
5765,Irfan Malik,21,West Indies,Batter,47,3,8716,151.0,5,8.02,31.31,PBKS,10.34
5766,Irfan Malik,34,India,Batter,106,7,10095,97.7,15,7.28,40.62,DC,13.22
5767,Harshit Sharma,25,West Indies,Bowler,24,1,76,141.4,187,6.74,25.24,KKR,5.55
5768,Karthik Shetty,41,India,Wicketkeeper,388,14,3567,121.6,0,0.0,26.19,RR,12.68
5769,Ankit Sharma,36,India,Batter,97,4,10507,104.5,1,8.32,51.65,LSG,10.95
5770,Rohan Khan,37,England,Wicketkeeper,360,12,7044,108.8,0,0.0,30.2,SRH,14.62
5771,Sameer Verma,18,West Indies,Batter,29,1,10110,122.5,15,8.98,20.84,KKR,9.06
5772,Vikas Patel,24,England,Allrounder,127,5,5557,100.1,257,6.73,54.49,DC,11.69
5773,Nikhil Iyer,37,South Africa,Wicketkeeper,211,11,9200,130.3,0,0.0,28.98,PBKS,11.62
5774,Vikas Iyer,25,India,Wicketkeeper,45,2,3202,128.8,0,0.0,22.69,SRH,8.44
5775,Nikhil Kulkarni,24,England,Batter,142,6,9643,150.5,10,8.8,50.61,CSK,12.12
5776,Rahul Kulkarni,39,Australia,Allrounder,72,4,1672,114.5,497,6.2,21.23,KKR,10.14
5777,Sandeep Mehta,32,Sri Lanka,Bowler,154,7,3320,127.1,791,6.48,36.08,GT,14.85
5778,Amit Khan,35,India,Wicketkeeper,82,3,4192,149.5,0,0.0,25.88,DC,9.78
5779,Sandeep Kulkarni,33,India,Batter,255,13,10008,99.4,7,6.03,27.82,SRH,15.0
5780,Karthik Yadav,32,India,Bowler,83,5,892,125.2,157,4.13,30.99,GT,7.54
5781,Rohan Patel,34,England,Bowler,258,9,2931,140.0,202,4.69,27.16,KKR,9.42
5782,Manoj Patel,31,India,Bowler,253,12,1889,116.0,470,6.61,37.91,MI,14.77
5783,Vikas Verma,23,West Indies,Wicketkeeper,30,1,6251,151.0,0,0.0,21.31,LSG,11.18
5784,Rahul Verma,41,England,Allrounder,286,12,8633,146.3,196,6.75,40.58,DC,13.93
5785,Pranav Patel,32,West Indies,Batter,94,4,8354,118.9,5,6.97,43.81,RR,11.38
5786,Karthik Kulkarni,30,India,Bowler,174,7,3556,97.5,742,7.39,22.5,CSK,15.56
5787,Arjun Yadav,34,India,Bowler,211,9,2240,109.0,763,5.24,29.27,CSK,19.72
5788,Manoj Singh,29,India,Batter,186,8,11675,106.7,1,6.77,24.57,RR,12.1
5789,Arjun Kulkarni,39,India,Batter,168,9,7608,103.7,9,9.27,27.15,PBKS,11.11
5790,Arjun Chopra,30,South Africa,Bowler,196,12,1914,151.0,290,4.94,46.45,RCB,9.32
5791,Sameer Shetty,26,Sri Lanka,Batter,132,7,10109,101.3,6,8.76,49.27,GT,9.06
5792,Aditya Patel,20,India,Bowler,36,2,1849,110.8,216,5.55,40.15,GT,8.38
5793,Arjun Deshmukh,42,Australia,Bowler,118,5,27,141.7,745,7.12,51.15,CSK,13.27
5794,Rohan Mehta,25,India,Bowler,27,1,1172,109.3,581,7.53,34.84,MI,11.05
5795,Aditya Naidu,31,West Indies,Bowler,127,5,2273,147.8,178,4.06,25.41,KKR,8.5
5796,Pranav Iyer,24,Sri Lanka,Wicketkeeper,55,2,11648,146.7,0,0.0,31.53,RCB,16.03
5797,Ankit Singh,21,India,Batter,68,3,14278,97.3,7,7.29,31.44,KKR,13.26
5798,Vikas Reddy,19,India,Batter,28,1,3841,96.5,7,9.11,34.22,LSG,7.18
5799,Rahul Khan,25,West Indies,Allrounder,133,5,4806,117.3,46,5.11,26.04,LSG,8.45
5800,Nikhil Sharma,22,India,Allrounder,86,4,8982,147.7,393,5.88,35.26,LSG,14.99
5801,Amit Singh,39,India,Batter,157,9,9839,130.4,15,6.96,24.97,CSK,13.02
5802,Arjun Chopra,35,Sri Lanka,Bowler,84,3,2595,127.8,306,4.99,28.31,KKR,8.23
5803,Sameer Kulkarni,37,India,Allrounder,299,18,7865,124.5,324,7.38,47.02,PBKS,18.89
5804,Pranav Chopra,22,Australia,Wicketkeeper,43,2,11874,151.9,0,0.0,24.05,MI,13.46
5805,Vikas Malik,29,West Indies,Allrounder,106,4,2717,114.2,164,6.17,25.29,RR,8.8
5806,Karthik Iyer,42,West Indies,Batter,143,6,4624,140.6,2,8.84,36.95,SRH,6.23
5807,Vikas Sharma,28,Sri Lanka,Bowler,175,7,120,98.6,146,6.04,39.44,RR,7.34
5808,Manoj Naidu,39,India,Allrounder,426,19,7265,129.4,79,7.77,29.29,CSK,18.71
5809,Rohan Naidu,22,India,Allrounder,16,1,6102,116.7,143,7.34,39.07,MI,9.39
5810,Rohan Chopra,42,Australia,Bowler,338,14,1350,117.9,492,5.85,45.16,LSG,15.24
5811,Arjun Kulkarni,23,South Africa,Wicketkeeper,52,2,3650,148.0,0,0.0,20.18,GT,9.17
5812,Harshit Shetty,33,Sri Lanka,Bowler,342,15,3968,125.7,497,7.55,44.53,RCB,14.37
5813,Nikhil Khan,18,India,Bowler,22,1,1669,123.0,650,7.25,49.22,DC,11.11
5814,Ankit Shetty,36,Australia,Wicketkeeper,32,2,9264,105.7,0,0.0,25.57,LSG,5.89
5815,Pranav Yadav,36,South Africa,Allrounder,394,18,7033,147.2,166,7.3,51.23,RR,16.4
5816,Manoj Shetty,33,West Indies,Allrounder,249,12,4396,126.5,153,7.25,31.6,MI,10.5
5817,Karthik Deshmukh,28,West Indies,Wicketkeeper,166,8,11721,153.8,0,0.0,31.19,LSG,14.88
5818,Arjun Yadav,22,India,Allrounder,79,3,7079,126.9,451,7.6,41.3,RR,11.84
5819,Rohan Verma,34,India,Wicketkeeper,129,7,8682,118.6,0,0.0,53.77,GT,13.0
5820,Rohan Verma,19,India,Bowler,20,1,1439,151.3,479,6.17,20.27,DC,10.62
5821,Sandeep Patel,33,West Indies,Batter,209,11,13122,138.0,10,8.0,46.08,LSG,16.62
5822,Sameer Reddy,36,India,Batter,389,18,10178,95.3,13,9.17,20.01,MI,13.98
5823,Amit Yadav,24,India,Allrounder,39,2,3252,96.8,291,6.65,54.11,GT,11.79
5824,Manoj Mehta,26,India,Bowler,46,2,2994,123.4,464,4.84,22.14,GT,11.14
5825,Amit Chopra,28,India,Batter,168,6,12725,117.8,14,7.83,21.56,RR,12.72
5826,Nikhil Shetty,18,India,Bowler,22,1,523,118.5,717,5.27,54.65,KKR,13.7
5827,Pranav Naidu,27,Australia,Bowler,20,1,1470,127.7,123,4.79,54.56,DC,6.24
5828,Karthik Singh,20,England,Allrounder,45,2,3968,154.6,306,7.77,53.89,DC,10.38
5829,Arjun Patel,30,Sri Lanka,Bowler,102,4,3064,136.8,852,5.86,23.87,CSK,17.13
5830,Amit Malik,18,England,Wicketkeeper,30,1,5943,121.5,0,0.0,48.32,DC,8.07
5831,Amit Mehta,34,India,Batter,157,10,10071,137.2,12,7.77,46.1,RR,15.0
5832,Pranav Singh,21,India,Batter,44,2,9200,147.5,12,6.89,36.09,KKR,11.11
5833,Rohan Deshmukh,18,South Africa,Allrounder,29,1,7253,146.9,342,5.74,34.62,DC,12.06
5834,Vikas Yadav,20,Sri Lanka,Allrounder,25,1,5253,127.9,210,7.63,33.37,RR,8.65
5835,Harshit Sharma,29,West Indies,Wicketkeeper,99,5,6896,143.6,0,0.0,40.46,RR,10.52
5836,Amit Singh,42,India,Wicketkeeper,157,6,11454,118.4,0,0.0,23.84,KKR,10.86
5837,Nikhil Reddy,23,India,Wicketkeeper,79,3,4389,148.7,0,0.0,21.24,RR,11.44
5838,Arjun Chopra,34,Australia,Allrounder,252,15,3868,116.6,367,8.02,42.38,CSK,11.54
5839,Vikas Verma,18,Sri Lanka,Wicketkeeper,23,1,7966,150.3,0,0.0,25.31,GT,8.67
5840,Rahul Khan,21,India,Wicketkeeper,29,1,3426,129.0,0,0.0,46.76,PBKS,9.19
5841,Sameer Sharma,23,Australia,Bowler,39,2,882,126.5,151,6.88,41.87,PBKS,3.97
5842,Harshit Yadav,39,England,Batter,132,6,10201,145.5,0,8.65,46.66,SRH,11.3
5843,Ankit Reddy,19,West Indies,Bowler,30,1,537,154.8,335,5.35,35.21,RR,5.47
5844,Manoj Singh,19,West Indies,Bowler,21,1,1810,116.8,794,4.09,24.47,LSG,14.74
5845,Harshit Sharma,20,India,Batter,37,2,9536,111.9,15,6.43,21.87,SRH,9.74
5846,Karthik Mehta,32,India,Wicketkeeper,215,8,4607,136.3,0,0.0,22.59,DC,14.97
5847,Irfan Mehta,41,Sri Lanka,Allrounder,102,5,5333,100.6,80,5.71,22.21,RR,6.86
5848,Ankit Singh,36,India,Wicketkeeper,417,14,4665,111.1,0,0.0,40.02,LSG,12.76
5849,Rohan Kulkarni,18,India,Allrounder,23,1,8890,147.5,192,8.38,50.66,CSK,10.95
5850,Manoj Malik,24,Sri Lanka,Bowler,126,5,2340,110.9,365,4.67,22.67,PBKS,10.55
5851,Manoj Naidu,21,West Indies,Wicketkeeper,28,1,10793,141.7,0,0.0,22.44,SRH,10.13
5852,Nikhil Malik,37,West Indies,Wicketkeeper,530,19,10990,128.4,0,0.0,28.68,CSK,18.4
5853,Rohan Patel,31,India,Batter,80,4,12569,154.4,1,6.85,46.49,GT,14.9
5854,Nikhil Sharma,41,Australia,Allrounder,433,20,5321,129.3,182,7.93,50.49,SRH,13.11
5855,Karthik Iyer,23,Australia,Batter,77,4,8629,151.8,4,8.26,29.85,DC,9.0
5856,Rahul Sharma,33,England,Wicketkeeper,199,9,10037,130.7,0,0.0,44.15,PBKS,10.99
5857,Rohan Khan,38,Sri Lanka,Wicketkeeper,130,6,3980,118.6,0,0.0,50.79,CSK,8.28
5858,Sameer Verma,37,India,Batter,150,8,10353,124.6,5,9.43,33.67,RR,13.25
5859,Ankit Reddy,35,India,Bowler,15,1,2293,146.2,747,5.79,42.59,GT,13.51
5860,Karthik Naidu,38,Sri Lanka,Wicketkeeper,271,12,2981,97.7,0,0.0,38.98,CSK,10.7
5861,Irfan Shetty,21,India,Bowler,25,1,1612,141.7,542,4.07,31.49,PBKS,14.07
5862,Harshit Kulkarni,37,India,Allrounder,263,16,7751,142.9,285,6.65,21.63,RR,15.28
5863,Arjun Reddy,42,South Africa,Batter,344,16,14978,118.9,14,6.55,28.05,RCB,15.08
5864,Rahul Reddy,41,India,Wicketkeeper,455,17,5901,115.3,0,0.0,54.94,KKR,15.11
5865,Amit Yadav,35,South Africa,Bowler,68,4,1241,148.0,781,7.14,52.8,RCB,12.77
5866,Rohan Sharma,37,Australia,Wicketkeeper,461,17,8996,115.5,0,0.0,30.4,PBKS,14.48
5867,Karthik Sharma,29,India,Wicketkeeper,125,5,7365,109.0,0,0.0,49.05,DC,11.24
5868,Nikhil Kulkarni,26,Australia,Allrounder,66,4,2580,109.2,95,7.38,33.19,DC,6.6
5869,Sandeep Sharma,38,India,Wicketkeeper,442,15,3749,125.4,0,0.0,38.48,GT,13.6
5870,Sameer Verma,40,India,Bowler,158,6,37,117.8,104,7.38,51.8,GT,6.42
5871,Irfan Sharma,39,India,Bowler,482,19,1316,139.8,106,5.68,52.56,DC,13.42
5872,Arjun Reddy,27,South Africa,Wicketkeeper,166,6,3146,149.5,0,0.0,21.99,PBKS,9.6
5873,Sameer Yadav,19,India,Bowler,25,1,544,123.6,387,4.78,35.1,KKR,9.0
5874,Sameer Singh,18,England,Batter,23,1,14390,151.7,4,8.24,23.93,LSG,14.64
5875,Irfan Patel,32,Sri Lanka,Wicketkeeper,162,7,11849,122.1,0,0.0,26.73,RCB,11.82
5876,Vikas Yadav,41,South Africa,Bowler,183,7,1272,152.9,238,7.4,36.75,DC,5.96
5877,Rohan Shetty,18,Sri Lanka,Allrounder,27,1,4598,142.1,82,5.36,44.4,DC,8.98
5878,Sameer Mehta,31,India,Bowler,286,12,1152,148.2,146,5.35,54.15,DC,10.57
5879,Arjun Verma,18,Sri Lanka,Batter,22,1,13950,128.9,5,7.95,30.41,MI,12.66
5880,Irfan Iyer,38,Australia,Allrounder,372,14,5006,121.4,229,7.05,30.58,KKR,10.43
5881,Manoj Deshmukh,40,India,Allrounder,348,12,8055,110.2,71,5.24,26.92,MI,15.91
5882,Aditya Reddy,25,India,Allrounder,160,7,3632,131.1,194,6.9,41.3,LSG,12.84
5883,Irfan Mehta,39,India,Batter,52,2,11358,120.3,3,7.36,49.2,GT,11.3
5884,Vikas Singh,27,India,Allrounder,81,4,6657,154.3,406,6.67,35.39,SRH,12.29
5885,Harshit Deshmukh,31,Sri Lanka,Wicketkeeper,89,3,10875,134.0,0,0.0,21.76,CSK,13.53
5886,Aditya Naidu,20,India,Allrounder,22,1,7553,146.1,431,7.29,52.99,DC,12.46
5887,Pranav Verma,26,India,Wicketkeeper,25,1,2802,154.8,0,0.0,29.88,PBKS,7.85
5888,Pranav Verma,29,England,Bowler,215,9,3149,122.0,355,6.19,39.73,CSK,8.48
5889,Rahul Iyer,31,South Africa,Allrounder,337,12,1689,146.4,378,5.55,51.83,CSK,14.29
5890,Rahul Mehta,38,Sri Lanka,Batter,265,14,13472,111.8,14,7.57,24.93,DC,14.77
5891,Harshit Sharma,22,India,Bowler,65,3,2191,113.7,359,6.6,51.83,KKR,10.73
5892,Harshit Mehta,30,Australia,Bowler,91,5,2240,133.7,96,6.55,39.58,SRH,4.44
5893,Pranav Sharma,40,India,Allrounder,218,11,2380,150.9,334,5.16,41.98,CSK,12.3
5894,Arjun Naidu,29,India,Wicketkeeper,25,1,5595,154.6,0,0.0,38.81,KKR,11.36
5895,Vikas Shetty,36,India,Batter,20,1,13203,98.4,5,8.49,42.11,SRH,13.87
5896,Sameer Singh,30,England,Batter,90,3,8672,141.7,12,8.68,46.95,DC,9.93
5897,Ankit Reddy,22,Sri Lanka,Wicketkeeper,79,3,6098,108.6,0,0.0,54.14,DC,10.5
5898,Nikhil Mehta,25,India,Bowler,84,5,120,99.5,672,7.78,52.78,SRH,13.43
5899,Arjun Chopra,39,England,Batter,293,12,11961,136.4,14,7.01,31.83,GT,16.79
5900,Pranav Malik,34,England,Batter,151,6,5950,101.1,7,9.39,37.42,PBKS,8.68
5901,Amit Kulkarni,37,West Indies,Bowler,379,15,2303,114.6,522,5.63,42.59,MI,12.24
5902,Manoj Shetty,29,Sri Lanka,Allrounder,239,11,4297,138.0,484,5.46,54.32,CSK,15.15
5903,Pranav Deshmukh,31,Sri Lanka,Allrounder,45,3,8839,146.6,147,7.82,32.59,RR,11.64
5904,Arjun Shetty,23,Sri Lanka,Batter,82,4,11526,126.0,14,7.14,21.6,GT,10.5
5905,Pranav Iyer,28,Sri Lanka,Batter,25,1,13862,103.6,4,9.31,51.61,CSK,12.36
5906,Harshit Khan,19,India,Wicketkeeper,29,1,7210,100.0,0,0.0,48.79,PBKS,9.52
5907,Pranav Reddy,24,West Indies,Batter,107,5,10864,97.3,15,6.53,45.18,SRH,8.19
5908,Amit Iyer,24,Australia,Bowler,109,5,53,137.9,778,5.07,39.43,SRH,16.93
5909,Nikhil Naidu,33,West Indies,Batter,101,4,13225,150.9,0,6.38,35.83,MI,13.43
5910,Amit Shetty,21,South Africa,Bowler,30,1,3726,125.1,264,6.79,41.15,KKR,7.32
5911,Nikhil Shetty,37,India,Wicketkeeper,72,3,3852,113.2,0,0.0,27.01,SRH,7.98
5912,Pranav Reddy,38,Sri Lanka,Wicketkeeper,211,13,2978,127.6,0,0.0,35.41,SRH,11.15
5913,Ankit Iyer,33,England,Bowler,287,12,1501,135.4,218,5.48,44.17,LSG,11.2
5914,Rahul Kulkarni,40,India,Bowler,15,1,308,115.3,834,4.17,34.41,KKR,15.12
5915,Sandeep Patel,30,India,Bowler,48,2,3829,109.2,127,4.37,21.81,DC,6.98
5916,Rahul Shetty,19,South Africa,Allrounder,23,1,3226,139.2,59,8.49,23.06,RR,7.19
5917,Harshit Verma,35,West Indies,Batter,364,13,6852,138.2,3,6.07,35.37,RCB,11.51
5918,Vikas Iyer,30,South Africa,Bowler,227,8,3028,150.4,338,6.99,40.98,SRH,11.48
5919,Amit Reddy,26,South Africa,Batter,127,8,10046,141.9,14,6.65,53.45,CSK,12.73
5920,Sameer Naidu,38,West Indies,Wicketkeeper,233,8,5195,129.8,0,0.0,43.87,GT,12.42
5921,Arjun Patel,20,India,Batter,44,2,5636,117.9,0,7.18,45.71,CSK,9.69
5922,Nikhil Shetty,34,India,Wicketkeeper,161,9,4056,150.7,0,0.0,42.01,GT,12.78
5923,Harshit Reddy,32,Sri Lanka,Allrounder,28,1,7563,105.3,209,7.76,27.42,SRH,8.86
5924,Harshit Singh,35,India,Wicketkeeper,237,12,6185,126.9,0,0.0,26.18,LSG,10.55
5925,Irfan Deshmukh,30,Australia,Wicketkeeper,290,11,3861,133.1,0,0.0,30.21,DC,10.08
5926,Arjun Verma,18,South Africa,Wicketkeeper,25,1,5158,142.5,0,0.0,48.28,GT,9.44
5927,Rohan Singh,24,India,Batter,23,1,6473,105.8,0,7.62,42.64,KKR,9.45
5928,Harshit Naidu,26,India,Batter,46,3,5521,132.4,12,9.47,21.25,CSK,10.6
5929,Ankit Verma,42,England,Allrounder,276,15,8155,114.2,402,5.06,26.85,LSG,15.41
5930,Harshit Verma,42,South Africa,Wicketkeeper,407,20,11167,143.8,0,0.0,49.57,MI,16.68
5931,Rahul Naidu,22,India,Batter,48,3,6153,114.5,11,6.91,28.27,RCB,8.15
5932,Karthik Shetty,34,South Africa,Batter,118,6,14225,125.2,7,9.18,42.96,RCB,14.78
5933,Arjun Khan,18,West Indies,Allrounder,28,1,8713,132.9,395,6.45,33.5,CSK,8.61
5934,Harshit Singh,20,India,Bowler,24,1,1247,133.1,798,5.29,40.69,GT,16.99
5935,Ankit Kulkarni,25,Sri Lanka,Wicketkeeper,19,1,4019,112.6,0,0.0,25.23,LSG,6.79
5936,Rahul Deshmukh,21,West Indies,Wicketkeeper,18,1,2512,117.1,0,0.0,34.53,RR,7.25
5937,Irfan Kulkarni,36,South Africa,Batter,474,17,6817,149.9,11,8.2,21.27,LSG,13.03
5938,Sandeep Khan,22,Sri Lanka,Allrounder,21,1,8283,106.6,374,5.85,37.58,RR,12.42
5939,Amit Naidu,32,South Africa,Batter,47,2,9724,138.7,13,7.5,28.48,CSK,13.47
5940,Rahul Verma,26,India,Allrounder,149,7,8666,148.0,350,7.08,51.87,LSG,14.0
5941,Vikas Kulkarni,27,Australia,Allrounder,128,7,4308,141.4,128,8.36,51.71,LSG,11.25
5942,Sameer Reddy,28,Sri Lanka,Wicketkeeper,211,8,10403,109.1,0,0.0,26.92,GT,12.6
5943,Rahul Reddy,42,India,Allrounder,148,8,7440,137.4,122,5.02,52.81,RR,11.43
5944,Pranav Naidu,39,India,Bowler,450,21,2770,133.2,821,4.71,46.13,CSK,20.0
5945,Pranav Naidu,18,England,Batter,18,1,13174,133.8,12,9.25,53.96,MI,14.08
5946,Sandeep Yadav,41,Australia,Bowler,579,22,3730,116.0,583,5.31,39.01,CSK,18.14
5947,Rahul Deshmukh,22,England,Wicketkeeper,85,3,8145,118.0,0,0.0,20.05,MI,10.57
5948,Vikas Shetty,39,Australia,Bowler,361,21,1611,140.1,208,6.78,46.14,GT,9.46
5949,Manoj Iyer,42,West Indies,Batter,374,22,8257,126.3,13,7.21,32.6,GT,12.91
5950,Amit Khan,30,West Indies,Bowler,16,1,1439,128.7,165,4.06,24.33,PBKS,6.91
5951,Rohan Khan,38,Australia,Bowler,359,17,1668,140.3,335,4.3,20.33,KKR,13.62
5952,Aditya Khan,28,Sri Lanka,Batter,161,7,13085,125.9,7,9.36,54.41,GT,14.61
5953,Rohan Khan,27,India,Bowler,210,8,1738,130.0,554,4.22,32.23,SRH,16.64
5954,Harshit Chopra,30,Australia,Batter,60,3,3337,116.7,13,8.95,29.12,LSG,7.05
5955,Sandeep Mehta,27,India,Allrounder,170,8,5827,117.5,160,8.0,20.59,KKR,12.67
5956,Amit Mehta,41,England,Wicketkeeper,176,10,9391,118.4,0,0.0,42.91,RCB,12.07
5957,Arjun Verma,39,Australia,Batter,157,6,5529,120.9,12,6.89,21.99,DC,9.15
5958,Sameer Yadav,22,India,Wicketkeeper,115,4,5567,130.3,0,0.0,46.47,KKR,10.7
5959,Sandeep Kulkarni,28,Sri Lanka,Batter,235,9,9593,120.2,7,7.45,23.09,GT,15.12
5960,Harshit Patel,26,Sri Lanka,Allrounder,23,1,3640,104.3,279,5.71,36.86,PBKS,7.82
5961,Irfan Shetty,31,Australia,Bowler,141,6,3460,151.9,705,6.01,22.56,RCB,16.87
5962,Harshit Patel,30,India,Allrounder,152,9,5404,126.6,229,7.1,38.07,RR,12.92
5963,Vikas Singh,20,West Indies,Batter,39,2,8369,107.3,8,9.06,21.43,RCB,6.32
5964,Aditya Kulkarni,38,India,Batter,385,15,3376,115.7,11,8.35,20.62,DC,13.25
5965,Aditya Chopra,32,Sri Lanka,Allrounder,128,5,4936,113.6,199,5.88,41.59,CSK,10.56
5966,Rahul Yadav,35,India,Allrounder,255,15,2964,119.8,273,5.6,36.89,GT,15.04
5967,Arjun Shetty,31,India,Wicketkeeper,26,1,7188,122.6,0,0.0,54.09,KKR,12.57
5968,Sameer Verma,35,India,Bowler,126,6,3383,152.1,855,4.17,40.37,DC,18.61
5969,Irfan Sharma,35,England,Wicketkeeper,111,4,6568,142.7,0,0.0,35.06,KKR,9.5
5970,Manoj Deshmukh,27,Australia,Wicketkeeper,43,2,4247,122.2,0,0.0,50.78,DC,9.53
5971,Pranav Shetty,26,India,Batter,31,2,13717,109.3,3,9.14,26.97,PBKS,13.2
5972,Nikhil Kulkarni,27,India,Bowler,226,8,2363,149.0,598,5.89,31.28,MI,16.51
5973,Arjun Verma,38,West Indies,Allrounder,234,8,7316,137.5,44,7.28,47.25,SRH,8.95
5974,Karthik Naidu,39,India,Bowler,116,4,1812,119.1,581,6.14,53.85,MI,13.65
5975,Manoj Kulkarni,40,England,Allrounder,72,4,8279,138.7,466,7.14,32.07,GT,11.55
5976,Pranav Naidu,37,Australia,Batter,30,1,12337,110.5,8,8.34,28.58,SRH,12.58
5977,Amit Shetty,18,India,Bowler,20,1,2319,126.3,730,6.72,43.91,GT,14.11
5978,Irfan Patel,19,South Africa,Allrounder,25,1,6053,130.9,423,5.94,35.54,PBKS,11.12
5979,Aditya Mehta,27,Sri Lanka,Bowler,28,1,1031,112.5,409,6.27,45.04,KKR,9.35
5980,Arjun Naidu,22,West Indies,Allrounder,60,4,2881,110.6,161,7.82,30.52,RCB,6.29
5981,Manoj Iyer,35,India,Allrounder,198,13,6041,136.7,44,7.31,44.64,RR,14.74
5982,Pranav Malik,29,West Indies,Batter,291,10,11379,118.6,0,8.39,33.82,MI,17.16
5983,Amit Singh,18,Sri Lanka,Batter,19,1,11948,104.4,12,6.89,44.24,KKR,11.28
5984,Harshit Deshmukh,34,India,Bowler,472,16,3095,151.3,275,4.35,48.93,RCB,17.82
5985,Amit Malik,18,India,Batter,28,1,12356,149.4,5,9.0,34.3,GT,13.05
5986,Manoj Kulkarni,23,India,Wicketkeeper,33,2,8501,145.8,0,0.0,25.53,RR,10.48
5987,Irfan Deshmukh,26,West Indies,Allrounder,31,2,5148,142.1,41,5.08,22.62,MI,8.54
5988,Karthik Deshmukh,42,India,Bowler,634,22,1262,135.5,238,7.76,46.37,RCB,15.86
5989,Vikas Singh,39,India,Wicketkeeper,426,18,5244,109.7,0,0.0,43.59,GT,14.2
5990,Arjun Mehta,40,Sri Lanka,Bowler,360,13,2682,145.3,355,4.16,25.94,GT,14.12
5991,Nikhil Patel,37,India,Allrounder,223,11,3464,108.5,224,7.44,22.4,CSK,12.03
5992,Karthik Malik,29,West Indies,Allrounder,191,9,3650,105.2,244,6.69,45.53,RCB,10.04
5993,Sameer Reddy,38,India,Batter,149,7,8262,115.5,15,6.83,39.86,MI,12.87
5994,Aditya Kulkarni,29,South Africa,Batter,65,4,7454,117.7,1,7.0,48.55,RCB,11.24
5995,Rahul Reddy,39,England,Allrounder,380,20,6841,99.9,61,5.63,31.49,LSG,13.65
5996,Rohan Singh,23,West Indies,Batter,65,4,4163,127.6,3,7.49,33.03,SRH,8.97
5997,Arjun Verma,33,West Indies,Bowler,242,11,2195,97.4,836,7.0,35.11,DC,15.11
5998,Amit Malik,33,India,Allrounder,128,5,3006,133.9,322,6.34,53.82,CSK,13.22
5999,Ankit Deshmukh,42,India,Wicketkeeper,507,17,5537,125.6,0,0.0,54.54,GT,15.01
6000,Ankit Naidu,18,India,Batter,30,1,7673,96.9,6,7.06,25.8,CSK,7.18
6001,Karthik Singh,42,India,Allrounder,499,22,4316,114.0,459,6.38,23.4,RCB,17.17
6002,Arjun Sharma,40,Australia,Wicketkeeper,288,12,2717,121.0,0,0.0,31.83,GT,8.5
6003,Aditya Kulkarni,18,India,Allrounder,19,1,7893,112.8,148,5.43,51.03,GT,10.32
6004,Aditya Iyer,30,Australia,Allrounder,75,3,7057,137.8,59,6.06,41.42,SRH,9.78
6005,Rahul Mehta,18,South Africa,Allrounder,29,1,8906,109.3,111,6.5,32.92,CSK,9.83
6006,Amit Mehta,27,Sri Lanka,Wicketkeeper,137,5,5110,130.5,0,0.0,32.28,DC,9.21
6007,Karthik Verma,27,South Africa,Wicketkeeper,197,9,3390,107.9,0,0.0,24.08,LSG,6.66
6008,Ankit Naidu,39,West Indies,Bowler,285,18,3869,121.4,712,7.34,41.88,RCB,17.53
6009,Amit Deshmukh,21,India,Batter,62,3,13501,147.4,14,7.72,39.14,RR,14.41
6010,Irfan Verma,27,India,Batter,51,2,5522,150.5,5,7.68,45.19,RCB,11.11
6011,Harshit Malik,24,Sri Lanka,Allrounder,26,1,5241,105.7,167,5.39,47.55,PBKS,9.46
6012,Sameer Chopra,24,South Africa,Bowler,82,4,3922,127.7,540,7.18,39.41,LSG,11.15
6013,Sandeep Singh,29,South Africa,Allrounder,161,6,4152,121.3,236,7.21,43.81,GT,12.19
6014,Aditya Reddy,35,Australia,Batter,308,12,10814,152.7,5,6.38,46.26,RR,17.15
6015,Irfan Chopra,39,India,Allrounder,252,13,1868,114.0,66,7.21,25.63,LSG,9.63
6016,Ankit Verma,19,Australia,Allrounder,25,1,8450,134.7,167,6.43,42.18,RR,12.61
6017,Nikhil Chopra,25,India,Wicketkeeper,82,3,6850,118.0,0,0.0,41.47,DC,11.22
6018,Rohan Naidu,38,Australia,Allrounder,315,17,7147,96.6,397,7.85,35.77,CSK,14.23
6019,Ankit Kulkarni,27,India,Batter,115,6,10903,127.8,1,8.65,42.8,RR,15.6
6020,Pranav Patel,31,West Indies,Allrounder,176,10,6337,154.5,241,6.81,21.91,MI,12.77
6021,Arjun Kulkarni,38,England,Bowler,101,4,2526,100.5,436,5.87,25.59,LSG,10.24
6022,Sandeep Iyer,28,West Indies,Allrounder,176,10,6949,104.3,137,6.34,53.73,PBKS,15.0
6023,Rohan Patel,25,Sri Lanka,Bowler,149,6,2944,115.2,169,7.6,42.39,PBKS,6.75
6024,Aditya Deshmukh,20,Sri Lanka,Batter,29,1,7825,143.9,6,7.87,41.96,RR,9.59
6025,Arjun Mehta,30,West Indies,Allrounder,25,1,6444,140.8,119,5.0,46.14,CSK,10.18
6026,Vikas Kulkarni,32,Australia,Allrounder,45,2,3571,149.2,349,6.78,51.8,RR,11.98
6027,Harshit Naidu,24,West Indies,Allrounder,158,6,6270,131.5,148,6.83,54.88,RR,9.68
6028,Rahul Reddy,40,West Indies,Wicketkeeper,501,17,10026,112.9,0,0.0,31.36,MI,13.64
6029,Arjun Kulkarni,30,West Indies,Allrounder,112,5,3048,148.8,81,5.64,46.06,CSK,9.19
6030,Sandeep Deshmukh,37,Sri Lanka,Allrounder,354,14,7529,153.9,58,5.37,45.58,MI,12.65
6031,Vikas Kulkarni,38,India,Allrounder,28,1,1662,97.9,229,7.98,37.67,MI,7.37
6032,Amit Iyer,28,Australia,Allrounder,238,8,4252,127.6,358,7.45,43.33,GT,13.53
6033,Manoj Mehta,29,England,Wicketkeeper,159,9,5294,144.1,0,0.0,33.1,DC,9.85
6034,Vikas Sharma,31,West Indies,Batter,196,9,10389,104.8,6,8.97,29.48,LSG,10.48
6035,Ankit Mehta,21,India,Bowler,55,3,3017,116.9,321,4.16,33.3,SRH,10.52
6036,Ankit Mehta,42,India,Allrounder,450,24,8142,134.2,229,7.82,35.29,RCB,18.84
6037,Aditya Iyer,40,England,Batter,418,17,11191,98.2,2,8.28,26.31,SRH,12.89
6038,Harshit Deshmukh,21,Australia,Bowler,54,2,850,133.5,420,6.38,47.09,LSG,9.97
6039,Arjun Malik,21,India,Bowler,34,2,2030,138.4,797,5.53,43.94,RR,16.23
6040,Rahul Naidu,19,India,Bowler,19,1,2149,107.9,841,7.66,39.31,SRH,15.26
6041,Amit Shetty,20,South Africa,Wicketkeeper,22,1,7361,131.1,0,0.0,54.95,LSG,11.26
6042,Rohan Kulkarni,26,India,Bowler,71,4,2660,126.4,845,4.76,32.12,RR,19.66
6043,Aditya Singh,30,Australia,Bowler,64,4,2909,108.9,493,6.0,21.67,RR,10.12
6044,Amit Shetty,38,England,Wicketkeeper,109,6,4050,129.4,0,0.0,31.75,RCB,8.39
6045,Pranav Kulkarni,29,England,Allrounder,57,2,8647,114.4,88,5.64,21.72,KKR,9.05
6046,Pranav Reddy,33,England,Bowler,47,3,1078,129.9,827,7.61,48.52,GT,13.44
6047,Arjun Singh,41,South Africa,Allrounder,356,22,6689,149.2,492,6.48,36.92,RCB,19.3
6048,Ankit Verma,42,India,Bowler,96,5,1050,124.5,116,6.18,45.66,LSG,5.54
6049,Amit Shetty,28,India,Bowler,104,6,924,111.3,707,6.15,25.09,RR,14.02
6050,Ankit Kulkarni,18,India,Allrounder,30,1,4480,124.4,472,7.12,23.36,GT,12.78
6051,Rohan Sharma,38,Sri Lanka,Bowler,94,6,3080,125.9,463,5.5,48.94,GT,12.04
6052,Vikas Singh,31,England,Bowler,237,9,982,115.9,601,4.29,48.79,DC,14.6
6053,Arjun Shetty,29,West Indies,Batter,216,10,6438,112.4,14,8.27,49.59,RCB,12.64
6054,Nikhil Chopra,27,India,Wicketkeeper,223,9,8391,124.6,0,0.0,37.44,CSK,14.54
6055,Irfan Malik,33,West Indies,Bowler,180,12,1887,151.8,718,7.71,32.55,KKR,16.38
6056,Pranav Reddy,41,Australia,Wicketkeeper,76,5,7480,103.4,0,0.0,31.4,CSK,8.62
6057,Amit Patel,26,England,Allrounder,121,8,4229,96.2,251,5.11,33.84,LSG,11.75
6058,Harshit Singh,39,India,Allrounder,360,13,4758,147.3,205,8.29,37.9,GT,17.79
6059,Irfan Shetty,35,India,Wicketkeeper,246,13,5272,128.9,0,0.0,20.21,RCB,12.89
6060,Rohan Yadav,27,India,Batter,70,3,6917,96.5,2,6.75,46.41,CSK,10.33
6061,Irfan Reddy,36,Sri Lanka,Batter,113,4,4650,147.1,7,6.51,42.52,PBKS,10.35
6062,Nikhil Patel,30,Australia,Allrounder,105,4,2704,104.5,466,5.8,41.97,MI,10.68
6063,Rahul Iyer,19,India,Wicketkeeper,20,1,11573,149.1,0,0.0,45.14,RCB,16.47
6064,Rohan Sharma,31,Australia,Batter,249,11,7881,130.2,4,7.22,30.88,RCB,12.85
6065,Sandeep Verma,22,India,Bowler,54,3,947,139.9,787,7.8,41.5,KKR,13.94
6066,Amit Patel,22,India,Batter,29,1,11624,132.1,5,7.48,31.96,KKR,11.81
6067,Pranav Yadav,35,India,Allrounder,172,6,6300,118.7,468,5.1,52.57,DC,16.62
6068,Aditya Khan,33,England,Batter,208,10,5650,100.0,10,8.19,50.97,KKR,11.44
6069,Manoj Iyer,30,Australia,Wicketkeeper,58,2,11010,111.1,0,0.0,28.53,PBKS,10.11
6070,Harshit Reddy,26,India,Wicketkeeper,203,7,11304,112.8,0,0.0,40.2,SRH,15.59
6071,Karthik Mehta,42,India,Wicketkeeper,492,20,3632,127.7,0,0.0,37.2,DC,13.08
6072,Amit Kulkarni,26,India,Bowler,16,1,1606,114.0,331,6.73,47.37,LSG,9.12
6073,Sandeep Naidu,25,India,Batter,106,4,8478,142.0,13,6.61,43.23,KKR,13.79
6074,Manoj Patel,33,India,Bowler,319,14,766,123.9,681,6.6,43.35,LSG,19.58
6075,Harshit Mehta,22,Sri Lanka,Allrounder,90,3,5190,146.1,482,5.28,21.94,GT,11.24
6076,Aditya Verma,32,West Indies,Bowler,69,4,262,129.6,366,4.57,45.88,KKR,8.2
6077,Sandeep Iyer,31,West Indies,Bowler,59,3,806,150.2,614,4.29,54.08,RCB,11.85
6078,Arjun Khan,41,India,Bowler,55,3,890,123.9,425,6.3,45.95,DC,8.59
6079,Sandeep Naidu,37,Australia,Wicketkeeper,16,1,4071,114.7,0,0.0,37.26,CSK,8.12
6080,Sandeep Verma,26,India,Batter,98,5,12670,152.3,4,9.21,52.45,DC,18.45
6081,Karthik Kulkarni,26,West Indies,Wicketkeeper,175,6,11794,110.7,0,0.0,28.14,CSK,13.13
6082,Sameer Malik,25,India,Bowler,110,5,1699,121.5,240,5.13,31.0,DC,11.36
6083,Vikas Kulkarni,40,Australia,Bowler,357,20,1443,132.2,281,5.42,46.69,LSG,12.9
6084,Vikas Deshmukh,28,Sri Lanka,Bowler,265,9,2637,143.9,676,6.8,21.13,GT,15.14
6085,Aditya Khan,29,India,Batter,237,10,6969,142.4,1,6.17,38.66,PBKS,13.89
6086,Arjun Naidu,36,England,Allrounder,150,9,5667,98.2,398,7.02,28.94,DC,11.1
6087,Sandeep Yadav,23,India,Wicketkeeper,45,3,2593,133.3,0,0.0,50.07,RCB,7.28
6088,Irfan Khan,33,West Indies,Wicketkeeper,28,1,7472,150.0,0,0.0,37.51,MI,10.31
6089,Pranav Naidu,34,Sri Lanka,Wicketkeeper,239,10,5255,127.7,0,0.0,49.16,SRH,11.6
6090,Rohan Chopra,41,England,Batter,494,20,8948,126.0,1,7.88,51.68,KKR,17.93
6091,Pranav Malik,35,Sri Lanka,Bowler,364,13,2,149.5,844,7.0,27.64,RCB,18.17
6092,Pranav Kulkarni,23,Australia,Bowler,85,3,423,145.5,895,5.99,23.89,DC,15.1
6093,Sameer Shetty,21,England,Batter,71,3,5915,106.0,9,8.78,48.28,DC,7.25
6094,Pranav Reddy,20,South Africa,Wicketkeeper,15,1,11832,131.7,0,0.0,26.76,LSG,10.99
6095,Nikhil Reddy,26,Sri Lanka,Allrounder,16,1,3534,135.9,142,6.66,42.18,SRH,9.22
6096,Irfan Verma,31,India,Bowler,94,5,96,149.0,520,5.62,38.17,DC,11.56
6097,Sandeep Reddy,28,Australia,Bowler,103,5,1222,98.7,140,5.92,52.27,MI,7.1
6098,Karthik Patel,40,India,Bowler,466,22,778,126.7,893,4.67,48.12,DC,20.0
6099,Ankit Kulkarni,21,West Indies,Batter,22,1,13658,126.6,0,6.75,28.42,RR,11.28
6100,Aditya Patel,37,India,Bowler,273,12,669,128.9,835,6.89,49.96,RCB,17.66
6101,Nikhil Naidu,42,Sri Lanka,Allrounder,335,13,5297,133.9,71,8.13,45.39,SRH,12.25
6102,Rohan Verma,31,West Indies,Wicketkeeper,172,8,6313,128.0,0,0.0,33.46,RCB,9.44
6103,Karthik Chopra,19,India,Batter,17,1,3600,149.5,3,8.27,34.58,MI,8.9
6104,Arjun Shetty,22,England,Allrounder,70,3,6464,118.3,367,6.1,35.24,CSK,10.01
6105,Rahul Deshmukh,27,Sri Lanka,Batter,64,3,14738,124.9,0,6.26,37.3,GT,15.48
6106,Nikhil Patel,18,India,Allrounder,29,1,2888,116.8,397,7.06,41.46,CSK,13.19
6107,Aditya Malik,24,India,Batter,93,6,7640,152.3,6,9.07,40.43,SRH,11.9
6108,Amit Khan,18,India,Allrounder,19,1,2101,153.2,70,5.15,44.71,SRH,9.83
6109,Pranav Yadav,32,India,Allrounder,26,1,4534,103.8,442,6.18,25.02,MI,10.22
6110,Ankit Deshmukh,18,West Indies,Batter,29,1,12005,97.7,10,6.59,51.58,GT,12.31
6111,Amit Shetty,19,Sri Lanka,Wicketkeeper,26,1,4396,127.4,0,0.0,44.5,RR,6.06
6112,Arjun Yadav,26,India,Allrounder,40,2,4802,142.5,50,7.9,50.89,DC,10.51
6113,Rohan Deshmukh,36,Sri Lanka,Batter,301,12,3847,121.3,4,9.39,53.26,RCB,10.16
6114,Arjun Reddy,20,India,Bowler,60,2,1371,99.2,205,6.75,43.86,MI,7.19
6115,Sandeep Malik,21,India,Wicketkeeper,23,1,5904,136.2,0,0.0,51.71,LSG,9.29
6116,Rohan Patel,42,South Africa,Bowler,206,12,2650,130.1,511,5.42,20.43,CSK,13.79
6117,Aditya Malik,28,India,Allrounder,25,1,4348,98.7,150,6.16,38.27,LSG,8.43
6118,Karthik Yadav,21,India,Batter,56,3,5385,107.4,0,8.86,38.46,LSG,9.44
6119,Aditya Sharma,32,Australia,Allrounder,65,3,8165,102.2,410,5.71,37.88,GT,11.47
6120,Sameer Sharma,41,West Indies,Allrounder,145,6,7391,130.2,445,5.28,21.1,GT,12.64
6121,Ankit Shetty,19,India,Bowler,28,1,159,128.0,181,4.41,40.7,KKR,8.04
6122,Harshit Patel,39,India,Bowler,23,1,3164,129.4,140,4.11,49.35,PBKS,6.78
6123,Irfan Deshmukh,18,Sri Lanka,Bowler,18,1,3241,102.9,681,6.74,40.74,PBKS,11.52
6124,Irfan Khan,22,India,Wicketkeeper,40,2,6708,135.3,0,0.0,21.3,SRH,11.74
6125,Rohan Kulkarni,37,Australia,Allrounder,117,5,8224,149.4,62,7.99,49.77,KKR,9.74
6126,Rohan Kulkarni,22,Sri Lanka,Wicketkeeper,75,4,11225,144.5,0,0.0,46.07,RCB,14.39
6127,Irfan Reddy,40,West Indies,Wicketkeeper,226,14,3860,133.0,0,0.0,43.75,SRH,12.63
6128,Harshit Iyer,19,India,Batter,29,1,5431,134.7,8,8.82,31.47,PBKS,7.95
6129,Karthik Naidu,24,West Indies,Wicketkeeper,22,1,8814,117.6,0,0.0,51.4,LSG,8.44
6130,Amit Naidu,32,West Indies,Batter,208,8,5207,136.9,8,6.06,53.42,CSK,12.02
6131,Rahul Deshmukh,19,India,Allrounder,18,1,4411,154.6,272,7.47,44.06,KKR,10.19
6132,Arjun Iyer,36,South Africa,Batter,139,6,4374,144.6,12,6.12,29.96,KKR,11.36
6133,Rahul Naidu,38,England,Batter,104,6,14128,113.7,4,7.56,29.4,RCB,13.2
6134,Amit Khan,30,South Africa,Wicketkeeper,315,11,9434,120.9,0,0.0,33.26,GT,13.11
6135,Irfan Sharma,42,Australia,Batter,60,4,14033,143.8,7,8.22,30.4,GT,12.03
6136,Pranav Kulkarni,37,South Africa,Bowler,30,1,886,135.0,855,4.81,43.46,LSG,15.81
6137,Vikas Khan,31,India,Wicketkeeper,26,1,3221,149.1,0,0.0,20.56,KKR,7.72
6138,Pranav Naidu,30,India,Wicketkeeper,206,7,8076,146.2,0,0.0,38.24,RR,14.35
6139,Pranav Sharma,29,India,Batter,16,1,11984,100.5,6,8.17,35.14,DC,13.21
6140,Ankit Sharma,19,West Indies,Bowler,16,1,1439,110.3,459,4.86,37.64,PBKS,8.86
6141,Harshit Patel,31,Australia,Allrounder,83,5,8415,139.6,104,7.84,40.68,PBKS,10.54
6142,Rahul Reddy,26,England,Wicketkeeper,60,4,5450,127.4,0,0.0,34.96,CSK,8.82
6143,Karthik Reddy,37,India,Batter,543,19,4795,128.6,9,9.4,28.89,MI,16.27
6144,Manoj Naidu,37,Australia,Bowler,277,18,970,131.7,217,4.87,38.3,GT,11.98
6145,Rohan Mehta,20,India,Wicketkeeper,54,2,10335,95.5,0,0.0,49.05,MI,11.44
6146,Ankit Sharma,31,Australia,Allrounder,144,8,8264,134.7,292,7.46,22.41,CSK,12.39
6147,Ankit Malik,28,England,Batter,101,4,13892,151.1,4,7.27,50.19,LSG,15.45
6148,Amit Deshmukh,23,India,Allrounder,146,5,4724,104.4,58,6.0,35.72,GT,8.63
6149,Vikas Reddy,24,Australia,Batter,146,5,10034,135.9,14,7.25,53.83,LSG,13.81
6150,Ankit Malik,29,England,Wicketkeeper,114,7,7668,116.8,0,0.0,22.18,KKR,12.31
6151,Rohan Yadav,25,India,Wicketkeeper,76,3,2517,148.9,0,0.0,21.33,PBKS,7.73
6152,Amit Naidu,34,India,Bowler,108,4,3385,134.9,812,7.62,52.96,GT,14.67
6153,Arjun Patel,18,India,Wicketkeeper,15,1,6580,107.0,0,0.0,21.42,CSK,7.17
6154,Arjun Iyer,38,Australia,Batter,87,5,9635,122.0,0,7.71,31.6,KKR,11.47
6155,Ankit Naidu,37,West Indies,Wicketkeeper,26,1,4364,152.5,0,0.0,48.79,GT,9.2
6156,Nikhil Sharma,30,South Africa,Batter,138,7,8118,104.8,8,8.32,45.7,LSG,10.73
6157,Vikas Shetty,37,Australia,Allrounder,53,2,7000,120.5,401,7.54,52.37,PBKS,10.09
6158,Manoj Kulkarni,30,India,Batter,356,12,5767,111.0,14,6.58,22.21,RCB,12.96
6159,Manoj Patel,40,England,Bowler,293,15,3197,132.3,743,7.02,31.02,CSK,14.4
6160,Amit Deshmukh,19,West Indies,Wicketkeeper,24,1,9254,104.8,0,0.0,21.41,RCB,8.5
6161,Sameer Patel,29,England,Bowler,139,6,2215,122.2,599,4.63,28.65,GT,14.67
6162,Irfan Yadav,30,Sri Lanka,Bowler,110,5,1442,147.5,274,4.98,38.03,PBKS,7.73
6163,Sandeep Yadav,37,Australia,Batter,80,3,10223,97.1,13,8.55,32.78,GT,7.9
6164,Rohan Yadav,20,Sri Lanka,Allrounder,58,2,3399,106.2,233,6.68,24.21,KKR,9.76
6165,Nikhil Malik,42,West Indies,Batter,483,21,10182,151.4,10,9.05,22.76,CSK,16.51
6166,Nikhil Verma,25,South Africa,Wicketkeeper,201,7,6040,115.9,0,0.0,53.54,LSG,12.65
6167,Pranav Verma,21,India,Bowler,45,3,649,133.6,372,4.32,54.03,RCB,10.72
6168,Arjun Khan,36,India,Wicketkeeper,115,6,7339,153.7,0,0.0,36.49,DC,12.51
6169,Ankit Patel,30,India,Batter,289,12,11059,107.1,12,6.57,51.14,RCB,17.17
6170,Amit Patel,41,South Africa,Wicketkeeper,28,1,7699,149.7,0,0.0,41.28,CSK,8.74
6171,Aditya Verma,34,England,Bowler,441,15,1726,139.4,449,6.91,43.16,RCB,14.81
6172,Arjun Malik,35,Australia,Bowler,80,5,2572,136.1,754,7.14,38.69,DC,12.89
6173,Amit Deshmukh,27,West Indies,Allrounder,126,5,3086,139.6,309,5.83,36.57,KKR,9.6
6174,Manoj Reddy,24,India,Allrounder,156,6,2481,143.1,171,6.03,44.38,PBKS,12.28
6175,Amit Iyer,27,South Africa,Wicketkeeper,219,9,6188,151.2,0,0.0,25.79,PBKS,11.61
6176,Irfan Patel,23,India,Bowler,77,5,1963,109.7,97,6.47,51.63,DC,6.98
6177,Nikhil Sharma,32,West Indies,Batter,277,10,11460,134.4,13,6.35,47.69,SRH,14.49
6178,Amit Chopra,18,India,Allrounder,23,1,8130,152.2,203,6.24,49.78,KKR,14.07
6179,Nikhil Kulkarni,20,England,Bowler,23,1,3086,95.5,169,5.12,30.38,SRH,7.02
6180,Harshit Naidu,34,West Indies,Bowler,118,7,1246,148.4,746,5.07,53.85,GT,16.19
6181,Sandeep Khan,33,India,Allrounder,312,13,8076,123.3,197,5.25,39.19,DC,15.65
6182,Amit Malik,25,England,Bowler,82,5,2663,117.6,808,4.35,31.1,KKR,13.41
6183,Karthik Naidu,19,England,Wicketkeeper,15,1,3066,127.2,0,0.0,43.14,DC,9.02
6184,Aditya Singh,42,South Africa,Bowler,180,11,2671,103.2,305,6.67,48.45,LSG,9.3
6185,Vikas Reddy,30,Australia,Bowler,143,8,3981,148.3,339,6.58,35.73,MI,9.22
6186,Ankit Shetty,33,South Africa,Batter,103,5,5454,146.9,10,9.13,35.34,MI,10.18
6187,Pranav Verma,31,India,Batter,194,7,7332,151.0,7,7.33,45.03,GT,15.61
6188,Rahul Naidu,31,India,Allrounder,132,5,7080,142.8,225,8.25,41.33,GT,12.82
6189,Vikas Sharma,41,India,Wicketkeeper,306,16,8906,102.0,0,0.0,30.2,RR,15.75
6190,Pranav Verma,18,South Africa,Wicketkeeper,24,1,2920,153.1,0,0.0,31.18,MI,8.33
6191,Irfan Deshmukh,41,India,Batter,40,2,9755,137.5,6,6.33,45.69,PBKS,11.17
6192,Irfan Iyer,39,West Indies,Wicketkeeper,228,11,11623,112.1,0,0.0,30.42,LSG,12.59
6193,Manoj Singh,33,India,Wicketkeeper,137,8,6176,123.1,0,0.0,20.76,SRH,12.05
6194,Rohan Singh,27,India,Batter,177,8,7465,114.0,0,8.76,49.88,MI,9.78
6195,Manoj Malik,42,South Africa,Bowler,118,5,740,134.7,663,7.05,31.37,DC,11.85
6196,Karthik Singh,25,India,Wicketkeeper,148,6,8559,126.0,0,0.0,35.57,RR,11.24
6197,Pranav Malik,42,India,Allrounder,194,9,7882,145.9,196,6.19,36.92,SRH,13.36
6198,Nikhil Naidu,36,England,Bowler,423,17,970,101.3,488,7.16,24.94,DC,14.14
6199,Sandeep Kulkarni,39,Australia,Bowler,262,10,137,130.3,419,7.71,37.84,CSK,10.53
6200,Irfan Reddy,26,West Indies,Wicketkeeper,100,5,2683,126.4,0,0.0,27.53,DC,6.83
6201,Harshit Deshmukh,20,India,Wicketkeeper,56,2,9811,138.1,0,0.0,22.97,PBKS,10.48
6202,Arjun Chopra,19,India,Bowler,29,1,257,129.2,441,6.18,52.0,DC,12.96
6203,Rohan Kulkarni,42,India,Bowler,357,23,538,103.2,676,6.0,40.05,SRH,20.0
6204,Arjun Singh,37,Australia,Bowler,448,15,3470,107.2,260,4.35,21.09,SRH,11.95
6205,Nikhil Khan,26,West Indies,Bowler,15,1,1235,100.1,795,5.95,36.43,SRH,15.15
6206,Aditya Deshmukh,31,West Indies,Wicketkeeper,146,9,11335,151.0,0,0.0,45.19,PBKS,14.25
6207,Vikas Khan,40,India,Wicketkeeper,349,15,5212,99.6,0,0.0,27.85,SRH,12.55
6208,Rahul Patel,27,Sri Lanka,Wicketkeeper,190,8,9972,135.4,0,0.0,51.31,DC,14.07
6209,Ankit Khan,24,India,Batter,113,4,9613,143.7,5,6.12,39.66,RR,13.05
6210,Manoj Khan,20,India,Bowler,37,2,3039,152.5,620,6.08,46.17,LSG,14.2
6211,Rahul Verma,41,India,Bowler,471,16,308,116.2,662,7.23,39.4,CSK,18.3
6212,Manoj Reddy,40,South Africa,Wicketkeeper,70,4,7590,131.9,0,0.0,31.26,MI,8.92
6213,Nikhil Deshmukh,41,West Indies,Wicketkeeper,625,22,9571,129.2,0,0.0,28.28,GT,16.41
6214,Sandeep Khan,33,West Indies,Wicketkeeper,260,15,5451,103.6,0,0.0,33.09,MI,9.96
6215,Sandeep Verma,27,South Africa,Bowler,203,8,3994,150.0,645,6.81,36.02,LSG,12.37
6216,Pranav Naidu,31,South Africa,Batter,227,8,10260,101.2,2,8.25,51.66,MI,13.32
6217,Karthik Mehta,38,England,Allrounder,251,9,5897,141.8,229,6.99,47.81,RCB,11.42
6218,Ankit Iyer,40,West Indies,Bowler,97,6,106,126.8,883,4.97,53.62,PBKS,15.48
6219,Harshit Patel,37,Sri Lanka,Allrounder,135,7,3557,136.0,214,5.31,53.68,KKR,12.75
6220,Karthik Malik,26,India,Allrounder,67,3,8674,146.7,201,6.05,52.68,MI,14.96
6221,Rahul Chopra,34,England,Bowler,100,6,1821,108.9,174,6.84,31.69,MI,6.59
6222,Irfan Sharma,37,Sri Lanka,Wicketkeeper,30,1,9503,97.1,0,0.0,49.1,RR,9.39
6223,Irfan Malik,39,India,Bowler,349,20,3249,133.0,480,7.23,32.34,MI,17.91
6224,Arjun Yadav,27,South Africa,Bowler,127,6,660,140.2,437,4.29,45.43,KKR,12.45
6225,Ankit Yadav,28,India,Bowler,17,1,135,138.8,182,7.47,49.0,KKR,6.51
6226,Aditya Reddy,23,England,Allrounder,83,3,2065,132.8,189,7.61,34.94,LSG,6.59
6227,Karthik Sharma,36,India,Wicketkeeper,359,12,10365,149.1,0,0.0,42.78,KKR,18.09
6228,Arjun Kulkarni,18,England,Wicketkeeper,21,1,5557,118.9,0,0.0,22.92,RCB,7.81
6229,Harshit Khan,19,England,Allrounder,24,1,4538,127.6,238,6.02,29.65,KKR,7.91
6230,Nikhil Chopra,24,India,Wicketkeeper,87,4,10701,108.3,0,0.0,38.46,GT,13.04
6231,Pranav Malik,31,Australia,Wicketkeeper,106,4,7569,105.2,0,0.0,48.01,SRH,9.73
6232,Amit Kulkarni,36,India,Batter,322,17,9758,129.4,14,7.7,25.16,RR,15.75
6233,Pranav Sharma,42,India,Bowler,140,7,575,119.6,674,5.23,48.29,RR,11.97
6234,Harshit Patel,27,India,Bowler,62,3,1830,108.4,348,6.93,41.57,MI,9.44
6235,Amit Reddy,24,Sri Lanka,Allrounder,159,6,8870,154.3,126,5.85,53.32,PBKS,14.23
6236,Sandeep Malik,19,India,Wicketkeeper,19,1,2803,128.8,0,0.0,44.46,MI,7.34
6237,Aditya Mehta,24,West Indies,Bowler,99,5,2406,138.3,854,7.05,44.49,PBKS,15.07
6238,Ankit Khan,37,England,Batter,49,2,8724,130.8,9,9.35,42.27,CSK,9.28
6239,Manoj Chopra,33,South Africa,Batter,170,7,3564,135.2,7,8.97,45.65,CSK,9.94
6240,Amit Malik,19,Australia,Batter,28,1,11532,117.3,0,6.82,25.16,DC,10.0
6241,Irfan Malik,20,India,Batter,22,1,9820,122.3,0,7.77,54.9,SRH,11.15
6242,Vikas Iyer,29,India,Allrounder,135,8,8954,142.2,216,7.14,31.69,MI,15.6
6243,Nikhil Patel,26,India,Bowler,166,6,1552,131.9,716,7.16,44.39,LSG,16.6
6244,Vikas Reddy,39,India,Batter,45,2,13542,127.9,13,7.03,42.19,SRH,13.59
6245,Amit Khan,28,Australia,Bowler,288,10,2598,149.9,288,6.24,51.44,DC,12.08
6246,Sameer Khan,30,South Africa,Batter,15,1,4759,135.0,2,9.4,54.02,MI,9.16
6247,Amit Mehta,28,Australia,Wicketkeeper,73,4,7405,144.9,0,0.0,29.48,RR,11.3
6248,Pranav Verma,29,Sri Lanka,Bowler,218,11,516,109.3,140,5.62,20.15,PBKS,6.68
6249,Rahul Singh,18,England,Batter,21,1,13333,95.2,0,6.66,45.19,KKR,12.55
6250,Harshit Shetty,29,South Africa,Bowler,107,4,707,113.8,395,5.62,46.66,DC,9.38
6251,Irfan Shetty,39,Sri Lanka,Batter,292,18,7337,153.5,13,8.91,42.47,SRH,14.1
6252,Ankit Patel,26,India,Allrounder,110,6,7377,113.3,184,6.62,27.78,RR,15.16
6253,Harshit Shetty,19,India,Wicketkeeper,17,1,11769,107.8,0,0.0,34.32,SRH,12.07
6254,Nikhil Patel,24,India,Bowler,77,3,2637,95.1,874,7.77,26.9,CSK,14.99
6255,Irfan Shetty,36,Sri Lanka,Wicketkeeper,73,3,2935,106.3,0,0.0,45.1,RR,4.18
6256,Rahul Chopra,37,West Indies,Bowler,276,12,2173,122.4,813,5.34,25.2,DC,19.08
6257,Nikhil Verma,19,India,Bowler,16,1,3247,101.2,607,5.54,38.66,RCB,10.78
6258,Ankit Shetty,39,England,Bowler,502,17,2105,142.4,889,4.37,39.83,GT,20.0
6259,Vikas Naidu,24,India,Batter,132,5,10724,120.1,6,8.53,33.35,CSK,13.04
6260,Amit Singh,42,West Indies,Bowler,71,3,2321,126.4,737,4.37,38.01,GT,15.39
6261,Vikas Deshmukh,40,Sri Lanka,Allrounder,214,10,5763,139.4,274,6.64,49.14,CSK,13.77
6262,Rohan Sharma,35,England,Bowler,89,3,2678,103.6,200,6.85,41.77,PBKS,6.34
6263,Amit Deshmukh,26,West Indies,Allrounder,18,1,3488,136.7,403,5.28,33.36,MI,10.75
6264,Karthik Khan,40,India,Batter,204,13,7524,146.7,11,6.46,41.49,CSK,13.58
6265,Pranav Yadav,27,West Indies,Bowler,59,2,424,96.8,88,5.35,38.81,SRH,5.78
6266,Pranav Singh,41,England,Allrounder,452,19,8742,130.8,167,8.23,54.01,RCB,16.1
6267,Sandeep Singh,40,South Africa,Wicketkeeper,325,19,6949,103.2,0,0.0,39.89,DC,14.01
6268,Pranav Deshmukh,26,West Indies,Bowler,44,2,250,126.5,144,7.03,23.19,PBKS,6.44
6269,Rahul Singh,19,Australia,Bowler,18,1,2032,131.7,521,6.21,45.5,RCB,10.36
6270,Sameer Malik,21,West Indies,Batter,22,1,5581,141.2,8,8.66,43.22,SRH,8.09
6271,Nikhil Reddy,42,India,Batter,555,23,4251,119.3,4,6.76,47.16,DC,16.98
6272,Aditya Mehta,21,West Indies,Wicketkeeper,32,2,3488,152.2,0,0.0,22.76,SRH,7.19
6273,Sandeep Deshmukh,18,India,Batter,15,1,5008,113.8,13,7.87,27.89,KKR,6.22
6274,Ankit Singh,32,Sri Lanka,Wicketkeeper,212,10,5559,125.3,0,0.0,41.21,RR,10.74
6275,Manoj Chopra,25,India,Bowler,112,5,986,141.8,394,4.04,48.7,SRH,12.6
6276,Sandeep Shetty,27,India,Bowler,200,7,1993,105.8,350,7.67,40.81,GT,12.31
6277,Ankit Yadav,39,India,Batter,475,20,14962,115.1,11,7.49,39.8,GT,20.0
6278,Arjun Kulkarni,18,South Africa,Bowler,22,1,1627,96.4,236,6.97,53.93,MI,4.32
6279,Sandeep Patel,28,West Indies,Wicketkeeper,182,8,5531,143.6,0,0.0,46.29,CSK,11.86
6280,Amit Malik,32,India,Batter,119,5,10545,118.3,2,8.66,46.31,DC,13.91
6281,Rahul Chopra,29,England,Allrounder,137,6,2871,148.9,358,6.35,26.2,SRH,11.67
6282,Pranav Singh,31,India,Bowler,87,5,1982,128.1,283,5.11,31.17,RCB,11.37
6283,Rohan Shetty,22,Sri Lanka,Bowler,86,3,2744,124.5,255,5.61,49.97,GT,9.26
6284,Pranav Iyer,36,India,Batter,308,18,13543,116.7,14,7.83,28.67,CSK,17.17
6285,Harshit Patel,23,Australia,Allrounder,69,4,1768,125.9,199,6.43,46.11,KKR,8.03
6286,Arjun Shetty,38,India,Wicketkeeper,192,11,7267,102.3,0,0.0,27.76,MI,10.42
6287,Aditya Singh,29,India,Bowler,132,7,247,116.6,221,5.44,33.71,KKR,10.8
6288,Amit Sharma,26,India,Bowler,36,2,269,114.4,368,7.02,37.57,MI,11.07
6289,Sandeep Patel,31,India,Allrounder,134,5,6760,108.9,284,7.18,45.15,SRH,12.42
6290,Ankit Kulkarni,34,India,Allrounder,19,1,8803,121.8,284,6.91,48.34,PBKS,11.92
6291,Manoj Sharma,33,Sri Lanka,Bowler,27,1,2551,148.0,746,4.93,39.64,SRH,15.3
6292,Aditya Iyer,33,South Africa,Wicketkeeper,261,10,7508,131.6,0,0.0,50.63,DC,13.96
6293,Ankit Sharma,20,South Africa,Bowler,24,1,2531,131.1,717,7.11,46.36,LSG,12.36
6294,Aditya Naidu,30,India,Bowler,147,8,2313,127.8,500,5.65,22.17,RR,12.15
6295,Karthik Patel,34,Australia,Batter,30,1,8147,144.8,1,6.31,22.09,MI,10.22
6296,Sandeep Sharma,39,India,Bowler,216,12,3622,142.7,887,4.64,20.04,MI,18.43
6297,Aditya Verma,33,India,Batter,389,14,9051,130.0,7,6.99,40.84,RCB,15.52
6298,Vikas Shetty,25,India,Bowler,128,6,951,125.4,297,6.95,37.83,GT,9.56
6299,Manoj Reddy,21,Sri Lanka,Batter,39,2,14111,124.9,9,8.54,41.3,PBKS,12.49
6300,Amit Naidu,31,India,Wicketkeeper,284,10,7914,148.9,0,0.0,34.05,MI,14.94
6301,Ankit Naidu,20,Sri Lanka,Batter,19,1,6930,95.2,1,7.35,41.47,GT,5.65
6302,Ankit Kulkarni,24,West Indies,Batter,85,4,3171,125.2,5,6.1,48.15,DC,9.13
6303,Vikas Reddy,30,Australia,Bowler,118,5,3264,111.2,601,6.09,47.52,RCB,14.05
6304,Aditya Mehta,35,Sri Lanka,Wicketkeeper,167,10,7106,111.2,0,0.0,45.66,KKR,8.78
6305,Ankit Malik,32,West Indies,Wicketkeeper,170,11,8348,131.6,0,0.0,25.95,CSK,13.14
6306,Rahul Khan,38,West Indies,Batter,291,15,13356,107.0,9,9.17,54.64,LSG,15.59
6307,Sandeep Deshmukh,26,Australia,Batter,23,1,5785,110.8,8,6.03,27.0,LSG,8.09
6308,Nikhil Malik,27,South Africa,Wicketkeeper,84,4,9508,95.8,0,0.0,45.63,KKR,10.59
6309,Arjun Shetty,19,Sri Lanka,Allrounder,18,1,2479,142.5,315,7.43,28.98,RR,8.37
6310,Rahul Chopra,34,Sri Lanka,Wicketkeeper,90,3,9717,121.7,0,0.0,43.07,RCB,11.02
6311,Irfan Naidu,38,Australia,Allrounder,195,8,4921,136.8,264,6.54,42.19,LSG,13.37
6312,Aditya Iyer,34,India,Allrounder,212,10,6761,141.9,364,5.4,45.22,LSG,14.42
6313,Ankit Reddy,38,England,Batter,114,4,7667,104.3,3,8.3,29.38,LSG,9.45
6314,Pranav Shetty,24,England,Allrounder,87,3,5089,111.8,345,6.38,27.97,DC,11.59
6315,Aditya Naidu,32,India,Batter,286,11,10241,133.3,1,8.82,39.79,PBKS,17.1
6316,Vikas Sharma,27,India,Allrounder,152,6,3104,150.1,93,5.79,26.69,CSK,14.17
6317,Sandeep Naidu,42,England,Batter,179,9,4776,153.0,5,8.78,45.45,RCB,10.1
6318,Manoj Naidu,36,Australia,Allrounder,296,18,4504,134.1,227,8.48,27.61,RCB,13.9
6319,Irfan Malik,28,Sri Lanka,Allrounder,75,3,3865,114.5,364,5.71,20.25,MI,9.99
6320,Ankit Iyer,35,Australia,Wicketkeeper,219,12,6918,135.9,0,0.0,29.4,RR,13.42
6321,Sandeep Chopra,24,India,Allrounder,61,4,3014,116.6,105,7.85,36.8,RCB,8.98
6322,Amit Reddy,19,South Africa,Batter,16,1,10497,109.5,5,9.38,45.24,SRH,9.63
6323,Aditya Sharma,30,Australia,Bowler,155,6,1889,108.3,509,6.87,37.53,MI,13.04
6324,Vikas Naidu,19,England,Wicketkeeper,16,1,3400,116.0,0,0.0,47.02,RCB,6.05
6325,Rahul Deshmukh,36,England,Bowler,169,8,2951,123.6,717,6.37,47.28,PBKS,12.81
6326,Ankit Deshmukh,24,South Africa,Batter,53,2,8691,140.2,1,6.82,50.29,CSK,10.78
6327,Sameer Kulkarni,30,England,Wicketkeeper,288,10,11017,147.7,0,0.0,47.43,MI,16.88
6328,Sandeep Yadav,26,Australia,Allrounder,149,5,8929,153.9,175,6.43,33.29,RR,14.23
6329,Harshit Sharma,20,India,Batter,27,1,11055,104.7,12,8.24,54.32,RCB,12.46
6330,Amit Shetty,41,India,Allrounder,37,2,3027,140.2,89,7.46,22.3,RR,9.69
6331,Ankit Patel,29,South Africa,Wicketkeeper,45,2,5429,140.8,0,0.0,47.12,PBKS,7.9
6332,Ankit Chopra,36,England,Batter,269,14,4320,112.5,8,8.35,37.14,RR,9.77
6333,Sameer Iyer,39,India,Allrounder,168,7,8273,123.3,63,5.39,28.53,RCB,11.89
6334,Harshit Kulkarni,27,Sri Lanka,Batter,89,4,5758,104.8,5,7.22,28.05,CSK,7.74
6335,Nikhil Khan,22,England,Allrounder,118,4,5650,150.2,330,5.27,38.56,PBKS,12.34
6336,Karthik Khan,24,India,Wicketkeeper,159,6,9012,118.8,0,0.0,38.73,SRH,13.96
6337,Harshit Reddy,19,West Indies,Wicketkeeper,29,1,5996,132.7,0,0.0,52.27,LSG,8.48
6338,Rahul Patel,34,India,Batter,50,2,8735,112.7,5,6.63,54.15,KKR,11.95
6339,Vikas Chopra,39,England,Bowler,369,19,605,96.4,295,5.41,25.17,KKR,12.46
6340,Amit Verma,32,West Indies,Allrounder,222,8,1745,154.4,243,5.09,29.76,SRH,10.63
6341,Rohan Verma,38,South Africa,Bowler,190,8,1025,154.8,499,7.51,40.99,GT,11.24
6342,Sameer Khan,19,South Africa,Batter,18,1,9488,99.9,11,6.12,36.86,RCB,8.7
6343,Karthik Mehta,28,India,Bowler,150,5,2338,131.4,560,5.54,35.36,KKR,14.07
6344,Sameer Khan,19,South Africa,Batter,17,1,9316,127.1,1,9.27,44.28,SRH,10.09
6345,Rahul Sharma,27,South Africa,Wicketkeeper,204,8,8508,148.8,0,0.0,25.14,RCB,12.89
6346,Nikhil Deshmukh,26,Australia,Batter,100,5,11016,101.4,14,6.8,24.89,CSK,10.42
6347,Karthik Khan,19,England,Wicketkeeper,15,1,5868,125.8,0,0.0,31.24,CSK,9.14
6348,Vikas Naidu,28,Australia,Bowler,155,7,2734,153.9,354,5.61,25.48,RCB,9.34
6349,Amit Verma,42,England,Wicketkeeper,187,11,3893,127.4,0,0.0,23.46,GT,8.0
6350,Ankit Shetty,36,India,Wicketkeeper,35,2,5549,114.1,0,0.0,38.46,RR,12.46
6351,Nikhil Patel,39,India,Wicketkeeper,320,13,10834,151.8,0,0.0,33.69,MI,15.86
6352,Ankit Mehta,28,Sri Lanka,Bowler,35,2,3262,118.3,675,4.25,25.1,RCB,11.68
6353,Sandeep Shetty,20,India,Allrounder,58,2,8447,132.1,350,5.8,22.36,RCB,13.63
6354,Arjun Verma,22,West Indies,Bowler,73,3,1353,131.6,889,5.77,34.77,MI,12.74
6355,Rahul Naidu,33,England,Wicketkeeper,398,15,10439,96.1,0,0.0,54.49,RR,15.52
6356,Irfan Khan,23,West Indies,Allrounder,58,2,8203,141.7,306,6.28,31.4,DC,14.06
6357,Amit Naidu,25,West Indies,Wicketkeeper,73,4,6348,123.5,0,0.0,33.6,PBKS,7.34
6358,Arjun Yadav,39,Sri Lanka,Batter,280,10,6574,96.3,12,7.2,32.6,KKR,7.92
6359,Irfan Kulkarni,38,India,Allrounder,114,4,4687,136.4,252,8.11,25.09,PBKS,9.07
6360,Pranav Chopra,34,West Indies,Wicketkeeper,200,13,10386,130.5,0,0.0,51.23,CSK,15.66
6361,Ankit Yadav,36,India,Wicketkeeper,192,12,5554,137.0,0,0.0,25.2,CSK,13.47
6362,Amit Mehta,22,South Africa,Allrounder,102,4,8170,113.1,48,8.04,35.89,KKR,8.54
6363,Nikhil Iyer,26,India,Batter,150,8,6639,146.0,14,7.84,52.61,GT,14.51
6364,Pranav Patel,20,Sri Lanka,Bowler,39,2,1841,95.5,260,7.53,52.27,KKR,7.85
6365,Nikhil Iyer,33,South Africa,Bowler,395,14,2881,110.9,595,4.21,38.02,RCB,19.27
6366,Rohan Iyer,37,South Africa,Allrounder,167,9,6503,131.3,166,6.68,36.78,LSG,11.05
6367,Aditya Mehta,41,India,Wicketkeeper,138,8,7568,151.1,0,0.0,28.42,GT,9.78
6368,Harshit Khan,18,India,Bowler,26,1,2505,150.2,594,5.04,22.69,GT,11.65
6369,Sameer Patel,21,India,Wicketkeeper,82,3,10793,131.6,0,0.0,43.86,GT,12.96
6370,Rohan Sharma,42,India,Batter,22,1,9455,136.7,5,7.77,26.05,PBKS,10.53
6371,Harshit Verma,32,India,Allrounder,56,3,5464,103.4,224,7.98,34.03,DC,9.89
6372,Manoj Naidu,37,India,Bowler,258,9,735,127.7,269,4.29,43.44,KKR,13.65
6373,Ankit Yadav,22,England,Allrounder,16,1,7866,139.4,89,8.29,38.94,RCB,10.3
6374,Harshit Malik,30,Sri Lanka,Bowler,214,10,1480,123.7,178,7.54,39.64,RCB,8.1
6375,Irfan Deshmukh,20,South Africa,Allrounder,30,2,5978,119.6,244,7.09,49.35,MI,10.86
6376,Sameer Patel,23,India,Allrounder,82,3,4983,128.3,258,5.65,45.28,KKR,12.45
6377,Irfan Naidu,41,India,Allrounder,27,1,4736,148.0,420,8.16,37.81,DC,11.4
6378,Pranav Patel,27,India,Batter,147,8,5205,118.7,0,8.25,36.39,GT,12.01
6379,Aditya Mehta,32,India,Bowler,79,3,1077,150.8,489,7.44,51.34,MI,11.48
6380,Harshit Reddy,28,South Africa,Batter,164,6,14387,146.0,10,6.48,53.19,KKR,19.52
6381,Sameer Deshmukh,20,England,Wicketkeeper,41,2,3732,116.7,0,0.0,38.15,RR,5.15
6382,Nikhil Naidu,37,India,Wicketkeeper,384,13,5511,141.7,0,0.0,39.67,RR,14.28
6383,Rohan Verma,22,England,Wicketkeeper,51,2,4206,154.6,0,0.0,35.95,PBKS,8.47
6384,Pranav Sharma,27,India,Wicketkeeper,116,4,6627,137.8,0,0.0,47.74,SRH,12.97
6385,Irfan Reddy,22,South Africa,Batter,57,3,4960,146.4,15,7.73,39.12,RCB,10.39
6386,Aditya Khan,32,India,Allrounder,143,8,2688,101.5,90,6.44,33.77,SRH,10.0
6387,Pranav Patel,23,Sri Lanka,Bowler,57,3,3986,150.3,605,6.79,28.81,PBKS,9.81
6388,Rohan Naidu,20,India,Bowler,29,1,1338,104.2,183,5.35,44.18,KKR,8.49
6389,Arjun Yadav,19,England,Allrounder,15,1,5646,133.5,416,8.36,41.6,GT,10.96
6390,Karthik Patel,24,Australia,Bowler,40,2,848,100.3,833,6.1,45.53,CSK,11.59
6391,Ankit Kulkarni,28,India,Bowler,51,2,2903,134.7,381,6.29,51.46,RR,10.58
6392,Rahul Mehta,25,South Africa,Wicketkeeper,22,1,5704,142.0,0,0.0,47.33,MI,7.35
6393,Karthik Kulkarni,42,England,Allrounder,246,12,8588,154.4,148,8.25,40.34,MI,12.21
6394,Ankit Verma,25,Sri Lanka,Bowler,142,6,2230,122.5,665,4.41,47.57,MI,13.49
6395,Manoj Khan,22,India,Batter,48,2,13567,98.4,8,6.1,22.35,GT,13.5
6396,Sandeep Khan,28,Australia,Batter,223,9,10550,125.1,3,8.56,32.91,GT,13.88
6397,Nikhil Kulkarni,39,West Indies,Wicketkeeper,313,18,9499,101.3,0,0.0,45.63,MI,12.69
6398,Rohan Mehta,41,India,Allrounder,103,6,3977,110.9,204,6.12,42.83,PBKS,11.79
6399,Ankit Patel,25,India,Wicketkeeper,156,6,9604,128.5,0,0.0,32.68,KKR,11.84
6400,Karthik Deshmukh,21,South Africa,Wicketkeeper,17,1,9562,133.5,0,0.0,29.49,SRH,10.34
6401,Ankit Verma,21,India,Batter,44,2,14173,108.8,0,8.78,25.56,KKR,12.25
6402,Manoj Naidu,33,India,Bowler,322,13,2870,137.5,345,6.97,26.39,MI,12.93
6403,Nikhil Shetty,33,India,Wicketkeeper,17,1,5352,102.0,0,0.0,49.34,DC,9.55
6404,Irfan Sharma,21,Sri Lanka,Allrounder,34,2,6366,114.6,258,7.72,43.04,RR,10.01
6405,Rohan Patel,32,South Africa,Batter,55,3,13041,125.4,6,6.43,20.66,GT,13.71
6406,Sameer Naidu,20,Sri Lanka,Wicketkeeper,25,1,11645,118.5,0,0.0,22.62,GT,10.14
6407,Karthik Verma,30,India,Allrounder,335,12,8222,120.3,113,6.66,35.55,CSK,15.52
6408,Vikas Khan,38,Sri Lanka,Allrounder,265,12,4172,116.7,449,5.16,46.48,MI,13.7
6409,Irfan Patel,18,India,Wicketkeeper,24,1,6333,117.1,0,0.0,45.03,RR,9.82
6410,Vikas Mehta,35,India,Batter,231,9,10811,120.4,10,7.29,39.74,LSG,15.71
6411,Manoj Malik,27,India,Wicketkeeper,164,6,7321,152.0,0,0.0,23.81,PBKS,12.85
6412,Ankit Khan,20,England,Bowler,42,2,805,131.5,498,4.13,53.22,CSK,8.74
6413,Arjun Singh,39,India,Bowler,46,2,3095,124.0,615,7.76,36.38,DC,12.18
6414,Vikas Iyer,23,South Africa,Batter,45,2,11384,128.3,6,8.26,42.19,PBKS,12.37
6415,Arjun Deshmukh,27,India,Allrounder,115,4,6468,139.8,277,8.06,37.39,DC,11.89
6416,Vikas Chopra,42,West Indies,Wicketkeeper,325,15,11930,122.7,0,0.0,42.39,DC,14.21
6417,Aditya Kulkarni,22,India,Allrounder,45,2,7171,122.5,248,6.59,20.57,SRH,12.8
6418,Sandeep Chopra,24,India,Wicketkeeper,64,4,10060,105.4,0,0.0,37.1,LSG,12.54
6419,Irfan Yadav,21,England,Allrounder,41,2,3099,111.7,350,7.88,38.29,DC,8.41
6420,Manoj Kulkarni,26,West Indies,Batter,168,6,8519,101.3,4,7.21,53.54,PBKS,10.28
6421,Vikas Shetty,37,Sri Lanka,Wicketkeeper,173,9,11028,146.3,0,0.0,22.75,CSK,12.3
6422,Rahul Naidu,28,India,Allrounder,179,6,8322,115.9,433,7.52,54.82,PBKS,17.11
6423,Rahul Verma,37,India,Bowler,217,10,650,109.3,152,5.15,39.88,PBKS,10.21
6424,Aditya Malik,29,South Africa,Allrounder,134,5,8402,106.6,239,7.92,44.83,CSK,10.84
6425,Arjun Singh,22,Australia,Bowler,47,3,1266,150.1,103,4.23,22.84,LSG,6.94
6426,Aditya Kulkarni,42,Sri Lanka,Bowler,185,12,823,124.4,457,7.47,35.68,LSG,9.86
6427,Manoj Khan,26,India,Wicketkeeper,177,8,9734,153.4,0,0.0,54.66,KKR,17.82
6428,Rahul Kulkarni,36,India,Allrounder,341,16,7267,102.6,375,7.28,37.72,CSK,17.95
6429,Amit Naidu,29,India,Allrounder,38,2,8092,125.9,248,6.85,39.93,RCB,11.61
6430,Rohan Patel,21,Sri Lanka,Batter,31,2,11411,137.7,4,6.07,44.93,MI,11.55
6431,Amit Mehta,36,England,Bowler,86,5,3100,129.2,796,4.44,39.89,RCB,12.07
6432,Amit Iyer,24,England,Batter,80,5,4048,100.1,2,8.39,41.93,PBKS,5.37
6433,Sameer Kulkarni,27,India,Allrounder,198,8,6187,125.4,68,5.98,47.07,LSG,11.37
6434,Ankit Iyer,40,Sri Lanka,Allrounder,309,12,3038,102.1,395,7.47,40.69,KKR,12.69
6435,Nikhil Khan,37,England,Allrounder,30,1,7252,104.4,434,8.39,49.85,LSG,10.06
6436,Sameer Chopra,27,Australia,Wicketkeeper,107,6,8761,137.2,0,0.0,47.09,SRH,10.68
6437,Irfan Yadav,25,West Indies,Bowler,58,2,1259,112.3,827,5.07,51.71,GT,14.42
6438,Nikhil Khan,31,India,Batter,127,6,12198,98.8,6,7.26,41.02,CSK,14.66
6439,Rahul Yadav,19,India,Allrounder,28,1,8009,142.8,65,5.44,42.46,CSK,11.66
6440,Pranav Malik,30,India,Allrounder,216,11,4499,142.1,367,8.06,23.92,SRH,11.8
6441,Irfan Verma,41,Sri Lanka,Bowler,532,19,3028,141.5,720,5.45,34.61,MI,19.51
6442,Aditya Kulkarni,24,India,Allrounder,60,2,7710,139.1,400,8.4,20.54,KKR,10.78
6443,Irfan Patel,32,India,Bowler,32,2,3280,101.0,472,7.34,24.92,GT,11.43
6444,Pranav Yadav,39,India,Wicketkeeper,22,1,3598,139.1,0,0.0,50.27,PBKS,10.01
6445,Pranav Kulkarni,34,India,Wicketkeeper,367,13,3891,127.2,0,0.0,30.12,GT,12.0
6446,Sandeep Khan,39,West Indies,Batter,22,1,9539,115.6,15,7.23,31.43,KKR,8.21
6447,Karthik Mehta,18,India,Allrounder,26,1,4965,131.5,198,5.85,51.51,DC,10.14
6448,Nikhil Kulkarni,26,England,Batter,39,2,10395,106.2,5,7.07,49.35,KKR,8.29
6449,Nikhil Mehta,34,India,Bowler,273,13,3306,150.9,97,6.82,25.79,RR,10.43
6450,Arjun Deshmukh,39,India,Bowler,97,6,923,127.5,152,4.55,41.51,SRH,8.36
6451,Nikhil Patel,33,England,Allrounder,167,11,6474,130.9,62,6.68,26.31,SRH,11.91
6452,Nikhil Kulkarni,37,Sri Lanka,Bowler,19,1,2134,134.5,465,5.82,35.14,DC,7.93
6453,Vikas Mehta,37,India,Allrounder,169,8,8464,122.1,407,7.38,31.68,MI,13.76
6454,Vikas Khan,33,India,Bowler,88,4,1572,119.7,407,5.15,20.81,GT,9.53
6455,Irfan Iyer,24,South Africa,Batter,70,3,11538,145.7,5,8.34,32.41,SRH,11.45
6456,Arjun Singh,25,India,Allrounder,78,5,2101,154.2,40,5.16,29.23,DC,8.61
6457,Pranav Verma,39,Australia,Allrounder,95,4,8456,117.2,198,5.44,45.85,SRH,12.34
6458,Amit Naidu,33,India,Bowler,243,10,429,129.5,897,5.12,34.54,SRH,18.72
6459,Amit Yadav,41,India,Wicketkeeper,397,23,9906,102.1,0,0.0,31.56,RCB,16.72
6460,Sandeep Singh,32,West Indies,Batter,120,6,12407,131.7,2,8.54,24.19,SRH,12.6
6461,Amit Deshmukh,18,India,Bowler,16,1,940,133.4,735,4.62,48.47,SRH,12.87
6462,Amit Iyer,33,Sri Lanka,Batter,56,3,12755,130.7,10,7.22,25.97,PBKS,12.12
6463,Sameer Patel,32,South Africa,Allrounder,117,6,5295,96.2,68,6.09,46.89,RCB,10.0
6464,Harshit Mehta,38,India,Wicketkeeper,36,2,2878,119.1,0,0.0,48.56,RR,6.75
6465,Rahul Naidu,23,South Africa,Allrounder,43,2,8345,144.7,312,7.48,30.0,RR,12.07
6466,Sameer Iyer,37,Australia,Batter,143,6,5627,153.3,3,6.65,45.11,LSG,9.9
6467,Ankit Mehta,24,West Indies,Allrounder,35,2,6734,95.8,358,7.92,32.41,DC,9.02
6468,Manoj Iyer,29,India,Allrounder,181,7,7442,99.7,206,7.6,39.86,MI,13.45
6469,Irfan Verma,37,Australia,Allrounder,45,2,4485,96.1,146,6.5,28.26,MI,6.57
6470,Irfan Yadav,42,West Indies,Wicketkeeper,406,15,5373,112.1,0,0.0,23.92,LSG,11.85
6471,Harshit Chopra,29,West Indies,Allrounder,159,7,8952,109.5,199,7.21,29.72,DC,11.35
6472,Nikhil Singh,33,Sri Lanka,Wicketkeeper,167,7,2573,148.9,0,0.0,36.35,DC,9.53
6473,Irfan Singh,28,South Africa,Wicketkeeper,44,2,9275,118.5,0,0.0,45.34,CSK,7.91
6474,Rahul Singh,26,India,Batter,130,6,13096,96.5,4,9.18,35.69,PBKS,12.03
6475,Amit Verma,28,South Africa,Wicketkeeper,138,7,8691,131.6,0,0.0,31.15,RCB,12.57
6476,Amit Malik,37,India,Allrounder,441,16,7862,153.3,193,7.7,53.02,GT,18.96
6477,Irfan Sharma,40,India,Wicketkeeper,324,13,5507,111.0,0,0.0,27.92,RR,11.39
6478,Aditya Verma,34,South Africa,Batter,216,12,10613,122.5,10,9.35,27.29,MI,13.0
6479,Pranav Mehta,18,India,Batter,25,1,5863,112.1,3,8.47,29.35,RCB,8.45
6480,Sandeep Mehta,23,Australia,Batter,52,2,9262,104.7,4,9.08,22.25,SRH,9.58
6481,Ankit Deshmukh,33,Australia,Bowler,170,7,1900,131.4,349,5.02,24.31,MI,8.18
6482,Ankit Kulkarni,36,India,Batter,412,16,12787,132.6,10,7.65,49.71,MI,18.86
6483,Aditya Chopra,26,India,Bowler,170,6,3545,144.0,312,4.87,28.22,DC,11.55
6484,Nikhil Mehta,28,India,Allrounder,245,9,6336,120.8,217,7.37,24.01,PBKS,14.38
6485,Sandeep Iyer,25,Sri Lanka,Allrounder,86,3,7066,108.1,204,7.5,26.18,GT,12.53
6486,Nikhil Deshmukh,20,India,Batter,17,1,11135,134.2,9,7.25,28.19,CSK,11.92
6487,Vikas Shetty,42,India,Wicketkeeper,325,19,7204,106.0,0,0.0,20.35,MI,11.8
6488,Vikas Reddy,37,West Indies,Bowler,366,14,2940,120.7,178,5.79,28.19,CSK,11.27
6489,Rohan Kulkarni,19,South Africa,Batter,18,1,13132,120.8,14,6.19,47.59,DC,14.02
6490,Amit Malik,38,Sri Lanka,Batter,228,9,11516,146.6,6,8.5,20.34,DC,14.14
6491,Nikhil Deshmukh,26,India,Allrounder,86,5,1634,115.5,406,8.38,54.66,SRH,10.41
6492,Pranav Chopra,27,India,Batter,77,3,6063,123.3,13,6.88,32.39,SRH,11.36
6493,Irfan Naidu,28,Sri Lanka,Batter,97,5,8315,145.5,10,7.25,46.12,GT,13.01
6494,Rahul Singh,19,India,Allrounder,21,1,5251,131.8,229,8.47,36.21,MI,8.56
6495,Amit Malik,32,South Africa,Wicketkeeper,363,13,2985,100.4,0,0.0,54.88,LSG,11.88
6496,Sameer Kulkarni,39,Australia,Batter,223,13,6461,137.0,11,7.93,34.24,RR,12.89
6497,Harshit Malik,21,India,Allrounder,27,1,8445,151.6,347,6.92,25.82,GT,14.01
6498,Arjun Iyer,28,Sri Lanka,Allrounder,97,6,7178,104.1,249,6.02,47.73,LSG,11.46
6499,Manoj Mehta,36,England,Bowler,124,5,2307,99.9,768,4.24,30.45,MI,14.61
6500,Manoj Khan,39,West Indies,Batter,180,9,11148,119.4,13,7.8,21.57,CSK,13.74
6501,Sandeep Deshmukh,21,England,Batter,17,1,13781,152.2,4,9.35,29.78,KKR,11.68
6502,Nikhil Deshmukh,18,India,Allrounder,25,1,7898,129.7,280,7.56,28.31,RR,11.6
6503,Nikhil Verma,24,West Indies,Allrounder,134,6,6700,124.5,378,5.92,34.67,KKR,10.91
6504,Karthik Singh,31,West Indies,Bowler,104,4,2953,143.5,355,5.11,36.85,PBKS,11.28
6505,Aditya Chopra,36,West Indies,Bowler,76,3,3566,106.4,82,6.49,38.67,LSG,4.87
6506,Pranav Shetty,21,India,Batter,59,3,6828,126.6,15,7.11,47.33,MI,12.52
6507,Vikas Yadav,37,Australia,Bowler,225,11,681,116.3,362,6.92,44.3,MI,11.15
6508,Pranav Naidu,20,India,Batter,45,2,11244,132.5,15,9.29,25.19,MI,10.88
6509,Vikas Yadav,42,Sri Lanka,Wicketkeeper,320,20,10899,135.8,0,0.0,23.67,GT,17.08
6510,Pranav Iyer,41,India,Bowler,77,3,3843,126.0,225,7.31,33.48,RCB,9.56
6511,Rohan Chopra,23,India,Allrounder,25,1,2419,117.8,349,5.2,51.61,SRH,12.08
6512,Manoj Khan,33,England,Batter,256,9,4825,123.5,1,6.07,52.59,SRH,10.46
6513,Nikhil Mehta,27,India,Allrounder,90,3,7904,120.7,483,6.38,40.25,CSK,14.1
6514,Sandeep Iyer,38,India,Allrounder,153,6,1858,105.1,401,6.62,20.65,SRH,11.29
6515,Irfan Kulkarni,21,India,Bowler,76,3,2016,150.2,772,6.32,23.72,MI,14.17
6516,Amit Yadav,26,England,Allrounder,107,4,6968,117.2,282,5.74,48.31,CSK,13.89
6517,Aditya Shetty,36,Sri Lanka,Allrounder,118,6,3326,147.9,165,5.94,21.92,MI,9.75
6518,Vikas Reddy,29,India,Batter,176,9,3768,128.6,2,9.29,43.06,GT,7.91
6519,Nikhil Khan,38,South Africa,Bowler,306,11,1507,141.9,374,5.4,25.83,LSG,12.71
6520,Rahul Reddy,30,India,Batter,85,3,3877,118.7,13,6.17,49.88,LSG,9.22
6521,Rahul Malik,23,Australia,Bowler,15,1,1872,126.0,873,6.87,40.02,RCB,13.7
6522,Rohan Deshmukh,39,India,Wicketkeeper,294,13,4996,102.8,0,0.0,49.42,DC,12.2
6523,Harshit Deshmukh,36,England,Batter,80,5,13370,134.4,3,8.75,36.32,KKR,14.54
6524,Rohan Khan,21,South Africa,Allrounder,25,1,1721,147.7,342,8.38,42.56,PBKS,10.03
6525,Arjun Mehta,22,Australia,Allrounder,26,1,3724,132.1,382,6.3,40.14,PBKS,10.29
6526,Aditya Mehta,41,India,Allrounder,465,19,3914,113.4,278,6.38,34.25,LSG,15.74
6527,Karthik Verma,22,India,Allrounder,18,1,5168,120.7,468,7.01,29.23,SRH,11.54
6528,Nikhil Verma,29,India,Bowler,138,7,3331,126.9,473,6.89,22.37,PBKS,12.59
6529,Rohan Verma,28,South Africa,Allrounder,52,2,8061,148.1,225,6.29,46.43,SRH,10.73
6530,Harshit Verma,33,India,Batter,115,5,5205,151.3,12,7.13,22.68,DC,11.39
6531,Irfan Sharma,27,India,Allrounder,108,7,3548,109.7,161,8.36,20.32,GT,10.33
6532,Sandeep Patel,20,India,Allrounder,37,2,7864,116.5,263,6.52,38.87,KKR,13.46
6533,Ankit Verma,40,India,Wicketkeeper,409,20,10490,142.8,0,0.0,49.49,GT,20.0
6534,Aditya Shetty,33,India,Bowler,166,8,1029,120.8,235,5.52,25.19,LSG,9.51
6535,Sandeep Singh,23,India,Batter,78,3,14098,133.5,6,6.17,22.26,CSK,15.71
6536,Rohan Naidu,26,India,Bowler,37,2,3992,127.3,546,6.79,26.95,RCB,10.78
6537,Rohan Khan,22,Sri Lanka,Wicketkeeper,26,1,6047,127.4,0,0.0,26.4,MI,8.67
6538,Irfan Reddy,33,India,Batter,22,1,12760,143.0,15,7.54,36.17,KKR,13.52
6539,Ankit Iyer,32,India,Bowler,93,4,1398,138.4,622,4.57,26.54,MI,13.23
6540,Ankit Singh,24,India,Wicketkeeper,143,6,6208,139.3,0,0.0,36.78,GT,12.44
6541,Harshit Shetty,23,India,Allrounder,16,1,6061,146.1,307,6.59,44.8,DC,8.79
6542,Arjun Patel,29,Australia,Batter,181,9,12197,112.8,3,6.12,50.48,MI,12.66
6543,Rohan Iyer,33,South Africa,Bowler,275,14,777,127.7,285,4.07,45.47,CSK,12.03
6544,Ankit Yadav,39,India,Allrounder,381,19,3824,140.6,328,7.18,45.4,SRH,16.6
6545,Harshit Mehta,39,India,Batter,385,15,3206,144.3,8,8.42,42.6,LSG,13.24
6546,Rohan Iyer,19,India,Bowler,16,1,3546,123.3,105,5.53,45.09,SRH,4.69
6547,Vikas Patel,37,India,Wicketkeeper,59,3,4691,147.6,0,0.0,29.53,RR,8.78
6548,Pranav Chopra,27,India,Batter,79,4,7169,150.8,15,7.2,40.25,LSG,12.96
6549,Sameer Naidu,34,India,Batter,130,8,5736,134.8,11,6.63,54.68,MI,13.12
6550,Sameer Mehta,33,India,Wicketkeeper,187,10,7469,144.4,0,0.0,46.1,MI,14.23
6551,Karthik Shetty,21,Australia,Bowler,63,3,2668,147.6,718,4.79,38.4,RCB,15.14
6552,Karthik Reddy,29,India,Batter,67,3,5348,114.8,6,9.11,22.17,PBKS,9.18
6553,Karthik Chopra,20,England,Wicketkeeper,18,1,9483,123.6,0,0.0,29.44,PBKS,8.59
6554,Sameer Patel,30,India,Batter,96,6,9101,152.4,8,8.5,44.18,GT,13.85
6555,Karthik Naidu,27,India,Bowler,18,1,2725,122.2,209,7.37,47.01,RR,5.66
6556,Sandeep Singh,25,England,Wicketkeeper,17,1,2901,145.6,0,0.0,44.88,LSG,7.58
6557,Manoj Malik,19,West Indies,Bowler,26,1,1931,132.6,399,5.93,44.52,RR,9.85
6558,Pranav Yadav,25,Australia,Wicketkeeper,132,5,3992,110.2,0,0.0,48.34,GT,9.64
6559,Harshit Khan,41,West Indies,Allrounder,383,23,8592,122.9,238,8.33,44.54,DC,17.44
6560,Sameer Iyer,25,India,Batter,180,7,4274,134.7,5,8.58,39.15,MI,10.86
6561,Irfan Naidu,24,England,Bowler,112,4,463,121.9,175,7.35,22.14,RCB,7.89
6562,Harshit Deshmukh,22,India,Bowler,19,1,1559,135.4,236,7.21,49.72,MI,7.22
6563,Ankit Sharma,25,Sri Lanka,Batter,103,4,7830,96.8,5,6.48,52.7,RR,11.86
6564,Irfan Iyer,39,India,Bowler,263,12,1152,143.6,900,4.56,48.81,PBKS,20.0
6565,Karthik Reddy,30,India,Allrounder,145,6,6430,102.9,87,7.48,43.36,KKR,12.12
6566,Sameer Mehta,27,India,Allrounder,139,6,4271,120.5,155,8.11,34.47,CSK,12.72
6567,Irfan Khan,29,Sri Lanka,Bowler,95,5,1047,99.9,527,5.68,51.22,KKR,11.37
6568,Aditya Malik,31,India,Wicketkeeper,172,8,10394,147.2,0,0.0,54.93,RCB,16.32
6569,Rohan Kulkarni,30,India,Wicketkeeper,38,2,8327,130.1,0,0.0,46.29,LSG,13.48
6570,Harshit Iyer,42,India,Bowler,176,11,1474,135.1,691,4.77,42.74,SRH,16.2
6571,Ankit Verma,31,Sri Lanka,Bowler,143,5,215,144.8,464,7.42,52.85,PBKS,8.96
6572,Rahul Mehta,26,India,Wicketkeeper,104,4,5597,147.1,0,0.0,50.4,RR,14.73
6573,Sameer Yadav,27,India,Wicketkeeper,244,9,3260,98.8,0,0.0,49.61,MI,10.62
6574,Irfan Singh,21,England,Wicketkeeper,35,2,4006,131.4,0,0.0,33.32,KKR,7.53
6575,Rohan Shetty,21,Australia,Allrounder,45,3,2265,135.7,217,5.2,31.49,RCB,10.15
6576,Irfan Kulkarni,18,India,Bowler,28,1,3431,135.9,641,5.78,51.91,LSG,12.34
6577,Arjun Deshmukh,18,England,Allrounder,22,1,4999,122.0,173,7.89,33.57,DC,6.49
6578,Ankit Shetty,28,Sri Lanka,Wicketkeeper,148,5,11759,109.4,0,0.0,33.03,PBKS,12.93
6579,Rohan Iyer,42,Australia,Wicketkeeper,427,23,3447,101.7,0,0.0,53.99,DC,10.77
6580,Manoj Chopra,41,Sri Lanka,Bowler,233,10,1653,102.7,607,6.18,32.35,RCB,13.16
6581,Amit Shetty,26,West Indies,Allrounder,230,8,6750,127.0,487,6.91,21.24,LSG,14.33
6582,Sameer Iyer,31,India,Wicketkeeper,209,13,10881,152.1,0,0.0,29.64,DC,16.01
6583,Arjun Malik,21,Sri Lanka,Batter,46,2,14053,99.6,8,6.06,40.31,RR,10.44
6584,Irfan Khan,29,India,Batter,51,2,5600,97.5,9,6.48,33.29,PBKS,10.49
6585,Pranav Deshmukh,31,India,Batter,179,8,8508,101.7,5,8.18,30.97,PBKS,12.29
6586,Amit Khan,24,India,Batter,106,4,13202,104.6,11,7.46,37.71,CSK,15.92
6587,Ankit Patel,37,Sri Lanka,Bowler,284,13,1853,97.8,136,4.32,38.19,GT,9.61
6588,Amit Mehta,29,South Africa,Bowler,64,4,906,100.7,780,4.94,34.84,KKR,13.39
6589,Rohan Verma,38,Australia,Batter,18,1,13187,138.5,15,9.2,48.55,RR,13.34
6590,Rahul Kulkarni,23,India,Allrounder,129,5,5539,153.4,207,8.05,46.71,CSK,12.23
6591,Nikhil Shetty,34,India,Wicketkeeper,23,1,3152,131.5,0,0.0,32.79,KKR,6.66
6592,Rahul Malik,20,India,Wicketkeeper,22,1,10438,105.9,0,0.0,44.03,KKR,13.23
6593,Arjun Verma,18,Sri Lanka,Batter,16,1,12042,123.0,14,9.48,45.33,RR,10.76
6594,Karthik Yadav,33,South Africa,Bowler,341,13,3254,120.9,226,5.88,34.36,MI,9.06
6595,Karthik Verma,32,India,Bowler,100,6,176,117.0,96,5.92,46.21,RR,9.28
6596,Karthik Verma,30,India,Wicketkeeper,317,11,10068,147.5,0,0.0,50.9,CSK,16.98
6597,Sandeep Singh,19,South Africa,Bowler,17,1,2228,148.8,88,4.87,31.95,RR,4.52
6598,Arjun Khan,30,India,Batter,55,2,10434,138.6,1,7.08,30.66,DC,10.81
6599,Irfan Sharma,18,India,Batter,19,1,5301,117.4,4,6.19,45.25,MI,10.91
6600,Aditya Reddy,41,India,Bowler,115,4,3866,132.8,708,5.24,43.1,GT,13.6
6601,Irfan Deshmukh,19,India,Batter,17,1,11946,148.8,2,8.57,35.14,CSK,13.55
6602,Harshit Verma,41,India,Bowler,196,13,3206,114.1,471,4.63,35.13,PBKS,15.36
6603,Irfan Patel,32,India,Wicketkeeper,141,7,7495,137.8,0,0.0,20.46,CSK,12.62
6604,Vikas Malik,20,West Indies,Wicketkeeper,19,1,4987,113.9,0,0.0,47.29,RCB,7.45
6605,Rohan Shetty,29,England,Wicketkeeper,46,2,8826,135.3,0,0.0,45.61,RCB,9.06
6606,Sandeep Patel,21,Sri Lanka,Wicketkeeper,30,2,5054,143.7,0,0.0,47.41,MI,7.96
6607,Harshit Malik,28,South Africa,Allrounder,115,5,4177,121.4,58,7.39,54.43,PBKS,9.58
6608,Sameer Deshmukh,23,West Indies,Bowler,87,3,3950,107.2,891,6.16,30.25,MI,14.37
6609,Pranav Chopra,22,England,Allrounder,89,3,5322,150.5,216,7.43,26.26,CSK,10.13
6610,Sameer Iyer,37,India,Batter,229,11,13663,147.9,4,6.29,52.03,SRH,19.57
6611,Ankit Iyer,31,India,Bowler,102,4,1896,117.6,724,5.05,43.11,KKR,16.79
6612,Karthik Patel,28,India,Wicketkeeper,75,5,5032,114.8,0,0.0,50.7,KKR,9.19
6613,Aditya Yadav,18,India,Batter,15,1,6851,97.3,3,6.38,27.3,PBKS,10.63
6614,Karthik Reddy,42,Australia,Wicketkeeper,412,17,10987,112.2,0,0.0,23.95,LSG,16.07
6615,Arjun Sharma,23,India,Wicketkeeper,49,2,3512,98.9,0,0.0,46.45,LSG,8.15
6616,Vikas Sharma,19,South Africa,Wicketkeeper,28,1,8912,104.9,0,0.0,51.99,PBKS,10.87
6617,Sandeep Mehta,32,India,Wicketkeeper,356,13,5066,117.1,0,0.0,43.47,RR,16.8
6618,Pranav Verma,40,India,Wicketkeeper,321,20,6710,108.5,0,0.0,28.41,PBKS,12.15
6619,Manoj Verma,40,England,Batter,461,16,7211,128.6,10,8.01,46.91,PBKS,14.84
6620,Aditya Verma,38,England,Allrounder,494,17,5283,135.2,407,7.65,35.72,RR,13.73
6621,Rahul Singh,21,Australia,Wicketkeeper,20,1,10128,148.4,0,0.0,41.79,KKR,11.6
6622,Arjun Khan,34,India,Bowler,123,7,3839,144.2,881,7.76,21.55,LSG,17.16
6623,Harshit Reddy,42,England,Wicketkeeper,122,6,11253,114.2,0,0.0,40.02,RR,11.82
6624,Karthik Malik,38,Australia,Bowler,259,10,2820,128.0,392,6.74,47.51,SRH,10.67
6625,Vikas Khan,28,India,Batter,94,5,13538,106.0,3,6.99,21.89,CSK,11.47
6626,Manoj Singh,27,Australia,Wicketkeeper,82,4,5797,129.4,0,0.0,44.1,PBKS,10.24
6627,Sandeep Yadav,35,England,Bowler,121,6,894,131.8,437,5.24,21.83,SRH,12.47
6628,Sandeep Shetty,30,South Africa,Bowler,209,7,1494,137.1,868,4.38,32.88,GT,17.08
6629,Rohan Mehta,33,India,Allrounder,221,11,8391,144.9,398,7.35,49.84,RCB,17.16
6630,Rahul Yadav,37,Sri Lanka,Batter,473,18,4199,124.2,2,6.6,45.69,KKR,11.79
6631,Karthik Sharma,29,Australia,Wicketkeeper,187,11,4387,141.4,0,0.0,47.46,MI,12.05
6632,Pranav Reddy,20,India,Batter,32,2,8794,106.6,7,6.8,40.65,RCB,10.12
6633,Arjun Patel,37,England,Bowler,253,9,3585,114.1,819,6.82,23.66,MI,15.31
6634,Nikhil Shetty,30,South Africa,Batter,115,6,12832,113.0,14,8.51,25.82,MI,11.81
6635,Ankit Khan,38,India,Batter,210,12,9072,113.9,2,6.52,40.74,LSG,13.46
6636,Amit Kulkarni,19,Australia,Batter,24,1,6620,96.2,0,7.25,23.39,PBKS,6.78
6637,Karthik Yadav,19,India,Wicketkeeper,27,1,8003,112.4,0,0.0,43.09,RCB,8.76
6638,Sandeep Naidu,30,India,Allrounder,291,10,1569,128.6,467,5.34,24.2,RR,14.4
6639,Manoj Malik,38,India,Bowler,456,17,3317,105.3,535,4.8,22.35,KKR,18.02
6640,Aditya Kulkarni,31,India,Bowler,259,12,1009,122.8,161,6.55,49.09,MI,9.33
6641,Ankit Yadav,41,West Indies,Wicketkeeper,57,2,10294,100.9,0,0.0,25.07,PBKS,11.28
6642,Rohan Malik,20,South Africa,Batter,53,2,7781,141.0,4,7.07,30.7,RCB,8.64
6643,Harshit Reddy,36,South Africa,Batter,233,8,4835,113.1,9,7.43,22.81,SRH,8.09
6644,Irfan Khan,24,India,Bowler,127,5,2036,127.9,387,7.57,47.57,GT,9.57
6645,Sameer Verma,40,England,Allrounder,143,5,3829,125.9,376,7.3,23.14,CSK,12.43
6646,Arjun Shetty,33,Australia,Bowler,137,5,3592,104.3,424,6.44,34.5,PBKS,10.96
6647,Pranav Verma,22,Sri Lanka,Bowler,118,4,2309,141.9,649,6.39,43.98,DC,11.71
6648,Sandeep Khan,36,England,Bowler,446,18,2834,103.9,382,6.55,32.11,SRH,15.45
6649,Rahul Sharma,18,India,Bowler,24,1,2605,138.2,685,4.16,53.34,CSK,14.55
6650,Rahul Shetty,37,Sri Lanka,Batter,329,13,8271,100.3,8,6.92,36.64,LSG,12.96
6651,Aditya Singh,29,West Indies,Batter,84,4,9296,128.1,4,9.0,21.64,LSG,10.06
6652,Irfan Shetty,41,India,Bowler,355,14,1386,144.7,900,7.7,24.61,KKR,18.63
6653,Amit Deshmukh,25,England,Batter,134,6,6200,122.0,10,9.23,33.02,RCB,9.96
6654,Manoj Deshmukh,39,Sri Lanka,Allrounder,152,6,6973,145.1,422,6.61,43.08,KKR,12.62
6655,Irfan Singh,24,Australia,Bowler,26,1,2174,152.5,816,4.23,25.17,RCB,16.85
6656,Rahul Yadav,33,India,Batter,211,13,10289,133.2,11,8.61,26.56,MI,13.53
6657,Pranav Yadav,21,West Indies,Bowler,36,2,1684,147.2,225,4.65,34.69,DC,9.24
6658,Ankit Patel,27,South Africa,Batter,82,3,8063,125.2,9,8.29,45.46,DC,10.58
6659,Sameer Chopra,25,India,Wicketkeeper,133,5,3621,123.8,0,0.0,30.06,LSG,10.05
6660,Ankit Khan,25,India,Bowler,48,3,3743,146.5,438,5.38,36.38,GT,12.66
6661,Manoj Iyer,26,India,Allrounder,84,3,4977,151.1,442,5.75,47.88,LSG,13.39
6662,Irfan Patel,26,India,Bowler,109,4,631,154.9,80,4.21,44.32,RR,9.61
6663,Sameer Chopra,38,West Indies,Bowler,543,20,2287,109.2,380,4.61,44.24,RR,12.98
6664,Ankit Patel,22,India,Wicketkeeper,85,4,9704,141.8,0,0.0,28.37,DC,11.9
6665,Irfan Deshmukh,22,India,Wicketkeeper,27,1,8652,110.4,0,0.0,30.75,DC,9.13
6666,Pranav Khan,37,West Indies,Batter,445,19,9484,105.3,10,8.09,23.65,RCB,13.25
6667,Rahul Reddy,36,India,Allrounder,187,9,2313,141.7,432,7.38,37.53,SRH,13.22
6668,Manoj Shetty,20,England,Allrounder,24,1,1733,120.9,127,6.27,33.59,GT,7.26
6669,Rahul Chopra,30,South Africa,Bowler,357,12,2688,141.1,883,7.65,27.28,CSK,19.35
6670,Vikas Iyer,18,England,Wicketkeeper,18,1,11508,118.1,0,0.0,39.04,KKR,10.99
6671,Nikhil Kulkarni,28,South Africa,Bowler,67,3,1634,123.1,175,6.33,48.35,MI,5.96
6672,Irfan Naidu,24,West Indies,Batter,146,6,4286,125.3,9,8.69,49.91,KKR,9.91
6673,Rohan Verma,34,India,Allrounder,151,10,5302,141.7,370,7.63,53.47,KKR,14.54
6674,Aditya Naidu,27,Australia,Wicketkeeper,105,6,7308,111.0,0,0.0,29.37,LSG,10.87
6675,Irfan Patel,31,India,Allrounder,204,12,4788,141.3,165,8.11,52.43,GT,14.43
6676,Vikas Malik,24,South Africa,Allrounder,36,2,1825,132.7,210,5.22,25.06,KKR,8.29
6677,Karthik Deshmukh,32,South Africa,Allrounder,283,12,8666,104.3,68,6.76,24.48,GT,11.12
6678,Irfan Khan,32,India,Bowler,29,1,2945,132.8,470,4.05,32.57,DC,11.26
6679,Sameer Reddy,31,England,Batter,107,7,11447,114.4,11,6.37,25.91,PBKS,11.38
6680,Rahul Sharma,40,West Indies,Wicketkeeper,127,5,8602,151.5,0,0.0,31.2,RR,11.05
6681,Manoj Shetty,29,Sri Lanka,Bowler,77,4,3545,145.4,189,5.27,42.67,SRH,8.21
6682,Sandeep Kulkarni,38,India,Batter,201,9,6202,133.2,13,8.49,53.12,SRH,13.92
6683,Ankit Mehta,34,India,Bowler,151,10,21,154.3,148,4.79,49.08,RR,9.92
6684,Sameer Chopra,35,India,Batter,124,5,13357,134.7,6,8.06,42.71,LSG,15.86
6685,Aditya Kulkarni,34,India,Bowler,90,4,332,108.1,659,4.22,53.65,PBKS,15.02
6686,Arjun Malik,21,West Indies,Bowler,75,3,3585,117.7,698,6.03,46.67,MI,12.36
6687,Ankit Sharma,22,West Indies,Wicketkeeper,17,1,10124,126.5,0,0.0,20.46,MI,8.54
6688,Manoj Deshmukh,41,India,Wicketkeeper,310,12,3024,139.2,0,0.0,45.63,CSK,10.53
6689,Pranav Malik,34,India,Wicketkeeper,242,14,9241,104.9,0,0.0,53.48,DC,14.25
6690,Ankit Iyer,22,India,Batter,55,3,11361,122.5,3,6.78,24.02,GT,12.97
6691,Harshit Deshmukh,30,Sri Lanka,Allrounder,167,7,3145,117.5,79,7.11,32.36,MI,8.26
6692,Sameer Verma,24,India,Wicketkeeper,18,1,6420,144.6,0,0.0,20.33,PBKS,9.54
6693,Pranav Reddy,28,England,Wicketkeeper,66,3,6547,142.9,0,0.0,40.0,RCB,10.83
6694,Rahul Patel,33,India,Allrounder,146,7,5082,130.4,425,8.45,21.94,GT,13.52
6695,Rahul Reddy,31,India,Allrounder,281,11,2888,148.0,280,5.18,49.44,KKR,13.94
6696,Arjun Deshmukh,21,South Africa,Allrounder,35,2,5882,132.1,87,6.21,37.14,KKR,9.88
6697,Rahul Yadav,41,India,Allrounder,129,7,3152,152.0,185,8.39,54.43,DC,12.68
6698,Rohan Mehta,30,West Indies,Wicketkeeper,29,1,7837,147.0,0,0.0,51.83,RR,9.57
6699,Manoj Deshmukh,32,Australia,Allrounder,107,5,5914,144.9,112,5.76,44.81,DC,9.82
6700,Vikas Mehta,21,India,Wicketkeeper,51,3,4582,152.8,0,0.0,39.99,GT,11.83
6701,Karthik Verma,28,England,Wicketkeeper,97,6,6070,100.1,0,0.0,40.91,CSK,9.01
6702,Rahul Yadav,42,South Africa,Allrounder,68,3,1941,108.2,319,7.4,33.79,SRH,5.27
6703,Ankit Deshmukh,40,South Africa,Wicketkeeper,442,22,11437,130.9,0,0.0,33.09,RR,15.81
6704,Rohan Naidu,33,India,Allrounder,253,13,4022,103.0,84,6.31,52.93,LSG,12.46
6705,Pranav Shetty,23,India,Bowler,61,3,3538,95.1,169,6.85,46.8,GT,6.07
6706,Harshit Naidu,18,Sri Lanka,Allrounder,28,1,8372,95.6,235,7.59,32.94,RCB,8.37
6707,Aditya Shetty,29,South Africa,Bowler,209,7,2043,122.2,726,6.31,47.23,CSK,15.29
6708,Vikas Reddy,19,Sri Lanka,Bowler,29,1,1048,104.2,398,5.62,54.17,LSG,10.27
6709,Vikas Mehta,21,India,Allrounder,18,1,5757,138.1,135,5.85,25.01,LSG,9.64
6710,Vikas Kulkarni,40,India,Batter,49,2,7022,121.5,10,7.15,26.73,SRH,10.64
6711,Karthik Deshmukh,41,Sri Lanka,Bowler,356,17,2815,104.4,827,5.71,39.57,MI,20.0
6712,Rahul Kulkarni,22,South Africa,Bowler,27,1,1616,98.7,368,6.52,50.49,CSK,9.57
6713,Rahul Malik,31,Australia,Allrounder,301,12,5667,108.5,444,5.65,43.15,GT,15.4
6714,Arjun Chopra,34,Australia,Wicketkeeper,329,16,10701,123.1,0,0.0,37.48,GT,13.17
6715,Karthik Deshmukh,38,Sri Lanka,Allrounder,261,16,2310,143.3,189,5.45,41.6,PBKS,13.08
6716,Sameer Mehta,37,South Africa,Wicketkeeper,49,3,3387,103.1,0,0.0,33.09,SRH,7.37
6717,Harshit Yadav,30,England,Bowler,174,10,84,129.1,631,7.08,23.8,PBKS,13.27
6718,Harshit Naidu,38,South Africa,Bowler,155,7,2130,109.6,515,5.42,38.11,GT,14.04
6719,Sandeep Sharma,35,India,Allrounder,350,17,4656,121.2,454,7.95,35.17,CSK,17.43
6720,Amit Khan,28,India,Bowler,23,1,384,129.6,178,7.44,39.82,DC,7.51
6721,Aditya Naidu,26,England,Batter,51,3,6652,131.5,6,6.92,40.16,RR,10.85
6722,Nikhil Singh,28,South Africa,Allrounder,48,3,3537,154.4,404,6.39,50.87,LSG,12.09
6723,Irfan Deshmukh,38,India,Wicketkeeper,561,19,6931,140.0,0,0.0,38.81,MI,15.0
6724,Harshit Deshmukh,38,Sri Lanka,Bowler,312,19,1232,106.1,871,5.76,30.7,PBKS,18.3
6725,Arjun Naidu,28,India,Wicketkeeper,69,4,11802,141.4,0,0.0,35.88,RR,15.86
6726,Manoj Iyer,32,India,Wicketkeeper,147,7,7415,147.9,0,0.0,25.18,MI,11.74
6727,Harshit Patel,38,India,Wicketkeeper,195,11,8143,125.5,0,0.0,42.64,SRH,13.41
6728,Pranav Khan,41,West Indies,Bowler,210,7,3419,148.4,736,5.96,54.63,SRH,13.92
6729,Sameer Patel,36,India,Bowler,188,12,2129,102.8,864,4.44,24.56,RCB,20.0
6730,Rohan Sharma,28,India,Batter,221,10,4703,117.4,14,8.38,45.67,CSK,14.1
6731,Aditya Verma,19,India,Wicketkeeper,30,1,6567,119.3,0,0.0,41.97,RCB,8.72
6732,Rohan Malik,24,Australia,Bowler,17,1,1197,127.9,721,6.93,38.88,RCB,12.13
6733,Irfan Malik,32,India,Wicketkeeper,57,2,3726,100.3,0,0.0,34.38,RR,7.1
6734,Nikhil Malik,42,India,Wicketkeeper,404,16,5410,127.7,0,0.0,36.17,SRH,15.18
6735,Karthik Iyer,21,Australia,Batter,19,1,4325,149.4,10,9.15,48.77,LSG,8.94
6736,Amit Deshmukh,20,South Africa,Allrounder,37,2,2156,138.0,155,6.31,33.84,LSG,8.78
6737,Pranav Malik,22,South Africa,Batter,50,3,13196,115.6,13,6.81,22.48,SRH,12.11
6738,Rahul Mehta,40,South Africa,Allrounder,402,21,5443,122.6,87,6.16,53.44,RR,17.98
6739,Amit Reddy,26,West Indies,Wicketkeeper,178,6,9602,113.8,0,0.0,51.59,DC,11.52
6740,Sandeep Malik,42,Sri Lanka,Wicketkeeper,445,17,9849,108.7,0,0.0,26.68,KKR,12.8
6741,Rahul Iyer,32,India,Wicketkeeper,57,2,3915,126.1,0,0.0,43.54,MI,8.89
6742,Amit Kulkarni,33,India,Wicketkeeper,105,7,4580,97.7,0,0.0,27.74,LSG,7.12
6743,Harshit Iyer,23,Australia,Wicketkeeper,81,4,5498,122.3,0,0.0,31.59,SRH,6.77
6744,Vikas Sharma,32,India,Allrounder,262,9,5601,125.7,366,7.49,25.61,CSK,13.2
6745,Harshit Verma,42,England,Wicketkeeper,56,2,11741,148.7,0,0.0,30.25,RR,10.68
6746,Arjun Kulkarni,27,West Indies,Wicketkeeper,45,2,6952,138.9,0,0.0,47.3,SRH,9.14
6747,Amit Yadav,37,India,Bowler,126,7,1548,124.9,646,7.66,41.55,PBKS,14.25
6748,Amit Kulkarni,30,Sri Lanka,Wicketkeeper,228,9,8597,115.1,0,0.0,43.74,KKR,12.16
6749,Harshit Malik,41,England,Allrounder,363,16,7276,121.3,395,6.62,49.94,SRH,15.79
6750,Amit Mehta,30,Australia,Bowler,143,6,1179,147.9,290,4.19,49.82,RCB,11.41
6751,Sandeep Iyer,18,England,Bowler,29,1,1518,124.4,99,5.92,32.66,RCB,3.8
6752,Sandeep Reddy,26,Australia,Bowler,54,2,977,101.7,788,7.78,40.66,RR,12.46
6753,Irfan Khan,29,England,Allrounder,29,1,3403,151.1,90,7.39,47.31,DC,8.84
6754,Manoj Iyer,27,Australia,Wicketkeeper,76,3,9682,133.6,0,0.0,24.09,RCB,8.63
6755,Arjun Iyer,31,India,Bowler,30,1,3939,103.3,151,5.42,50.84,GT,4.79
6756,Rohan Singh,19,West Indies,Bowler,28,1,1117,140.5,195,6.85,42.83,GT,6.01
6757,Nikhil Mehta,38,Sri Lanka,Bowler,379,15,1001,104.0,753,5.93,31.54,RR,18.15
6758,Harshit Shetty,42,India,Bowler,440,21,2070,138.5,280,4.52,25.61,PBKS,17.82
6759,Irfan Reddy,41,West Indies,Wicketkeeper,131,7,11539,137.1,0,0.0,44.23,GT,13.49
6760,Ankit Chopra,41,Sri Lanka,Bowler,248,13,2282,103.1,817,5.75,31.02,MI,17.78
6761,Sameer Reddy,31,India,Batter,171,9,7087,137.0,10,7.12,23.98,DC,12.24
6762,Karthik Chopra,19,India,Bowler,26,1,545,140.7,196,7.15,26.52,LSG,7.02
6763,Manoj Chopra,36,South Africa,Batter,270,17,13926,135.1,6,8.52,46.18,SRH,19.79
6764,Nikhil Khan,24,England,Bowler,48,3,2216,104.5,484,4.72,28.28,PBKS,8.09
6765,Manoj Kulkarni,32,India,Bowler,79,3,361,142.6,137,5.39,45.83,RR,8.54
6766,Karthik Deshmukh,32,West Indies,Wicketkeeper,157,7,9760,150.5,0,0.0,22.05,LSG,15.19
6767,Rahul Chopra,39,India,Wicketkeeper,165,8,11940,95.7,0,0.0,44.47,MI,14.36
6768,Arjun Shetty,32,India,Wicketkeeper,102,5,3040,111.8,0,0.0,31.69,PBKS,10.63
6769,Rohan Sharma,29,India,Wicketkeeper,76,4,4798,127.8,0,0.0,23.58,RR,8.85
6770,Aditya Yadav,30,India,Batter,38,2,12111,114.5,15,8.25,42.15,KKR,13.3
6771,Ankit Patel,33,West Indies,Wicketkeeper,77,4,4319,145.0,0,0.0,25.99,GT,8.49
6772,Harshit Reddy,37,India,Wicketkeeper,342,18,7433,150.9,0,0.0,38.57,MI,13.74
6773,Ankit Naidu,18,Australia,Bowler,29,1,1650,107.5,288,7.51,41.16,RCB,4.76
6774,Karthik Shetty,37,South Africa,Allrounder,537,18,4144,141.5,57,6.41,41.21,RCB,13.64
6775,Arjun Khan,18,India,Bowler,26,1,2149,149.8,873,5.88,33.2,SRH,16.59
6776,Manoj Khan,18,India,Wicketkeeper,23,1,7628,108.2,0,0.0,41.28,PBKS,10.84
6777,Rahul Malik,40,India,Allrounder,24,1,5622,121.3,426,7.18,37.03,SRH,11.74
6778,Ankit Deshmukh,32,Sri Lanka,Bowler,275,12,1119,139.0,311,7.65,23.87,PBKS,11.51
6779,Manoj Malik,27,South Africa,Bowler,102,6,2931,153.5,142,4.81,45.43,SRH,7.86
6780,Karthik Iyer,33,India,Wicketkeeper,138,8,9533,149.9,0,0.0,30.64,RCB,15.58
6781,Harshit Singh,27,India,Batter,109,7,3171,137.8,4,8.6,30.31,KKR,9.66
6782,Karthik Shetty,33,India,Bowler,30,1,3450,132.6,509,6.09,36.84,DC,11.58
6783,Aditya Mehta,37,West Indies,Wicketkeeper,417,16,3134,144.6,0,0.0,49.15,KKR,13.12
6784,Ankit Yadav,28,South Africa,Allrounder,50,2,6368,143.2,386,7.98,37.08,GT,12.14
6785,Arjun Khan,18,India,Wicketkeeper,16,1,10658,117.9,0,0.0,49.1,MI,11.56
6786,Amit Reddy,28,India,Batter,26,1,8995,109.8,11,7.72,37.76,PBKS,12.13
6787,Irfan Iyer,36,Australia,Bowler,160,8,1457,136.5,526,4.54,31.76,SRH,11.5
6788,Sandeep Iyer,28,Australia,Bowler,79,3,2519,152.4,396,4.99,47.19,MI,9.13
6789,Nikhil Shetty,26,England,Bowler,50,2,349,132.4,537,6.99,49.37,PBKS,11.14
6790,Vikas Sharma,30,West Indies,Bowler,170,10,1297,130.9,524,6.88,53.64,KKR,12.38
6791,Karthik Sharma,36,South Africa,Batter,318,11,9051,151.6,2,6.67,34.05,DC,14.22
6792,Manoj Khan,18,India,Bowler,19,1,2125,102.4,576,6.01,38.9,MI,12.73
6793,Rahul Naidu,27,India,Batter,27,1,12468,154.9,7,8.14,54.13,KKR,14.86
6794,Rohan Singh,34,West Indies,Batter,131,5,11510,115.9,12,9.38,54.69,RCB,13.01
6795,Harshit Kulkarni,22,West Indies,Batter,39,2,3924,146.1,11,7.59,27.57,RCB,9.03
6796,Amit Singh,22,India,Allrounder,21,1,7595,153.0,94,6.77,53.15,RR,13.21
6797,Pranav Reddy,36,Australia,Bowler,104,4,2988,142.9,639,6.6,26.17,CSK,14.17
6798,Ankit Verma,29,West Indies,Wicketkeeper,152,9,11477,138.3,0,0.0,41.63,PBKS,14.03
6799,Nikhil Malik,26,West Indies,Batter,129,5,8786,101.8,9,6.32,23.8,KKR,11.35
6800,Sameer Naidu,32,England,Bowler,38,2,2090,103.5,548,6.75,36.37,CSK,9.07
6801,Amit Singh,27,South Africa,Wicketkeeper,174,9,6187,116.4,0,0.0,39.27,RR,9.75
6802,Manoj Sharma,18,Australia,Allrounder,23,1,6629,136.1,240,7.47,38.04,PBKS,6.56
6803,Irfan Patel,21,India,Batter,59,2,8480,118.9,1,7.63,50.17,RCB,13.66
6804,Irfan Reddy,31,India,Allrounder,151,7,1738,110.6,218,6.16,46.02,RR,10.27
6805,Pranav Singh,37,South Africa,Allrounder,25,1,5470,145.8,315,6.26,31.48,LSG,9.83
6806,Nikhil Deshmukh,36,India,Wicketkeeper,182,7,7552,137.1,0,0.0,21.58,KKR,11.25
6807,Karthik Iyer,33,India,Bowler,99,5,1333,115.6,236,5.47,48.58,PBKS,10.35
6808,Nikhil Patel,20,India,Batter,44,2,9923,122.7,8,9.38,48.87,CSK,11.87
6809,Sandeep Verma,33,India,Allrounder,32,2,2325,153.0,78,7.45,48.39,KKR,7.73
6810,Sandeep Reddy,38,India,Batter,405,19,10945,137.8,14,6.27,38.74,RR,19.25
6811,Harshit Yadav,24,India,Batter,168,6,11802,110.1,7,6.06,52.26,KKR,13.52
6812,Sandeep Yadav,21,West Indies,Allrounder,59,2,7793,142.9,447,8.24,54.36,LSG,11.37
6813,Manoj Yadav,18,India,Allrounder,29,1,3664,95.6,364,7.82,30.07,KKR,6.82
6814,Ankit Reddy,22,South Africa,Wicketkeeper,71,3,11207,96.8,0,0.0,23.29,GT,8.36
6815,Amit Sharma,19,West Indies,Batter,26,1,14461,125.2,6,6.77,49.66,DC,13.77
6816,Karthik Malik,35,India,Allrounder,118,4,2258,132.0,476,8.02,52.49,DC,10.21
6817,Pranav Chopra,28,Sri Lanka,Bowler,144,5,436,148.3,653,5.9,35.89,DC,11.9
6818,Karthik Mehta,38,India,Wicketkeeper,55,2,7121,111.6,0,0.0,52.07,SRH,10.57
6819,Pranav Shetty,34,Australia,Allrounder,77,4,5003,125.2,248,6.36,31.51,MI,9.22
6820,Rahul Naidu,20,India,Allrounder,30,2,8608,154.7,467,7.32,20.89,MI,15.81
6821,Irfan Iyer,31,South Africa,Wicketkeeper,144,6,11287,149.0,0,0.0,20.14,RR,15.32
6822,Irfan Shetty,35,England,Allrounder,240,12,7867,105.1,487,6.27,46.51,DC,14.1
6823,Karthik Khan,38,South Africa,Bowler,305,13,1476,128.2,698,4.19,30.32,LSG,17.64
6824,Sandeep Kulkarni,37,Australia,Batter,252,12,5175,141.3,7,6.47,27.61,KKR,12.02
6825,Sandeep Iyer,35,South Africa,Wicketkeeper,77,4,10861,108.4,0,0.0,29.63,RR,9.99
6826,Rahul Verma,27,India,Wicketkeeper,47,2,10966,130.2,0,0.0,43.09,RR,11.58
6827,Aditya Singh,25,India,Bowler,102,4,1532,109.5,849,4.07,35.08,GT,17.47
6828,Pranav Singh,24,India,Batter,32,2,14101,148.1,6,7.16,47.57,MI,15.8
6829,Irfan Patel,29,India,Batter,125,7,10948,115.3,9,8.19,44.52,LSG,13.79
6830,Rohan Naidu,33,India,Allrounder,88,4,2899,130.7,423,7.95,47.46,PBKS,12.61
6831,Karthik Shetty,23,India,Batter,49,2,14451,129.3,13,8.62,30.93,RR,13.78
6832,Ankit Chopra,35,England,Bowler,175,6,3878,107.4,615,6.83,47.28,GT,11.53
6833,Vikas Kulkarni,26,Sri Lanka,Batter,79,4,3247,144.3,14,8.82,36.55,DC,8.28
6834,Amit Malik,27,India,Allrounder,198,8,5404,101.0,117,5.67,46.02,LSG,12.98
6835,Aditya Naidu,36,South Africa,Batter,297,14,10197,134.1,15,9.1,25.05,DC,12.93
6836,Rahul Chopra,36,Australia,Wicketkeeper,38,2,4946,151.1,0,0.0,54.62,KKR,10.6
6837,Arjun Sharma,28,England,Batter,38,2,8468,130.7,10,7.52,47.2,PBKS,8.68
6838,Rahul Singh,20,West Indies,Allrounder,28,1,3440,153.1,199,7.58,24.02,RCB,7.37
6839,Rahul Reddy,35,Sri Lanka,Batter,147,9,13650,136.5,12,8.03,51.15,MI,15.52
6840,Rohan Singh,26,India,Allrounder,45,2,7145,153.7,218,8.06,37.92,KKR,11.11
6841,Irfan Singh,23,India,Batter,23,1,10133,120.6,3,8.91,34.78,RR,10.85
6842,Rahul Singh,30,India,Allrounder,213,11,5392,144.1,257,5.89,54.5,LSG,17.44
6843,Aditya Mehta,34,India,Batter,203,9,4174,98.4,15,6.9,48.54,MI,9.54
6844,Nikhil Sharma,34,India,Batter,81,3,9133,152.6,15,8.17,28.83,LSG,15.65
6845,Sameer Singh,38,Australia,Allrounder,97,4,4436,124.5,90,5.25,22.99,MI,9.07
6846,Arjun Shetty,26,West Indies,Allrounder,152,6,8524,102.6,148,5.92,27.84,KKR,11.24
6847,Irfan Naidu,30,South Africa,Batter,244,9,14902,152.2,2,6.37,29.75,RCB,18.05
6848,Vikas Khan,34,West Indies,Allrounder,58,2,2061,148.9,235,6.55,43.71,GT,12.2
6849,Irfan Naidu,35,India,Bowler,155,10,3371,137.3,688,6.35,49.01,RCB,14.66
6850,Sameer Sharma,37,South Africa,Wicketkeeper,38,2,6608,147.7,0,0.0,42.49,SRH,8.31
6851,Amit Kulkarni,28,South Africa,Bowler,15,1,1071,127.1,446,7.38,29.71,CSK,7.66
6852,Arjun Patel,40,Sri Lanka,Batter,74,4,6457,127.5,1,9.08,51.71,GT,9.52
6853,Pranav Malik,18,India,Wicketkeeper,19,1,9987,97.4,0,0.0,33.91,RR,8.24
6854,Harshit Naidu,23,South Africa,Bowler,49,2,3510,110.0,411,7.6,52.95,KKR,8.51
6855,Sandeep Khan,19,India,Bowler,25,1,2396,147.9,129,7.62,39.73,RR,7.95
6856,Ankit Yadav,26,India,Bowler,141,8,1713,147.2,855,6.46,47.16,DC,17.8
6857,Nikhil Yadav,39,England,Allrounder,233,12,6114,153.9,279,7.21,44.0,CSK,13.17
6858,Rahul Yadav,24,South Africa,Allrounder,63,3,2688,98.4,255,8.41,24.86,DC,6.75
6859,Aditya Sharma,19,West Indies,Batter,29,1,5561,118.1,14,7.58,47.4,PBKS,8.89
6860,Rahul Verma,26,India,Allrounder,27,1,3883,153.6,86,5.56,31.03,KKR,9.0
6861,Manoj Singh,20,Australia,Bowler,16,1,3987,111.5,736,5.63,40.28,RR,14.91
6862,Sameer Verma,42,South Africa,Allrounder,95,6,1845,104.0,251,5.21,46.1,RCB,11.29
6863,Vikas Chopra,22,India,Bowler,41,2,3485,109.1,553,4.71,47.75,SRH,13.16
6864,Sameer Mehta,37,England,Allrounder,176,7,6130,121.2,125,5.33,20.81,SRH,10.44
6865,Pranav Naidu,22,Sri Lanka,Batter,65,3,5882,136.9,8,7.21,23.15,SRH,9.57
6866,Ankit Reddy,37,England,Wicketkeeper,251,15,5160,148.3,0,0.0,51.83,DC,14.32
6867,Vikas Chopra,34,South Africa,Wicketkeeper,290,11,9182,101.3,0,0.0,54.68,KKR,12.73
6868,Amit Yadav,31,India,Wicketkeeper,100,6,5246,112.9,0,0.0,22.94,MI,9.01
6869,Vikas Kulkarni,22,Sri Lanka,Bowler,26,1,3219,119.5,295,4.02,42.04,GT,6.84
6870,Rahul Verma,38,West Indies,Bowler,189,9,3377,145.2,891,5.26,45.08,SRH,17.99
6871,Harshit Shetty,28,Australia,Allrounder,147,5,5649,139.1,309,6.23,52.92,LSG,13.54
6872,Nikhil Reddy,40,India,Bowler,602,21,2839,113.4,210,4.35,36.22,GT,14.7
6873,Irfan Verma,29,India,Allrounder,84,3,8521,127.5,138,6.74,30.52,KKR,11.36
6874,Sandeep Patel,28,India,Allrounder,91,4,3103,133.7,388,7.34,40.22,DC,10.65
6875,Irfan Sharma,27,West Indies,Wicketkeeper,197,7,11904,101.8,0,0.0,36.69,RR,12.19
6876,Aditya Verma,38,India,Bowler,468,19,1948,124.5,878,5.35,52.27,LSG,20.0
6877,Amit Chopra,28,India,Batter,109,7,6495,95.8,0,7.68,35.36,CSK,9.44
6878,Aditya Iyer,23,England,Batter,60,2,8953,141.8,3,8.87,37.97,KKR,10.56
6879,Nikhil Chopra,23,India,Wicketkeeper,21,1,5011,110.0,0,0.0,36.28,KKR,6.55
6880,Rahul Verma,35,India,Allrounder,284,12,8207,155.0,158,6.97,42.55,RCB,15.83
6881,Aditya Deshmukh,38,India,Wicketkeeper,112,5,6826,136.7,0,0.0,37.2,RCB,11.52
6882,Rahul Singh,28,Australia,Wicketkeeper,80,4,4542,116.3,0,0.0,48.45,CSK,8.0
6883,Arjun Malik,37,Sri Lanka,Wicketkeeper,335,13,10692,124.7,0,0.0,54.81,LSG,15.65
6884,Pranav Singh,19,India,Batter,21,1,5926,99.1,13,7.6,43.89,PBKS,8.63
6885,Vikas Khan,35,South Africa,Bowler,198,10,1383,110.0,443,4.18,32.38,RCB,11.59
6886,Vikas Yadav,26,India,Batter,116,7,3575,124.7,10,8.59,21.0,RR,7.15
6887,Vikas Iyer,32,West Indies,Wicketkeeper,33,2,8300,132.0,0,0.0,34.4,KKR,12.05
6888,Sandeep Naidu,27,Sri Lanka,Allrounder,145,6,6733,125.0,438,8.23,44.81,GT,12.15
6889,Sameer Iyer,23,England,Batter,87,4,7656,140.7,0,6.77,45.23,KKR,10.95
6890,Amit Mehta,39,West Indies,Bowler,506,19,2084,97.0,701,7.44,35.66,PBKS,19.17
6891,Karthik Deshmukh,20,South Africa,Batter,45,2,12322,100.7,12,8.38,34.37,GT,15.05
6892,Nikhil Kulkarni,36,Australia,Batter,176,7,14173,121.2,14,9.3,54.49,MI,14.13
6893,Sandeep Yadav,26,India,Batter,109,7,5326,138.1,9,6.2,40.34,MI,12.06
6894,Rahul Naidu,20,West Indies,Allrounder,54,2,4747,153.3,151,6.75,24.54,DC,7.99
6895,Vikas Yadav,32,Sri Lanka,Allrounder,62,4,2569,136.5,298,8.14,29.06,RCB,8.34
6896,Manoj Reddy,42,South Africa,Wicketkeeper,557,19,8545,149.1,0,0.0,35.03,GT,16.48
6897,Rahul Patel,35,India,Bowler,152,9,243,118.3,809,7.09,49.78,RR,15.05
6898,Irfan Malik,39,Australia,Allrounder,374,13,6544,103.5,169,7.23,42.74,MI,13.11
6899,Aditya Singh,32,India,Wicketkeeper,65,4,2798,106.5,0,0.0,34.42,SRH,6.19
6900,Karthik Patel,28,India,Wicketkeeper,177,6,3401,105.2,0,0.0,20.77,CSK,10.36
6901,Ankit Mehta,39,India,Wicketkeeper,146,5,11442,107.7,0,0.0,38.77,RR,13.44
6902,Nikhil Naidu,36,India,Wicketkeeper,249,11,11042,123.9,0,0.0,37.55,PBKS,16.12
6903,Sameer Iyer,27,India,Allrounder,76,4,6147,136.1,181,5.87,44.65,KKR,11.73
6904,Aditya Patel,42,England,Bowler,305,11,1774,147.9,126,5.36,42.54,RCB,8.84
6905,Harshit Mehta,31,India,Batter,80,3,3729,111.6,8,8.5,20.02,GT,7.89
6906,Rahul Shetty,19,India,Allrounder,24,1,1517,144.3,223,8.03,24.31,SRH,7.11
6907,Pranav Patel,19,Australia,Batter,30,1,13309,134.7,8,7.31,42.82,KKR,12.48
6908,Sameer Yadav,40,Australia,Wicketkeeper,99,6,5492,146.6,0,0.0,24.91,RR,8.1
6909,Karthik Iyer,23,Australia,Allrounder,104,4,3295,100.8,398,6.5,33.64,DC,9.03
6910,Ankit Yadav,36,South Africa,Allrounder,91,6,8440,148.9,188,5.05,38.45,PBKS,9.57
6911,Arjun Patel,22,Australia,Batter,90,3,13307,98.6,8,8.97,27.96,LSG,13.27
6912,Sameer Mehta,22,West Indies,Bowler,86,3,1382,118.2,849,4.99,48.1,RR,14.47
6913,Harshit Malik,38,West Indies,Wicketkeeper,112,6,2813,118.2,0,0.0,27.16,RR,8.41
6914,Sandeep Iyer,36,South Africa,Batter,84,4,5014,99.8,8,6.23,46.6,SRH,9.03
6915,Nikhil Shetty,23,India,Batter,95,5,3131,138.6,14,7.56,43.88,LSG,8.24
6916,Pranav Yadav,36,India,Wicketkeeper,25,1,3768,103.1,0,0.0,25.0,DC,5.63
6917,Pranav Yadav,20,India,Allrounder,44,2,1949,138.3,109,7.64,33.23,KKR,11.53
6918,Vikas Naidu,39,Sri Lanka,Bowler,180,12,2176,95.7,478,4.29,30.09,PBKS,14.82
6919,Karthik Shetty,19,England,Bowler,29,1,737,108.8,867,4.04,34.68,LSG,14.75
6920,Rahul Naidu,29,India,Wicketkeeper,103,4,4381,102.3,0,0.0,23.65,RCB,9.05
6921,Vikas Sharma,28,India,Bowler,119,4,3558,130.1,270,7.41,52.71,CSK,8.89
6922,Rohan Naidu,28,India,Wicketkeeper,129,7,6364,115.7,0,0.0,43.7,SRH,12.39
6923,Rahul Mehta,20,West Indies,Allrounder,22,1,6498,132.1,188,5.72,24.54,RR,8.23
6924,Sandeep Reddy,35,India,Bowler,172,10,1507,150.9,389,4.01,39.42,RR,11.01
6925,Vikas Kulkarni,24,India,Batter,22,1,4246,115.0,11,9.24,31.47,SRH,6.06
6926,Vikas Malik,30,South Africa,Allrounder,292,11,2220,137.4,146,6.4,39.8,RR,11.92
6927,Sameer Khan,30,England,Wicketkeeper,85,5,7439,150.5,0,0.0,20.89,KKR,9.12
6928,Arjun Shetty,28,India,Bowler,53,3,3610,114.8,412,6.69,26.31,RCB,10.57
6929,Arjun Kulkarni,39,India,Allrounder,210,7,7371,125.3,344,6.79,24.8,DC,12.58
6930,Aditya Verma,32,South Africa,Bowler,285,13,3987,119.5,528,4.77,34.31,PBKS,14.07
6931,Pranav Yadav,32,India,Bowler,105,6,2740,103.9,702,5.21,20.15,DC,16.34
6932,Rohan Sharma,33,Australia,Wicketkeeper,17,1,4853,153.2,0,0.0,53.02,RR,9.58
6933,Ankit Verma,24,India,Batter,129,6,7280,154.7,14,7.69,43.58,CSK,13.4
6934,Sameer Naidu,34,India,Batter,118,7,9551,102.1,6,6.24,52.06,DC,14.1
6935,Vikas Kulkarni,22,India,Batter,76,4,4674,145.6,0,8.21,51.44,SRH,11.52
6936,Manoj Mehta,39,India,Bowler,285,12,3827,97.9,384,5.7,26.59,RR,15.21
6937,Aditya Patel,23,South Africa,Bowler,120,4,3877,106.3,347,4.25,34.37,RCB,9.66
6938,Vikas Reddy,39,South Africa,Allrounder,295,11,6807,105.0,433,5.41,35.6,LSG,13.98
6939,Karthik Kulkarni,33,South Africa,Wicketkeeper,272,10,5546,115.4,0,0.0,36.37,SRH,9.62
6940,Aditya Yadav,30,India,Wicketkeeper,209,10,5877,120.8,0,0.0,42.56,CSK,12.27
6941,Nikhil Shetty,25,West Indies,Wicketkeeper,60,2,4709,151.2,0,0.0,23.78,GT,9.65
6942,Sandeep Kulkarni,21,Sri Lanka,Batter,33,2,12879,146.2,12,6.35,37.72,RR,14.74
6943,Nikhil Patel,20,England,Allrounder,33,2,4024,107.9,416,7.68,49.01,GT,10.79
6944,Rahul Reddy,32,India,Wicketkeeper,159,6,7139,150.4,0,0.0,42.24,CSK,11.26
6945,Manoj Sharma,36,West Indies,Bowler,212,11,3443,148.7,241,4.4,47.74,RR,12.06
6946,Aditya Reddy,34,Australia,Allrounder,424,15,2193,97.2,425,7.63,47.96,MI,12.16
6947,Rahul Kulkarni,18,India,Wicketkeeper,21,1,5089,103.3,0,0.0,27.78,DC,8.7
6948,Arjun Mehta,41,West Indies,Wicketkeeper,294,11,7988,129.6,0,0.0,29.27,CSK,12.11
6949,Vikas Sharma,19,Australia,Batter,30,1,14946,131.5,2,8.31,23.79,KKR,13.6
6950,Sandeep Naidu,20,India,Batter,19,1,6839,150.4,11,8.3,25.64,KKR,8.51
6951,Aditya Malik,38,India,Allrounder,363,19,1788,115.5,277,7.09,36.09,MI,15.83
6952,Amit Shetty,22,India,Bowler,41,2,3014,116.2,646,5.09,21.01,KKR,11.82
6953,Nikhil Chopra,22,England,Bowler,32,2,432,132.5,795,7.73,37.52,PBKS,11.74
6954,Harshit Deshmukh,21,India,Wicketkeeper,29,1,5077,118.0,0,0.0,38.88,LSG,7.71
6955,Manoj Naidu,32,India,Wicketkeeper,197,9,8914,117.8,0,0.0,32.6,GT,11.4
6956,Sandeep Mehta,18,South Africa,Bowler,25,1,426,111.6,391,5.76,26.3,RR,8.15
6957,Ankit Naidu,26,India,Wicketkeeper,78,5,9101,128.4,0,0.0,49.5,SRH,15.37
6958,Arjun Patel,22,West Indies,Wicketkeeper,24,1,11773,104.2,0,0.0,21.15,SRH,13.04
6959,Sandeep Sharma,37,West Indies,Wicketkeeper,65,4,3531,109.8,0,0.0,54.29,RCB,7.78
6960,Arjun Verma,24,India,Batter,18,1,7744,130.8,2,8.9,52.52,KKR,12.74
6961,Harshit Patel,36,South Africa,Batter,397,18,6195,154.0,0,7.56,30.37,LSG,14.82
6962,Karthik Shetty,38,England,Batter,178,11,7624,133.3,9,6.84,33.24,SRH,12.21
6963,Karthik Patel,25,India,Bowler,178,7,2287,113.3,745,6.38,41.63,PBKS,15.93
6964,Pranav Verma,18,South Africa,Allrounder,17,1,7022,98.1,233,5.97,51.92,MI,9.6
6965,Harshit Iyer,36,India,Wicketkeeper,171,7,11121,148.0,0,0.0,53.98,SRH,16.65
6966,Sameer Kulkarni,42,India,Batter,198,11,6940,136.0,3,8.51,39.57,RR,12.2
6967,Sameer Deshmukh,24,Sri Lanka,Batter,105,4,13890,106.4,9,6.44,30.13,DC,12.86
6968,Karthik Reddy,20,India,Bowler,28,1,3493,105.4,826,7.38,52.3,RCB,14.36
6969,Rahul Deshmukh,28,India,Allrounder,242,10,8684,137.9,447,6.83,23.86,DC,17.68
6970,Rahul Shetty,35,India,Allrounder,145,7,5539,152.5,304,5.94,29.32,RR,12.28
6971,Rohan Shetty,20,South Africa,Wicketkeeper,28,1,10699,112.8,0,0.0,26.92,SRH,9.68
6972,Irfan Yadav,26,India,Batter,221,8,4646,109.0,1,6.45,42.48,RCB,13.57
6973,Ankit Chopra,23,India,Batter,87,5,12026,128.2,11,7.59,24.28,DC,15.03
6974,Irfan Sharma,34,Australia,Batter,69,3,3747,142.0,4,8.81,20.76,MI,8.71
6975,Vikas Khan,24,South Africa,Allrounder,155,6,2835,99.1,301,6.34,47.72,DC,10.51
6976,Harshit Verma,36,West Indies,Batter,18,1,5303,149.1,7,8.58,28.27,CSK,8.22
6977,Harshit Patel,28,Sri Lanka,Bowler,209,7,1566,106.1,484,5.73,32.99,RR,13.65
6978,Rahul Reddy,19,India,Wicketkeeper,29,1,11161,126.3,0,0.0,21.87,GT,13.48
6979,Irfan Naidu,38,Sri Lanka,Allrounder,315,18,5966,127.6,79,7.5,49.01,GT,10.72
6980,Rohan Naidu,37,India,Bowler,149,7,3992,149.2,170,5.03,54.95,LSG,8.35
6981,Vikas Sharma,18,India,Wicketkeeper,20,1,10973,150.2,0,0.0,47.23,GT,14.92
6982,Rahul Deshmukh,23,Australia,Bowler,20,1,1274,129.4,724,7.09,26.66,MI,11.47
6983,Amit Verma,20,Australia,Bowler,42,2,2322,137.8,555,6.57,54.49,SRH,9.74
6984,Harshit Singh,35,South Africa,Bowler,206,10,1230,111.3,673,6.06,43.93,PBKS,13.04
6985,Sameer Patel,42,Sri Lanka,Batter,28,1,11617,105.6,7,9.43,31.41,PBKS,9.07
6986,Amit Sharma,25,India,Allrounder,84,3,4482,105.2,85,6.9,20.78,SRH,7.39
6987,Pranav Sharma,39,India,Bowler,73,3,3178,146.9,478,5.28,21.52,KKR,14.31
6988,Amit Reddy,30,South Africa,Wicketkeeper,51,2,9085,120.7,0,0.0,46.68,MI,10.73
6989,Rohan Shetty,35,India,Wicketkeeper,142,9,11055,152.2,0,0.0,54.49,GT,16.09
6990,Harshit Chopra,33,West Indies,Allrounder,51,3,5879,152.0,239,6.48,21.24,MI,10.8
6991,Vikas Shetty,36,Australia,Bowler,260,13,228,133.6,414,6.83,28.73,SRH,12.98
6992,Irfan Khan,29,Sri Lanka,Bowler,216,8,1889,102.8,255,5.93,50.51,SRH,11.01
6993,Irfan Yadav,20,India,Wicketkeeper,15,1,3718,116.5,0,0.0,41.91,RR,9.34
6994,Nikhil Kulkarni,31,India,Allrounder,30,1,7526,107.4,398,5.56,54.72,SRH,12.36
6995,Sameer Mehta,23,India,Batter,44,2,3915,152.7,12,8.64,30.35,CSK,8.85
6996,Vikas Malik,31,India,Wicketkeeper,160,9,11438,104.9,0,0.0,37.61,LSG,15.24
6997,Irfan Singh,29,Australia,Bowler,148,9,3304,105.5,392,5.88,45.66,GT,10.45
6998,Aditya Naidu,33,India,Allrounder,28,1,4102,106.2,238,6.27,31.62,MI,9.65
6999,Rahul Kulkarni,29,England,Allrounder,155,7,4692,138.6,254,6.97,36.87,RR,12.02
7000,Karthik Shetty,32,India,Allrounder,56,2,2473,103.3,111,6.84,52.01,MI,9.93
7001,Rahul Chopra,19,England,Batter,21,1,9016,136.0,13,9.25,20.62,CSK,6.97
7002,Harshit Khan,33,India,Bowler,257,11,2955,132.8,427,6.04,54.81,RR,14.98
7003,Manoj Patel,22,India,Wicketkeeper,90,3,6393,154.8,0,0.0,50.02,DC,12.07
7004,Arjun Sharma,24,South Africa,Allrounder,49,3,5628,152.2,260,5.22,41.44,GT,12.04
7005,Harshit Sharma,39,India,Bowler,458,21,3906,119.4,228,7.04,31.19,SRH,14.84
7006,Arjun Singh,23,India,Wicketkeeper,90,5,2554,122.8,0,0.0,25.14,KKR,10.24
7007,Sameer Mehta,20,India,Bowler,15,1,2314,146.5,94,5.36,21.33,GT,8.06
7008,Vikas Naidu,26,England,Batter,24,1,13753,102.5,0,6.53,34.11,RR,13.46
7009,Sameer Singh,21,England,Batter,53,2,3006,105.4,4,9.49,25.09,RR,6.76
7010,Amit Kulkarni,29,India,Wicketkeeper,198,8,7823,149.9,0,0.0,50.87,PBKS,15.31
7011,Pranav Khan,37,India,Bowler,38,2,1601,140.1,277,4.12,42.94,LSG,9.64
7012,Harshit Mehta,30,India,Batter,282,10,6160,124.7,13,8.69,54.7,PBKS,15.22
7013,Sandeep Reddy,26,South Africa,Wicketkeeper,65,4,9266,97.6,0,0.0,28.2,PBKS,10.45
7014,Karthik Kulkarni,40,India,Wicketkeeper,163,7,9998,118.8,0,0.0,35.74,LSG,12.84
7015,Aditya Khan,28,Australia,Wicketkeeper,88,3,5447,150.3,0,0.0,39.6,PBKS,10.63
7016,Ankit Malik,40,West Indies,Batter,356,13,13061,119.5,14,6.16,34.58,SRH,16.29
7017,Rahul Deshmukh,35,Australia,Allrounder,65,3,8319,131.0,123,8.38,42.25,RCB,8.69
7018,Amit Singh,32,West Indies,Wicketkeeper,315,13,8035,137.8,0,0.0,46.95,CSK,16.21
7019,Manoj Iyer,28,Australia,Allrounder,17,1,5952,109.2,420,7.22,50.59,SRH,10.85
7020,Karthik Chopra,41,England,Wicketkeeper,282,18,4161,138.9,0,0.0,45.97,PBKS,14.75
7021,Sameer Mehta,25,West Indies,Batter,134,5,4019,143.2,14,9.49,49.02,KKR,7.82
7022,Sameer Iyer,26,India,Allrounder,37,2,3764,104.1,468,8.33,37.42,CSK,10.42
7023,Vikas Chopra,37,West Indies,Allrounder,308,18,8850,114.8,199,7.03,49.38,RCB,14.84
7024,Sandeep Verma,18,West Indies,Wicketkeeper,28,1,5711,140.7,0,0.0,45.23,LSG,10.12
7025,Vikas Reddy,29,Sri Lanka,Bowler,237,8,930,110.6,318,7.79,45.74,RCB,10.31
7026,Rohan Singh,19,Australia,Bowler,27,1,2684,113.8,592,6.1,25.62,SRH,10.94
7027,Irfan Patel,27,England,Bowler,78,4,3925,130.7,695,7.4,48.87,CSK,11.54
7028,Rahul Naidu,30,India,Wicketkeeper,149,9,10237,127.7,0,0.0,27.7,LSG,12.61
7029,Aditya Malik,36,West Indies,Batter,23,1,9501,117.9,14,7.18,54.05,PBKS,10.91
7030,Amit Mehta,31,England,Wicketkeeper,33,2,4018,95.3,0,0.0,54.5,PBKS,5.58
7031,Aditya Malik,42,South Africa,Bowler,53,2,3971,154.8,246,7.73,36.68,DC,5.49
7032,Sandeep Patel,28,India,Wicketkeeper,138,8,11129,152.8,0,0.0,33.85,CSK,16.15
7033,Harshit Khan,18,England,Wicketkeeper,26,1,2881,96.6,0,0.0,27.85,PBKS,3.66
7034,Rohan Verma,18,England,Allrounder,28,1,8475,95.8,471,8.31,39.11,MI,12.5
7035,Amit Khan,42,Sri Lanka,Bowler,235,13,2035,112.2,461,4.29,23.08,DC,14.51
7036,Amit Iyer,31,Sri Lanka,Bowler,65,3,2214,130.5,661,7.27,51.57,MI,10.16
7037,Nikhil Deshmukh,23,England,Bowler,99,5,1882,153.3,109,6.62,37.85,CSK,5.09
7038,Pranav Naidu,21,India,Bowler,87,3,1869,129.6,269,6.43,36.95,RR,6.25
7039,Sameer Deshmukh,18,West Indies,Bowler,21,1,3403,133.7,874,7.21,48.05,SRH,12.69
7040,Sameer Khan,22,England,Wicketkeeper,43,2,10553,142.2,0,0.0,26.69,LSG,12.02
7041,Sameer Reddy,33,West Indies,Allrounder,233,10,3175,107.0,465,7.28,40.42,RR,12.17
7042,Harshit Verma,23,Australia,Batter,54,3,9857,154.8,1,8.37,21.07,GT,11.77
7043,Karthik Malik,33,South Africa,Allrounder,221,8,4322,99.6,311,5.32,33.94,SRH,10.0
7044,Manoj Malik,28,England,Allrounder,131,8,7854,145.6,396,7.88,45.79,SRH,14.76
7045,Sandeep Naidu,36,India,Allrounder,123,6,4661,114.4,315,8.14,23.09,PBKS,10.5
7046,Rahul Reddy,39,India,Allrounder,98,5,6964,146.1,306,5.2,45.57,DC,13.71
7047,Ankit Patel,33,West Indies,Bowler,344,15,1968,115.4,623,6.65,33.3,MI,15.65
7048,Pranav Patel,30,Australia,Allrounder,95,4,8891,98.8,284,8.35,47.08,SRH,9.66
7049,Rohan Naidu,39,India,Wicketkeeper,389,16,9803,113.6,0,0.0,21.37,RR,14.29
7050,Vikas Patel,39,West Indies,Batter,73,3,5933,114.9,15,8.6,45.28,GT,9.47
7051,Amit Malik,33,West Indies,Wicketkeeper,339,14,11051,137.5,0,0.0,38.72,RR,16.68
7052,Pranav Deshmukh,39,India,Wicketkeeper,197,13,7915,141.6,0,0.0,40.34,SRH,15.49
7053,Karthik Chopra,39,South Africa,Allrounder,20,1,2681,139.0,461,6.0,40.62,SRH,10.44
7054,Rohan Shetty,20,England,Bowler,32,2,2176,149.1,818,4.05,39.1,RR,14.98
7055,Ankit Yadav,30,India,Batter,98,6,7801,148.0,2,9.04,35.57,MI,10.71
7056,Pranav Mehta,39,Sri Lanka,Bowler,199,8,192,119.9,624,5.93,35.73,GT,13.04
7057,Ankit Shetty,41,Australia,Wicketkeeper,321,14,9215,148.7,0,0.0,47.59,MI,15.32
7058,Amit Shetty,19,India,Wicketkeeper,28,1,10087,102.6,0,0.0,41.36,DC,13.38
7059,Ankit Deshmukh,19,India,Allrounder,27,1,4025,130.7,79,8.49,47.51,RCB,9.46
7060,Manoj Khan,41,England,Allrounder,94,5,7138,116.0,376,7.69,33.01,DC,12.7
7061,Aditya Naidu,41,Sri Lanka,Allrounder,400,20,4098,125.0,98,7.53,39.97,GT,13.81
7062,Sandeep Sharma,30,India,Bowler,253,9,2935,141.7,207,6.71,29.5,RCB,10.05
7063,Arjun Sharma,20,India,Batter,17,1,7555,112.5,1,6.51,37.76,CSK,9.82
7064,Pranav Singh,19,England,Wicketkeeper,29,1,10460,115.5,0,0.0,39.89,DC,10.53
7065,Sandeep Chopra,25,India,Bowler,83,3,279,125.6,272,4.2,32.88,RCB,9.02
7066,Manoj Reddy,22,Australia,Bowler,22,1,1467,120.4,681,6.03,29.95,PBKS,11.3
7067,Manoj Mehta,34,Sri Lanka,Allrounder,21,1,2632,106.1,335,8.16,43.85,GT,7.85
7068,Harshit Singh,32,India,Allrounder,150,6,2376,127.3,371,8.24,50.67,RR,14.29
7069,Pranav Iyer,24,Australia,Batter,85,4,12996,124.6,8,6.44,36.0,SRH,10.74
7070,Nikhil Sharma,29,South Africa,Batter,157,10,12398,121.6,9,6.03,32.92,RR,15.69
7071,Amit Malik,32,India,Bowler,243,9,1191,151.3,495,6.55,23.0,RR,12.95
7072,Sandeep Verma,41,Australia,Wicketkeeper,264,11,6473,114.6,0,0.0,35.54,SRH,9.53
7073,Harshit Iyer,20,India,Allrounder,29,1,4004,141.5,339,6.59,35.52,CSK,12.46
7074,Nikhil Chopra,25,India,Batter,108,6,5267,137.6,1,6.1,50.97,MI,12.68
7075,Pranav Patel,23,West Indies,Allrounder,26,1,2141,129.9,147,6.8,25.7,RCB,8.61
7076,Amit Singh,30,India,Allrounder,234,9,6982,109.1,209,5.77,35.08,SRH,14.97
7077,Amit Sharma,23,Sri Lanka,Wicketkeeper,45,2,10300,150.7,0,0.0,38.26,GT,14.35
7078,Harshit Sharma,29,India,Batter,35,2,14884,111.0,13,6.67,33.44,KKR,15.2
7079,Rohan Shetty,18,West Indies,Bowler,24,1,982,121.4,244,6.37,33.74,LSG,5.94
7080,Sameer Chopra,31,South Africa,Allrounder,154,8,6708,109.5,152,6.98,22.76,SRH,10.81
7081,Sandeep Yadav,20,West Indies,Bowler,26,1,3321,110.1,343,4.09,23.21,KKR,10.15
7082,Sameer Naidu,25,India,Wicketkeeper,107,4,8324,115.2,0,0.0,47.05,KKR,11.37
7083,Rahul Mehta,35,Australia,Bowler,252,11,2467,131.7,707,6.72,49.84,RR,14.7
7084,Sandeep Verma,31,India,Bowler,169,9,2786,148.1,761,5.07,33.97,KKR,17.16
7085,Ankit Chopra,20,West Indies,Allrounder,21,1,7524,119.3,355,6.4,23.43,GT,7.59
7086,Karthik Chopra,23,Australia,Batter,33,2,5090,103.3,10,9.41,31.93,MI,6.63
7087,Karthik Khan,32,Sri Lanka,Wicketkeeper,30,1,5554,114.2,0,0.0,22.61,CSK,4.82
7088,Rohan Deshmukh,27,England,Allrounder,131,5,2068,97.7,92,5.53,30.23,LSG,8.26
7089,Ankit Shetty,25,West Indies,Batter,167,7,6455,115.4,3,9.03,24.33,RR,10.5
7090,Rohan Iyer,39,Australia,Bowler,40,2,2463,154.8,822,6.45,28.13,RR,12.96
7091,Manoj Chopra,31,England,Allrounder,92,4,3250,153.3,402,5.98,26.26,SRH,13.32
7092,Vikas Malik,21,West Indies,Batter,26,1,11248,109.4,15,7.79,52.63,DC,9.47
7093,Pranav Iyer,22,England,Bowler,62,4,3434,143.9,271,7.73,31.02,LSG,8.51
7094,Nikhil Iyer,33,Australia,Batter,212,11,4809,109.5,0,7.41,51.18,RR,11.28
7095,Irfan Iyer,23,West Indies,Wicketkeeper,30,2,10505,149.9,0,0.0,34.66,GT,9.58
7096,Sameer Deshmukh,25,Sri Lanka,Wicketkeeper,62,4,8705,134.4,0,0.0,25.79,SRH,13.65
7097,Nikhil Deshmukh,38,India,Allrounder,359,20,6113,132.9,460,6.52,33.49,PBKS,17.81
7098,Vikas Deshmukh,30,England,Allrounder,270,11,2675,95.1,136,6.25,48.15,KKR,9.99
7099,Sandeep Patel,36,India,Batter,295,11,10726,153.2,0,9.11,45.17,MI,15.74
7100,Amit Chopra,39,India,Batter,34,2,3902,111.2,11,7.92,54.98,RCB,8.09
7101,Amit Chopra,25,India,Bowler,48,2,2942,135.9,447,6.24,43.88,PBKS,10.99
7102,Rohan Reddy,30,India,Batter,29,1,4909,95.6,0,8.96,27.71,RR,7.4
7103,Irfan Chopra,20,Australia,Wicketkeeper,55,2,10131,134.9,0,0.0,51.33,RCB,11.36
7104,Harshit Patel,29,India,Batter,295,10,3720,119.8,12,8.4,32.65,LSG,12.38
7105,Aditya Reddy,31,West Indies,Batter,170,6,14921,139.5,11,8.58,41.25,GT,15.83
7106,Harshit Sharma,32,Sri Lanka,Wicketkeeper,230,12,4484,112.5,0,0.0,52.38,RCB,8.78
7107,Irfan Singh,31,India,Bowler,24,1,3685,142.4,428,6.1,27.5,CSK,10.43
7108,Sandeep Deshmukh,18,India,Bowler,26,1,632,147.5,361,5.31,21.75,LSG,6.67
7109,Harshit Shetty,20,South Africa,Allrounder,58,2,3955,123.9,235,6.79,46.29,DC,9.56
7110,Karthik Reddy,35,South Africa,Wicketkeeper,367,14,4467,111.9,0,0.0,27.67,SRH,10.22
7111,Amit Sharma,26,India,Allrounder,89,3,2398,129.3,148,8.24,23.66,CSK,9.35
7112,Vikas Naidu,42,Australia,Allrounder,350,15,7493,154.9,89,5.68,26.85,GT,15.54
7113,Arjun Shetty,18,India,Bowler,20,1,603,120.2,412,6.32,51.0,RCB,8.47
7114,Vikas Naidu,41,India,Bowler,658,22,2991,130.8,224,6.87,20.38,RR,17.12
7115,Rohan Singh,24,India,Bowler,133,6,1130,121.7,201,7.34,52.61,CSK,8.21
7116,Ankit Naidu,33,South Africa,Wicketkeeper,224,8,9661,124.7,0,0.0,44.3,GT,15.48
7117,Amit Sharma,20,India,Batter,18,1,11678,139.7,12,6.24,31.83,DC,12.55
7118,Nikhil Shetty,23,India,Wicketkeeper,85,3,5876,116.1,0,0.0,24.15,KKR,8.52
7119,Rohan Sharma,27,South Africa,Batter,234,9,6691,106.1,2,6.51,31.49,RCB,11.57
7120,Pranav Chopra,28,India,Allrounder,154,6,5439,117.1,229,8.12,45.35,CSK,11.83
7121,Karthik Singh,33,India,Allrounder,223,13,5669,130.5,430,5.29,36.87,MI,15.02
7122,Vikas Naidu,25,West Indies,Bowler,125,6,1124,145.8,342,7.72,35.92,CSK,8.26
7123,Amit Patel,30,West Indies,Allrounder,157,9,3503,106.6,299,7.71,39.68,KKR,10.68
7124,Irfan Patel,29,Australia,Allrounder,210,11,6547,115.9,155,5.26,27.91,GT,13.83
7125,Ankit Naidu,23,India,Allrounder,90,4,8559,124.4,454,7.52,46.29,CSK,11.98
7126,Irfan Malik,32,India,Bowler,64,4,193,100.2,512,5.96,45.74,LSG,11.98
7127,Amit Singh,29,Sri Lanka,Wicketkeeper,65,4,5512,145.0,0,0.0,51.62,SRH,11.11
7128,Rahul Kulkarni,33,West Indies,Bowler,189,10,3597,140.2,477,6.17,46.32,CSK,12.72
7129,Ankit Reddy,23,India,Wicketkeeper,87,4,2861,104.3,0,0.0,25.75,PBKS,9.26
7130,Nikhil Malik,27,India,Wicketkeeper,49,2,8388,99.3,0,0.0,31.2,RR,10.26
7131,Rahul Malik,30,India,Batter,175,7,12456,154.9,4,7.66,35.08,GT,16.57
7132,Ankit Chopra,20,Australia,Wicketkeeper,22,1,8415,138.6,0,0.0,44.27,RR,10.87
7133,Nikhil Naidu,35,India,Batter,145,8,14322,98.5,12,6.72,39.11,DC,15.55
7134,Nikhil Malik,24,West Indies,Allrounder,28,1,6242,154.9,88,7.45,32.55,RCB,8.38
7135,Pranav Naidu,34,South Africa,Batter,334,13,10077,117.9,6,9.14,44.13,DC,15.55
7136,Harshit Mehta,26,Australia,Allrounder,175,6,7103,98.2,126,7.09,22.74,RR,9.29
7137,Harshit Malik,23,India,Wicketkeeper,25,1,8121,96.2,0,0.0,32.98,PBKS,8.84
7138,Amit Yadav,34,West Indies,Batter,127,8,13876,105.4,14,8.61,41.2,DC,13.3
7139,Rohan Deshmukh,29,India,Bowler,197,7,3509,142.8,120,5.1,47.94,SRH,11.75
7140,Rohan Chopra,34,India,Bowler,201,12,3660,126.5,702,6.95,29.96,GT,12.44
7141,Aditya Iyer,42,Sri Lanka,Wicketkeeper,154,6,5935,143.6,0,0.0,26.51,LSG,10.24
7142,Nikhil Malik,27,India,Wicketkeeper,17,1,11624,112.4,0,0.0,26.44,KKR,11.96
7143,Rahul Khan,20,Sri Lanka,Wicketkeeper,51,2,4036,135.5,0,0.0,44.02,LSG,6.07
7144,Rohan Sharma,21,India,Bowler,30,1,3570,119.9,304,6.48,23.51,RCB,8.95
7145,Rohan Singh,31,Australia,Wicketkeeper,33,2,10261,149.7,0,0.0,37.77,LSG,12.37
7146,Arjun Verma,38,India,Batter,309,20,4018,130.3,0,7.42,26.75,GT,13.46
7147,Vikas Yadav,42,India,Batter,18,1,7526,119.3,0,6.46,27.95,CSK,5.91
7148,Rahul Deshmukh,26,India,Batter,18,1,8820,148.6,2,6.86,38.58,KKR,13.92
7149,Harshit Naidu,36,Australia,Wicketkeeper,111,5,6592,124.0,0,0.0,44.13,RCB,9.13
7150,Rohan Singh,38,India,Wicketkeeper,357,15,7583,152.1,0,0.0,23.93,RR,16.42
7151,Ankit Khan,31,India,Batter,187,9,9507,130.0,10,8.92,25.12,GT,14.66
7152,Karthik Khan,37,India,Allrounder,299,15,5721,123.9,276,6.04,44.19,CSK,14.48
7153,Nikhil Iyer,41,India,Batter,606,23,6673,127.1,7,6.85,43.96,PBKS,19.06
7154,Ankit Reddy,34,Sri Lanka,Wicketkeeper,143,5,8702,121.9,0,0.0,50.21,MI,11.33
7155,Manoj Reddy,35,India,Bowler,69,3,2988,123.2,667,7.3,54.05,RR,10.86
7156,Irfan Naidu,36,West Indies,Wicketkeeper,171,6,9452,99.5,0,0.0,20.12,CSK,11.72
7157,Karthik Khan,40,West Indies,Allrounder,382,13,4975,131.1,230,6.33,42.02,SRH,13.03
7158,Pranav Singh,37,Sri Lanka,Wicketkeeper,350,15,9605,123.6,0,0.0,24.37,PBKS,13.24
7159,Amit Khan,33,England,Batter,62,4,14999,146.1,13,6.6,50.38,LSG,15.24
7160,Pranav Deshmukh,34,Sri Lanka,Bowler,105,5,3431,134.9,309,6.56,40.92,KKR,9.02
7161,Karthik Shetty,36,India,Allrounder,238,8,6941,120.7,408,5.71,44.36,SRH,15.49
7162,Arjun Chopra,23,England,Wicketkeeper,88,4,3355,127.2,0,0.0,20.65,RR,7.81
7163,Rohan Malik,32,India,Allrounder,107,4,7590,145.7,426,8.34,29.12,RR,12.12
7164,Karthik Khan,29,India,Batter,49,3,7072,150.4,6,8.16,23.36,KKR,10.2
7165,Pranav Chopra,18,India,Wicketkeeper,15,1,5193,125.2,0,0.0,35.97,PBKS,8.64
7166,Nikhil Kulkarni,40,England,Bowler,585,22,1631,145.1,713,5.56,33.32,DC,20.0
7167,Arjun Chopra,42,India,Batter,168,7,14201,99.0,1,6.22,21.5,GT,14.06
7168,Irfan Deshmukh,32,India,Batter,256,10,5087,138.1,6,7.43,27.13,PBKS,13.67
7169,Ankit Deshmukh,39,India,Batter,471,21,7810,136.2,2,8.26,28.93,SRH,17.06
7170,Sameer Malik,36,India,Allrounder,403,16,5972,136.1,495,7.1,36.33,LSG,17.58
7171,Karthik Patel,27,Sri Lanka,Wicketkeeper,175,9,7302,115.2,0,0.0,41.67,MI,11.21
7172,Irfan Mehta,37,India,Allrounder,386,17,3155,120.6,256,8.42,33.71,RR,14.27
7173,Rahul Reddy,29,South Africa,Allrounder,29,1,2962,99.6,176,6.62,39.36,RCB,8.34
7174,Arjun Kulkarni,18,India,Bowler,17,1,3647,102.3,810,5.25,36.32,LSG,16.6
7175,Ankit Malik,25,South Africa,Batter,44,2,4013,119.1,2,6.01,23.7,RR,6.87
7176,Arjun Naidu,39,Sri Lanka,Batter,356,20,3118,144.5,8,6.09,52.07,MI,14.56
7177,Aditya Khan,28,Sri Lanka,Bowler,170,10,3727,127.4,608,4.79,29.73,CSK,13.52
7178,Sandeep Iyer,37,India,Batter,323,18,12097,121.2,12,7.73,29.42,MI,16.83
7179,Vikas Khan,19,South Africa,Batter,18,1,13387,102.6,2,8.45,21.86,SRH,9.57
7180,Rahul Naidu,33,India,Allrounder,77,4,4839,135.0,467,7.69,37.45,SRH,13.24
7181,Ankit Patel,29,India,Allrounder,116,6,4287,124.8,226,6.64,35.3,RCB,11.37
7182,Harshit Shetty,36,India,Wicketkeeper,67,3,9228,118.6,0,0.0,37.49,SRH,12.54
7183,Aditya Yadav,30,India,Batter,74,4,11397,136.5,13,7.85,44.89,RR,13.42
7184,Ankit Sharma,40,Sri Lanka,Wicketkeeper,225,10,6791,117.7,0,0.0,34.47,CSK,11.01
7185,Sameer Shetty,24,India,Bowler,49,3,2321,127.2,169,5.42,35.87,DC,8.94
7186,Manoj Verma,31,India,Bowler,140,6,2667,136.8,525,7.38,51.45,LSG,10.47
7187,Karthik Chopra,37,India,Wicketkeeper,277,14,3556,137.5,0,0.0,53.98,MI,15.93
7188,Rohan Malik,27,West Indies,Bowler,145,6,1125,152.8,869,6.42,25.54,SRH,15.75
7189,Vikas Singh,36,India,Allrounder,87,3,3674,129.7,140,5.18,54.42,CSK,8.59
7190,Amit Khan,29,India,Allrounder,49,2,2756,107.7,347,6.46,38.25,RR,10.89
7191,Ankit Patel,40,India,Wicketkeeper,251,9,3905,133.9,0,0.0,31.03,KKR,11.41
7192,Nikhil Kulkarni,19,India,Allrounder,20,1,5016,153.5,432,7.5,51.39,PBKS,12.32
7193,Arjun Verma,42,India,Bowler,160,9,2358,114.6,900,5.11,33.0,LSG,19.37
7194,Amit Khan,23,India,Allrounder,27,1,8535,101.0,148,6.38,46.67,PBKS,11.79
7195,Pranav Yadav,25,India,Bowler,115,5,2386,147.8,305,5.39,52.44,RR,11.34
7196,Karthik Deshmukh,22,India,Allrounder,104,4,8568,154.3,351,5.09,44.85,MI,15.58
7197,Sandeep Chopra,23,India,Batter,46,3,10005,118.4,5,7.82,38.15,KKR,11.93
7198,Arjun Yadav,25,India,Batter,139,7,8964,132.4,3,7.14,23.25,PBKS,14.94
7199,Karthik Naidu,31,India,Batter,207,8,14719,111.5,13,8.17,20.62,RR,14.28
7200,Rahul Naidu,18,India,Batter,22,1,6742,129.7,10,7.93,34.93,RCB,9.78
7201,Aditya Yadav,36,India,Bowler,65,4,3709,148.6,462,4.27,41.4,DC,12.62
7202,Sandeep Deshmukh,25,Sri Lanka,Wicketkeeper,53,3,7597,101.9,0,0.0,37.88,GT,9.94
7203,Harshit Verma,29,Australia,Batter,191,11,7365,98.6,14,7.74,41.24,CSK,10.09
7204,Harshit Malik,39,West Indies,Batter,282,16,11713,139.9,5,8.83,27.1,RR,13.41
7205,Rohan Reddy,20,India,Allrounder,18,1,4778,115.6,139,8.02,53.13,GT,9.44
7206,Amit Yadav,30,South Africa,Wicketkeeper,86,3,7166,99.3,0,0.0,37.02,GT,9.32
7207,Sandeep Deshmukh,38,India,Bowler,260,15,3923,109.9,221,6.27,47.0,RCB,13.42
7208,Vikas Naidu,26,India,Wicketkeeper,70,3,10895,132.6,0,0.0,20.63,GT,11.18
7209,Ankit Verma,41,Australia,Bowler,66,3,558,124.5,613,6.31,26.86,MI,12.38
7210,Karthik Singh,42,India,Allrounder,311,16,3614,148.8,278,8.49,30.24,PBKS,17.01
7211,Manoj Verma,27,Australia,Wicketkeeper,38,2,3777,127.5,0,0.0,31.08,KKR,6.91
7212,Nikhil Verma,18,South Africa,Wicketkeeper,25,1,5490,141.5,0,0.0,52.56,CSK,7.42
7213,Sandeep Mehta,42,India,Bowler,248,12,1224,143.3,355,5.36,37.44,KKR,12.37
7214,Rohan Deshmukh,39,India,Bowler,458,18,1307,151.3,85,5.51,37.86,DC,12.62
7215,Karthik Singh,42,Sri Lanka,Wicketkeeper,339,18,11408,123.0,0,0.0,43.54,SRH,16.71
7216,Pranav Naidu,21,South Africa,Allrounder,72,3,2957,114.5,217,5.91,52.62,CSK,8.48
7217,Aditya Reddy,40,India,Batter,15,1,7927,144.6,6,8.37,29.49,RCB,12.29
7218,Rahul Verma,39,Australia,Wicketkeeper,365,15,10297,127.6,0,0.0,54.0,PBKS,14.81
7219,Nikhil Iyer,23,India,Allrounder,67,3,2908,104.6,305,6.12,37.88,RR,8.45
7220,Amit Singh,42,West Indies,Bowler,398,22,2982,104.6,132,5.47,51.1,RR,12.79
7221,Amit Deshmukh,35,West Indies,Bowler,57,2,17,129.1,688,7.76,47.11,LSG,8.72
7222,Amit Mehta,34,England,Bowler,112,6,2564,137.1,197,7.26,21.55,RCB,6.73
7223,Vikas Kulkarni,18,Australia,Bowler,30,1,2313,99.3,163,4.6,20.35,DC,9.72
7224,Karthik Malik,24,India,Bowler,15,1,686,118.5,402,5.16,28.44,PBKS,10.2
7225,Harshit Kulkarni,20,India,Batter,30,1,12792,126.8,4,6.23,29.57,RCB,11.79
7226,Ankit Shetty,29,Australia,Bowler,238,8,867,95.5,252,7.02,49.49,PBKS,9.3
7227,Vikas Iyer,31,Australia,Batter,207,13,12026,138.0,0,9.34,45.68,RCB,15.82
7228,Pranav Sharma,38,India,Wicketkeeper,348,15,11251,151.0,0,0.0,27.32,CSK,17.79
7229,Harshit Singh,21,South Africa,Batter,47,2,8370,141.4,4,9.48,45.43,CSK,11.44
7230,Arjun Chopra,27,England,Batter,210,7,12435,127.7,5,7.26,42.89,GT,13.86
7231,Rahul Singh,39,India,Allrounder,34,2,6792,137.3,480,7.17,22.88,MI,14.43
7232,Amit Sharma,34,Sri Lanka,Wicketkeeper,386,14,7247,116.3,0,0.0,35.19,PBKS,13.93
7233,Rahul Shetty,36,India,Batter,230,9,12547,105.4,1,6.91,24.86,LSG,15.69
7234,Irfan Khan,25,Sri Lanka,Allrounder,75,4,5360,124.6,104,6.28,22.2,GT,8.1
7235,Harshit Patel,40,England,Batter,334,12,12434,140.9,13,9.31,45.58,RCB,18.4
7236,Rohan Shetty,34,India,Bowler,248,9,2215,131.2,756,4.66,38.54,KKR,17.86
7237,Rahul Singh,31,India,Wicketkeeper,310,11,8066,153.9,0,0.0,46.17,SRH,16.72
7238,Harshit Naidu,39,Australia,Allrounder,524,20,7000,146.0,485,7.02,25.43,MI,17.38
7239,Amit Naidu,38,India,Batter,429,16,13554,136.4,1,6.05,23.44,MI,18.15
7240,Vikas Reddy,25,England,Bowler,84,3,608,139.7,197,4.44,29.47,KKR,8.65
7241,Vikas Verma,38,England,Bowler,432,16,2585,150.0,168,6.39,31.08,CSK,10.84
7242,Manoj Yadav,29,Australia,Wicketkeeper,175,6,6124,108.0,0,0.0,23.73,MI,8.42
7243,Manoj Patel,35,England,Batter,302,15,5388,98.7,3,6.46,23.07,MI,9.52
7244,Nikhil Verma,21,India,Allrounder,84,3,2711,114.3,411,6.51,44.73,PBKS,12.44
7245,Pranav Mehta,40,India,Allrounder,316,13,3181,142.1,159,8.05,38.57,DC,12.44
7246,Manoj Verma,30,India,Wicketkeeper,236,11,6154,101.1,0,0.0,44.84,GT,12.57
7247,Sameer Verma,20,India,Wicketkeeper,17,1,11786,116.8,0,0.0,23.0,CSK,11.61
7248,Irfan Patel,35,South Africa,Batter,37,2,12096,115.3,5,8.95,27.64,CSK,8.57
7249,Vikas Iyer,23,England,Allrounder,61,3,6157,149.1,461,8.05,31.86,RR,9.91
7250,Pranav Chopra,41,West Indies,Batter,195,11,13514,129.8,15,7.24,45.67,PBKS,16.01
7251,Rahul Naidu,34,India,Allrounder,253,11,3834,130.6,486,5.22,53.35,PBKS,15.4
7252,Sameer Kulkarni,25,Australia,Batter,83,4,12870,149.5,8,6.92,53.26,KKR,16.3
7253,Rohan Mehta,35,India,Batter,172,7,3764,140.3,2,6.94,28.36,SRH,11.52
7254,Nikhil Singh,19,West Indies,Wicketkeeper,17,1,11278,139.3,0,0.0,47.91,RR,12.65
7255,Sameer Khan,40,India,Bowler,155,7,1927,138.0,683,4.94,48.42,KKR,17.89
7256,Harshit Reddy,42,India,Wicketkeeper,179,6,6393,116.5,0,0.0,25.87,SRH,10.56
7257,Ankit Sharma,40,India,Wicketkeeper,50,2,9555,100.5,0,0.0,40.14,DC,11.56
7258,Amit Reddy,26,India,Batter,16,1,12424,144.4,3,9.42,35.25,LSG,13.26
7259,Ankit Patel,32,England,Wicketkeeper,191,10,2917,127.2,0,0.0,29.78,CSK,12.08
7260,Vikas Deshmukh,35,Australia,Allrounder,343,13,3724,123.9,221,5.57,36.22,LSG,15.62
7261,Nikhil Yadav,40,West Indies,Bowler,273,12,3554,152.2,828,5.98,41.14,MI,17.5
7262,Rohan Khan,31,India,Allrounder,137,7,5286,102.7,301,7.12,54.88,PBKS,13.29
7263,Arjun Chopra,21,India,Wicketkeeper,15,1,10183,141.4,0,0.0,50.7,GT,14.53
7264,Aditya Kulkarni,38,India,Wicketkeeper,300,18,3825,119.9,0,0.0,37.57,KKR,12.63
7265,Pranav Malik,37,India,Batter,350,15,13280,106.6,3,7.83,44.13,KKR,17.3
7266,Sandeep Yadav,32,England,Wicketkeeper,265,12,11201,149.2,0,0.0,25.73,RCB,16.25
7267,Pranav Deshmukh,35,India,Batter,70,4,10206,139.3,14,6.3,29.56,PBKS,13.0
7268,Irfan Patel,31,India,Allrounder,44,2,5619,136.7,480,7.18,31.27,GT,13.01
7269,Rohan Reddy,26,South Africa,Bowler,77,5,250,128.0,340,7.1,50.41,LSG,7.5
7270,Nikhil Naidu,39,England,Allrounder,138,5,2257,147.1,134,7.67,20.71,RR,6.24
7271,Irfan Singh,28,Australia,Allrounder,131,5,6154,100.4,380,5.85,35.47,GT,12.21
7272,Rahul Verma,29,India,Wicketkeeper,57,2,3593,148.4,0,0.0,36.36,PBKS,10.93
7273,Aditya Khan,39,India,Batter,220,9,7972,114.6,9,8.97,31.88,PBKS,12.15
7274,Pranav Deshmukh,27,India,Bowler,119,7,1724,120.5,437,7.4,47.64,DC,13.42
7275,Irfan Shetty,25,India,Wicketkeeper,133,5,9114,109.2,0,0.0,53.21,KKR,12.33
7276,Karthik Singh,30,Australia,Wicketkeeper,344,12,7374,129.5,0,0.0,46.58,RCB,13.01
7277,Rahul Malik,23,Sri Lanka,Bowler,30,1,37,124.6,494,4.34,51.54,DC,10.48
7278,Rahul Iyer,29,England,Batter,149,9,10746,97.8,14,9.07,30.63,SRH,11.74
7279,Vikas Singh,35,South Africa,Wicketkeeper,214,8,10881,121.6,0,0.0,26.03,CSK,13.8
7280,Sandeep Naidu,19,South Africa,Bowler,28,1,701,106.1,291,6.77,32.13,MI,5.53
7281,Sandeep Khan,37,India,Allrounder,130,8,5277,123.9,362,7.32,45.85,RR,14.77
7282,Ankit Singh,32,India,Wicketkeeper,58,3,4583,152.7,0,0.0,24.08,GT,12.29
7283,Ankit Kulkarni,31,India,Bowler,56,2,1853,108.8,85,6.7,34.51,SRH,6.27
7284,Vikas Kulkarni,20,India,Bowler,16,1,680,103.2,412,4.12,31.19,RCB,12.05
7285,Rohan Malik,39,Sri Lanka,Batter,213,8,8060,149.0,0,7.2,45.96,RR,11.77
7286,Arjun Khan,42,India,Batter,284,15,4854,130.9,2,9.4,28.46,DC,13.47
7287,Aditya Chopra,28,England,Allrounder,158,7,2955,114.2,470,6.15,31.43,KKR,13.31
7288,Ankit Yadav,41,West Indies,Wicketkeeper,402,18,11395,135.4,0,0.0,38.58,MI,17.97
7289,Rohan Mehta,25,India,Wicketkeeper,41,2,4959,118.1,0,0.0,25.22,RCB,8.69
7290,Rohan Singh,40,Sri Lanka,Wicketkeeper,317,19,8696,96.3,0,0.0,27.66,GT,9.37
7291,Aditya Sharma,30,India,Bowler,70,4,393,142.1,524,4.41,23.94,KKR,12.39
7292,Karthik Sharma,42,West Indies,Batter,349,18,4371,118.1,10,8.53,22.57,MI,9.99
7293,Harshit Malik,28,India,Allrounder,223,8,7672,129.8,228,7.84,28.25,MI,12.78
7294,Arjun Chopra,21,India,Batter,24,1,3249,97.7,2,9.13,27.06,KKR,6.12
7295,Nikhil Khan,33,Australia,Batter,237,10,13313,137.6,11,8.63,30.12,SRH,15.22
7296,Aditya Reddy,33,South Africa,Wicketkeeper,263,15,8133,98.7,0,0.0,50.03,PBKS,12.11
7297,Irfan Patel,24,Sri Lanka,Wicketkeeper,67,4,4733,113.8,0,0.0,26.85,MI,6.28
7298,Ankit Deshmukh,19,Australia,Allrounder,18,1,6677,149.6,267,6.81,21.52,LSG,8.77
7299,Irfan Shetty,28,India,Allrounder,131,7,1547,129.3,64,7.68,34.89,PBKS,11.11
7300,Sandeep Iyer,22,Sri Lanka,Allrounder,32,2,4796,152.9,237,7.6,28.02,KKR,8.42
7301,Pranav Deshmukh,27,England,Bowler,118,4,346,149.8,693,4.55,43.41,KKR,13.83
7302,Sameer Patel,37,India,Bowler,306,15,546,129.4,708,5.66,46.1,MI,17.56
7303,Irfan Shetty,23,India,Batter,106,4,3910,150.2,13,8.71,34.94,PBKS,10.6
7304,Sandeep Sharma,33,India,Allrounder,168,7,7721,133.4,467,6.03,34.55,MI,16.09
7305,Amit Patel,40,India,Batter,123,8,14157,120.2,8,8.08,25.35,CSK,11.27
7306,Irfan Singh,30,India,Batter,24,1,12591,136.5,10,7.64,47.97,RCB,15.78
7307,Aditya Singh,30,India,Wicketkeeper,130,7,11483,124.6,0,0.0,25.78,MI,15.77
7308,Karthik Kulkarni,37,India,Bowler,297,12,3164,142.2,802,5.58,34.45,RCB,17.79
7309,Irfan Mehta,42,India,Bowler,340,17,1394,125.4,888,6.65,28.44,RCB,18.81
7310,Rohan Chopra,24,West Indies,Allrounder,57,2,1682,100.1,291,7.79,38.37,GT,7.3
7311,Ankit Naidu,42,South Africa,Wicketkeeper,290,14,7609,107.5,0,0.0,22.35,LSG,10.59
7312,Nikhil Iyer,24,India,Allrounder,107,5,4970,125.0,160,6.76,44.74,GT,11.7
7313,Irfan Kulkarni,42,England,Bowler,88,3,968,138.7,345,6.83,34.33,SRH,5.52
7314,Rahul Reddy,32,West Indies,Batter,108,5,14125,129.6,14,8.21,34.75,CSK,12.98
7315,Sandeep Iyer,35,Australia,Bowler,103,4,1110,151.8,729,6.27,26.75,KKR,15.31
7316,Karthik Shetty,36,West Indies,Allrounder,227,10,5802,98.2,221,8.17,30.79,SRH,9.74
7317,Rohan Singh,39,Australia,Allrounder,240,13,2467,132.6,362,6.01,24.59,MI,13.75
7318,Nikhil Deshmukh,29,India,Bowler,152,8,542,144.7,468,7.35,42.82,PBKS,12.98
7319,Rahul Yadav,40,India,Wicketkeeper,38,2,6338,122.5,0,0.0,52.65,KKR,8.11
7320,Manoj Shetty,35,South Africa,Wicketkeeper,89,5,4667,144.8,0,0.0,37.48,SRH,10.03
7321,Ankit Verma,24,India,Allrounder,132,6,7434,129.0,332,7.46,40.58,DC,13.55
7322,Karthik Iyer,42,South Africa,Bowler,110,4,1919,122.7,531,5.26,22.73,CSK,10.56
7323,Nikhil Kulkarni,38,West Indies,Batter,108,7,6951,136.7,6,7.25,53.36,LSG,11.44
7324,Sandeep Sharma,26,England,Wicketkeeper,132,7,11726,152.8,0,0.0,39.45,LSG,14.99
7325,Harshit Kulkarni,21,India,Batter,80,3,5591,106.1,2,8.12,44.34,PBKS,10.28
7326,Amit Naidu,34,West Indies,Allrounder,143,7,5859,112.1,366,5.25,43.39,KKR,13.84
7327,Ankit Sharma,28,West Indies,Batter,105,6,8664,98.0,3,7.09,49.12,RR,11.36
7328,Manoj Iyer,39,West Indies,Allrounder,66,3,4738,98.8,434,6.09,22.62,LSG,8.11
7329,Rahul Naidu,38,India,Bowler,382,14,1892,105.7,812,4.96,47.1,RR,19.7
7330,Irfan Chopra,23,Australia,Bowler,62,3,3570,143.3,451,5.22,26.08,MI,13.94
7331,Aditya Malik,31,Sri Lanka,Batter,133,6,6335,136.3,1,7.73,42.82,SRH,11.62
7332,Manoj Deshmukh,20,India,Allrounder,47,2,3643,150.5,204,7.1,28.0,KKR,12.93
7333,Harshit Sharma,28,India,Allrounder,93,5,2645,148.0,77,6.73,22.73,MI,11.68
7334,Arjun Patel,37,India,Allrounder,320,17,1939,109.0,223,5.2,42.16,KKR,14.36
7335,Arjun Mehta,37,India,Batter,123,8,12271,106.4,4,6.91,36.06,GT,14.37
7336,Aditya Sharma,38,Australia,Bowler,98,6,3315,109.9,591,6.33,30.52,RCB,11.72
7337,Amit Malik,31,West Indies,Wicketkeeper,130,7,11470,131.8,0,0.0,53.1,RR,11.98
7338,Manoj Deshmukh,23,Sri Lanka,Bowler,112,5,247,142.0,780,6.56,32.84,RR,14.19
7339,Karthik Yadav,18,Australia,Wicketkeeper,28,1,5535,111.3,0,0.0,35.9,DC,8.64
7340,Nikhil Sharma,29,India,Allrounder,188,11,3280,122.4,226,7.82,49.64,MI,12.06
7341,Rahul Iyer,28,India,Batter,76,4,14216,99.3,6,9.46,21.59,DC,14.12
7342,Manoj Reddy,31,India,Allrounder,299,12,2004,118.1,258,5.52,24.59,PBKS,14.52
7343,Sameer Reddy,33,Australia,Allrounder,170,11,3224,96.4,362,8.05,31.05,SRH,9.58
7344,Sandeep Patel,20,Australia,Bowler,59,2,3285,150.9,418,4.7,43.43,MI,9.55
7345,Sandeep Sharma,42,England,Wicketkeeper,508,23,6220,149.7,0,0.0,54.03,DC,15.73
7346,Harshit Khan,23,England,Wicketkeeper,26,1,7697,124.8,0,0.0,28.2,GT,7.79
7347,Irfan Khan,18,Australia,Wicketkeeper,26,1,2725,106.6,0,0.0,27.8,PBKS,3.57
7348,Aditya Reddy,29,Sri Lanka,Bowler,175,9,609,97.4,653,6.69,21.8,CSK,12.53
7349,Nikhil Iyer,34,West Indies,Bowler,254,10,3590,133.5,477,6.31,43.28,GT,14.65
7350,Amit Reddy,34,India,Batter,26,1,7671,143.4,9,7.3,38.68,DC,10.11
7351,Ankit Iyer,41,South Africa,Batter,118,7,7171,142.8,3,6.37,53.36,KKR,11.63
7352,Pranav Naidu,31,Sri Lanka,Bowler,358,13,663,118.5,588,4.23,37.06,CSK,15.9
7353,Amit Malik,26,India,Batter,56,3,13646,147.1,9,6.51,29.95,DC,16.74
7354,Nikhil Khan,18,Sri Lanka,Bowler,17,1,193,135.3,348,6.98,40.93,LSG,8.64
7355,Ankit Shetty,34,India,Batter,271,12,7345,108.2,5,6.67,21.66,PBKS,13.59
7356,Arjun Verma,27,Australia,Wicketkeeper,161,9,7534,109.4,0,0.0,32.09,CSK,11.22
7357,Amit Kulkarni,33,West Indies,Allrounder,44,2,5497,117.0,457,7.92,46.41,GT,10.55
7358,Ankit Deshmukh,36,India,Batter,214,12,12691,142.1,3,7.54,54.17,RR,16.58
7359,Pranav Shetty,38,India,Wicketkeeper,185,7,3533,109.4,0,0.0,50.18,PBKS,12.7
7360,Pranav Sharma,30,Sri Lanka,Allrounder,238,9,7149,144.0,160,7.18,42.81,SRH,12.09
7361,Karthik Shetty,25,India,Allrounder,24,1,2339,108.7,200,6.48,22.45,PBKS,9.35
7362,Harshit Khan,38,Australia,Bowler,355,19,1913,154.4,469,6.03,45.83,GT,16.11
7363,Rohan Patel,33,England,Wicketkeeper,271,14,9784,114.6,0,0.0,48.95,RR,13.81
7364,Harshit Naidu,26,England,Wicketkeeper,210,7,9367,141.1,0,0.0,29.86,GT,14.32
7365,Rahul Reddy,24,India,Wicketkeeper,140,6,3615,95.9,0,0.0,24.14,SRH,9.46
7366,Manoj Shetty,38,England,Batter,97,4,9087,145.2,4,9.07,30.33,GT,13.13
7367,Rahul Reddy,27,Sri Lanka,Wicketkeeper,39,2,10539,112.1,0,0.0,47.75,GT,10.66
7368,Manoj Kulkarni,35,Australia,Allrounder,116,6,2919,141.7,206,8.28,41.2,KKR,7.95
7369,Irfan Patel,20,India,Batter,21,1,14364,126.5,3,6.85,28.17,CSK,13.27
7370,Rahul Sharma,26,India,Allrounder,53,2,2558,118.2,63,7.83,49.18,MI,8.99
7371,Karthik Verma,20,India,Allrounder,40,2,7124,144.4,283,6.34,31.67,GT,12.1
7372,Nikhil Malik,36,India,Batter,258,14,11202,131.9,1,7.54,22.46,SRH,15.33
7373,Rohan Singh,23,India,Bowler,23,1,3505,129.4,878,7.6,37.77,GT,12.82
7374,Arjun Sharma,33,India,Batter,329,12,5956,146.9,14,8.94,38.28,LSG,15.2
7375,Rohan Deshmukh,34,South Africa,Wicketkeeper,357,12,7220,150.6,0,0.0,22.27,KKR,16.11
7376,Sandeep Kulkarni,23,Sri Lanka,Allrounder,48,3,2910,130.8,237,5.4,32.39,SRH,9.69
7377,Irfan Shetty,37,South Africa,Allrounder,85,4,5074,114.7,350,6.62,34.17,SRH,11.01
7378,Karthik Shetty,38,Sri Lanka,Batter,94,5,5155,130.6,7,8.88,54.91,RCB,10.13
7379,Amit Chopra,40,India,Wicketkeeper,73,4,7457,142.2,0,0.0,29.58,RR,11.62
7380,Ankit Yadav,42,Sri Lanka,Allrounder,544,24,8660,115.2,495,5.93,49.51,PBKS,20.0
7381,Aditya Yadav,19,England,Batter,27,1,14476,108.8,1,6.1,51.67,GT,13.52
7382,Amit Khan,22,Sri Lanka,Allrounder,78,3,3139,108.6,254,7.24,27.67,RCB,7.98
7383,Arjun Khan,40,Australia,Wicketkeeper,88,5,7305,146.8,0,0.0,51.28,SRH,10.12
7384,Rohan Verma,32,England,Batter,170,10,8672,120.2,7,6.9,49.21,LSG,12.37
7385,Manoj Khan,33,South Africa,Bowler,170,11,3669,143.8,632,6.93,38.14,CSK,14.25
7386,Pranav Chopra,42,India,Bowler,77,5,56,114.6,778,7.46,25.48,RCB,13.59
7387,Arjun Sharma,38,Sri Lanka,Wicketkeeper,160,6,4776,137.5,0,0.0,38.88,RR,10.15
7388,Ankit Kulkarni,38,India,Wicketkeeper,136,9,4915,146.3,0,0.0,22.84,DC,11.49
7389,Rahul Iyer,22,West Indies,Bowler,33,2,1633,112.6,718,7.21,42.92,GT,12.92
7390,Irfan Chopra,18,India,Allrounder,19,1,3364,131.6,125,5.14,45.1,KKR,11.08
7391,Rohan Verma,33,Australia,Bowler,49,3,3680,107.9,867,5.4,38.82,RCB,15.17
7392,Arjun Chopra,30,Australia,Bowler,23,1,2219,114.4,765,7.17,28.84,MI,10.91
7393,Pranav Yadav,23,India,Bowler,46,2,3847,151.9,824,5.06,32.57,RCB,15.8
7394,Rahul Mehta,27,Sri Lanka,Wicketkeeper,115,7,3243,95.2,0,0.0,47.36,PBKS,8.07
7395,Vikas Iyer,34,India,Wicketkeeper,101,4,6215,137.0,0,0.0,24.5,MI,8.49
7396,Aditya Kulkarni,32,India,Allrounder,261,13,4324,131.5,378,8.45,37.53,RCB,16.37
7397,Karthik Iyer,29,Sri Lanka,Allrounder,78,5,7352,148.9,66,6.34,28.54,RCB,10.49
7398,Harshit Verma,26,India,Allrounder,204,8,4311,102.3,354,6.0,46.57,RCB,14.24
7399,Amit Yadav,39,Australia,Bowler,356,15,3521,131.5,453,6.26,27.65,LSG,15.51
7400,Harshit Naidu,38,India,Bowler,34,2,3007,140.9,131,6.47,32.53,SRH,5.87
7401,Pranav Sharma,42,India,Wicketkeeper,30,2,9948,143.1,0,0.0,32.21,GT,12.54
7402,Aditya Kulkarni,33,Sri Lanka,Wicketkeeper,108,4,8454,140.5,0,0.0,21.18,RR,10.48
7403,Sameer Naidu,34,England,Wicketkeeper,299,12,6339,128.1,0,0.0,53.93,MI,13.09
7404,Vikas Chopra,25,Sri Lanka,Allrounder,54,2,6331,111.9,59,8.43,35.45,KKR,6.95
7405,Harshit Kulkarni,23,England,Allrounder,43,2,6367,147.4,414,5.22,39.9,CSK,14.16
7406,Harshit Patel,27,India,Wicketkeeper,179,8,11093,118.1,0,0.0,23.95,PBKS,13.73
7407,Karthik Mehta,21,India,Batter,23,1,11863,126.8,1,9.31,29.9,RR,13.26
7408,Sandeep Verma,36,Sri Lanka,Bowler,263,12,1747,111.2,198,5.33,41.06,RCB,7.73
7409,Sameer Naidu,32,India,Bowler,200,12,1949,146.4,824,7.53,36.11,RCB,19.01
7410,Rahul Naidu,40,England,Batter,25,1,14362,120.4,12,8.89,28.83,DC,13.23
7411,Karthik Yadav,32,India,Allrounder,125,8,8790,113.2,254,8.44,31.33,DC,12.95
7412,Irfan Verma,32,West Indies,Allrounder,324,12,1847,103.0,442,8.46,46.62,SRH,12.7
7413,Aditya Reddy,40,Sri Lanka,Batter,372,16,14660,125.7,1,9.28,20.09,LSG,17.64
7414,Rohan Shetty,25,India,Bowler,22,1,2762,101.7,772,5.43,34.57,PBKS,17.52
7415,Arjun Yadav,41,Australia,Batter,18,1,11739,121.3,15,8.77,35.12,KKR,8.51
7416,Harshit Kulkarni,21,India,Allrounder,49,2,6623,129.9,139,6.95,49.97,CSK,11.92
7417,Vikas Shetty,19,Australia,Batter,21,1,4727,144.3,7,7.08,39.81,DC,6.82
7418,Rahul Iyer,32,England,Bowler,357,12,118,112.7,893,5.14,32.64,PBKS,19.37
7419,Harshit Mehta,42,Sri Lanka,Batter,228,9,12259,108.8,14,8.18,52.21,GT,14.02
7420,Pranav Mehta,25,Sri Lanka,Bowler,46,2,159,150.2,716,6.18,21.62,RCB,12.14
7421,Sameer Shetty,36,West Indies,Bowler,125,5,862,96.4,671,5.3,29.53,PBKS,13.19
7422,Manoj Iyer,21,Australia,Batter,72,3,10536,97.2,13,9.02,35.27,CSK,8.71
7423,Arjun Patel,24,India,Bowler,23,1,2233,120.0,482,4.45,49.36,RR,13.15
7424,Pranav Reddy,33,West Indies,Wicketkeeper,28,1,6700,132.4,0,0.0,45.79,PBKS,7.17
7425,Rahul Chopra,26,India,Batter,80,5,4733,151.7,10,7.22,44.82,DC,12.0
7426,Harshit Iyer,26,England,Wicketkeeper,74,3,6244,120.3,0,0.0,34.93,DC,8.64
7427,Arjun Naidu,18,England,Batter,24,1,5874,129.6,7,9.22,44.72,RCB,6.72
7428,Pranav Deshmukh,18,India,Bowler,30,1,2831,108.4,461,5.58,45.32,LSG,11.0
7429,Irfan Iyer,23,India,Allrounder,22,1,2065,125.1,483,7.13,41.84,LSG,9.26
7430,Vikas Verma,21,South Africa,Allrounder,69,3,8575,142.6,159,5.73,53.19,MI,11.56
7431,Karthik Naidu,35,Sri Lanka,Wicketkeeper,106,6,10120,148.5,0,0.0,31.25,DC,10.64
7432,Pranav Mehta,32,Australia,Batter,172,8,3435,143.5,11,7.42,40.83,GT,10.35
7433,Manoj Khan,24,Sri Lanka,Allrounder,126,6,8844,150.6,428,6.92,38.76,DC,12.95
7434,Harshit Chopra,42,Australia,Wicketkeeper,52,2,11248,125.9,0,0.0,21.47,KKR,9.73
7435,Rahul Reddy,31,South Africa,Wicketkeeper,235,13,4561,99.2,0,0.0,20.26,SRH,9.8
7436,Karthik Shetty,36,South Africa,Wicketkeeper,46,3,7835,149.8,0,0.0,34.29,KKR,9.35
7437,Sameer Khan,25,India,Batter,115,7,3210,145.7,0,7.64,41.32,GT,10.45
7438,Arjun Yadav,19,West Indies,Wicketkeeper,20,1,9194,131.6,0,0.0,30.38,MI,7.81
7439,Rahul Mehta,24,Sri Lanka,Allrounder,103,4,7603,104.9,64,7.92,21.86,GT,9.37
7440,Ankit Sharma,24,India,Bowler,49,2,814,111.1,316,4.73,29.88,GT,11.95
7441,Karthik Malik,37,Australia,Bowler,122,5,1085,108.1,755,6.55,43.68,SRH,17.04
7442,Harshit Verma,40,India,Allrounder,293,12,5749,103.8,293,5.32,37.81,LSG,14.72
7443,Rohan Verma,40,Sri Lanka,Bowler,338,20,1866,146.6,399,7.5,53.91,LSG,14.05
7444,Arjun Reddy,18,Australia,Wicketkeeper,19,1,2594,134.0,0,0.0,43.65,LSG,4.54
7445,Vikas Naidu,39,West Indies,Batter,237,13,6130,132.4,14,8.19,25.15,RR,12.79
7446,Ankit Deshmukh,30,India,Bowler,59,2,121,118.2,637,6.07,35.49,PBKS,14.19
7447,Nikhil Sharma,33,India,Wicketkeeper,180,9,10696,126.4,0,0.0,24.49,PBKS,13.6
7448,Sandeep Khan,20,India,Batter,25,1,14709,98.8,3,7.26,54.29,RR,15.78
7449,Rahul Sharma,29,South Africa,Wicketkeeper,126,7,5292,102.1,0,0.0,29.05,RCB,8.35
7450,Nikhil Yadav,40,England,Batter,272,11,5138,124.0,9,9.12,24.75,KKR,9.48
7451,Pranav Iyer,27,India,Wicketkeeper,116,4,10692,118.1,0,0.0,24.06,GT,13.43
7452,Irfan Iyer,26,India,Batter,16,1,3706,98.1,8,6.7,35.34,DC,5.75
7453,Nikhil Patel,25,India,Batter,46,2,13645,130.2,3,8.82,41.22,GT,16.04
7454,Sameer Mehta,22,South Africa,Wicketkeeper,72,3,10142,107.0,0,0.0,32.04,RR,9.0
7455,Vikas Patel,34,India,Batter,181,7,7366,100.3,1,8.96,50.03,LSG,10.79
7456,Ankit Patel,37,Sri Lanka,Wicketkeeper,158,7,11266,124.0,0,0.0,49.3,KKR,12.33
7457,Aditya Kulkarni,26,South Africa,Allrounder,45,2,6115,115.3,354,6.11,46.31,MI,11.91
7458,Irfan Singh,21,India,Allrounder,45,3,5667,108.8,409,7.75,54.05,MI,11.29
7459,Vikas Shetty,26,England,Allrounder,116,7,8926,99.1,331,5.3,40.84,GT,11.22
7460,Sameer Reddy,26,Australia,Allrounder,26,1,6692,152.7,452,7.53,34.17,GT,10.98
7461,Amit Khan,36,India,Allrounder,164,7,4478,131.2,482,5.09,30.14,MI,14.32
7462,Aditya Malik,23,Sri Lanka,Wicketkeeper,96,5,4780,121.0,0,0.0,37.1,PBKS,7.22
7463,Amit Iyer,28,England,Allrounder,198,8,3535,124.2,497,5.23,34.92,RCB,12.22
7464,Sameer Shetty,40,Sri Lanka,Bowler,70,4,1527,133.7,355,6.71,26.48,RCB,10.59
7465,Pranav Sharma,27,India,Allrounder,147,6,6223,110.1,202,5.72,26.26,KKR,11.26
7466,Rohan Shetty,35,Sri Lanka,Allrounder,131,5,2716,154.7,161,7.3,42.82,RR,9.4
7467,Pranav Naidu,37,India,Wicketkeeper,339,13,2679,131.4,0,0.0,34.35,GT,11.87
7468,Manoj Yadav,32,India,Batter,141,6,9983,149.7,5,7.09,53.92,GT,14.98
7469,Amit Mehta,30,India,Allrounder,178,8,3209,112.4,278,6.74,46.95,PBKS,13.36
7470,Nikhil Deshmukh,41,Sri Lanka,Bowler,124,5,1123,140.9,625,4.5,48.66,MI,14.31
7471,Rahul Verma,18,Australia,Wicketkeeper,23,1,2915,102.5,0,0.0,54.19,DC,5.86
7472,Sameer Mehta,39,South Africa,Batter,132,6,3316,151.2,10,9.45,37.36,DC,7.22
7473,Arjun Verma,41,Australia,Allrounder,346,17,8118,129.9,104,5.86,34.7,MI,15.67
7474,Aditya Reddy,35,India,Allrounder,137,8,8360,120.4,343,5.72,43.24,CSK,14.5
7475,Rahul Kulkarni,25,Australia,Batter,77,3,13399,115.0,12,6.25,20.62,LSG,14.27
7476,Sameer Chopra,24,England,Bowler,94,4,1037,133.4,481,6.85,22.19,CSK,7.44
7477,Pranav Shetty,19,India,Batter,25,1,13986,96.4,3,9.38,40.65,SRH,13.15
7478,Rahul Naidu,33,South Africa,Bowler,98,6,3604,142.3,114,6.95,21.2,RCB,8.48
7479,Manoj Yadav,35,Australia,Allrounder,249,9,7088,150.1,342,8.17,39.65,MI,13.43
7480,Manoj Singh,30,West Indies,Bowler,47,2,2914,97.7,703,5.83,39.67,CSK,12.54
7481,Ankit Chopra,37,India,Allrounder,467,16,5372,141.4,342,6.43,34.14,DC,18.04
7482,Manoj Deshmukh,37,West Indies,Batter,402,16,3706,101.1,12,8.39,24.65,RR,9.7
7483,Nikhil Chopra,28,West Indies,Batter,44,2,7683,97.7,9,6.49,38.95,GT,8.33
7484,Harshit Iyer,40,Sri Lanka,Bowler,403,16,1853,131.6,601,7.02,40.12,MI,15.33
7485,Ankit Naidu,42,Sri Lanka,Allrounder,283,11,1691,115.4,243,7.38,32.67,SRH,9.8
7486,Arjun Deshmukh,19,India,Allrounder,24,1,5926,137.7,445,6.1,25.66,GT,13.63
7487,Harshit Deshmukh,29,India,Allrounder,164,7,7283,130.8,226,5.05,52.98,KKR,15.19
7488,Aditya Malik,27,South Africa,Batter,41,2,5463,142.0,15,8.13,43.55,DC,9.51
7489,Sameer Kulkarni,32,South Africa,Batter,20,1,9385,138.1,12,7.74,48.84,DC,12.15
7490,Arjun Sharma,42,India,Batter,530,20,12631,115.2,4,6.79,27.83,DC,19.06
7491,Rohan Reddy,18,India,Allrounder,28,1,7390,148.1,429,6.58,32.08,KKR,11.91
7492,Amit Reddy,42,Australia,Wicketkeeper,186,9,5132,117.5,0,0.0,50.11,RR,9.41
7493,Ankit Deshmukh,25,India,Allrounder,92,4,5765,127.1,143,6.8,50.13,GT,11.59
7494,Pranav Patel,41,India,Bowler,203,8,633,135.9,446,5.86,23.0,SRH,11.36
7495,Sameer Mehta,27,West Indies,Allrounder,179,9,7605,119.3,44,5.63,37.32,RCB,10.91
7496,Ankit Yadav,30,Sri Lanka,Wicketkeeper,183,7,9847,152.9,0,0.0,53.97,SRH,13.96
7497,Nikhil Sharma,40,India,Batter,79,3,4350,113.9,0,8.98,53.74,CSK,11.66
7498,Sameer Iyer,19,South Africa,Bowler,28,1,3477,118.6,172,6.62,44.56,RR,2.19
7499,Arjun Deshmukh,32,South Africa,Batter,200,9,8053,103.8,2,6.06,49.04,GT,11.63
7500,Aditya Naidu,30,England,Wicketkeeper,45,3,4920,133.7,0,0.0,32.75,RR,10.48
7501,Sameer Shetty,41,England,Allrounder,331,20,7709,149.3,83,6.75,42.11,RCB,14.62
7502,Ankit Yadav,22,India,Batter,44,2,8368,102.2,5,7.39,30.28,DC,10.76
7503,Irfan Reddy,33,India,Wicketkeeper,42,2,5239,153.7,0,0.0,35.31,RR,10.61
7504,Vikas Chopra,27,India,Bowler,87,3,198,124.9,862,5.79,50.94,CSK,15.92
7505,Rahul Naidu,42,Australia,Batter,318,16,9492,136.6,0,8.11,33.63,LSG,11.88
7506,Arjun Khan,35,Australia,Allrounder,193,8,2459,150.9,289,5.1,53.22,RR,12.72
7507,Karthik Chopra,41,India,Batter,198,11,6357,151.6,7,9.32,48.53,KKR,12.71
7508,Rohan Mehta,21,South Africa,Bowler,35,2,422,145.7,581,6.6,41.02,LSG,9.65
7509,Irfan Shetty,27,Sri Lanka,Batter,41,2,4713,118.5,9,6.47,54.0,KKR,7.82
7510,Arjun Deshmukh,21,South Africa,Allrounder,46,2,7113,147.1,335,6.23,23.26,RR,13.06
7511,Nikhil Deshmukh,35,India,Bowler,172,6,535,116.1,535,5.27,21.81,LSG,16.55
7512,Sandeep Shetty,34,Australia,Batter,373,13,13230,106.6,13,6.42,49.32,GT,17.43
7513,Sameer Singh,24,India,Allrounder,54,3,2043,112.9,376,5.22,20.36,CSK,10.05
7514,Rohan Khan,37,England,Batter,351,19,8268,132.2,6,8.43,42.57,PBKS,13.68
7515,Vikas Sharma,28,South Africa,Allrounder,243,10,3724,107.5,331,6.31,45.21,MI,13.31
7516,Ankit Shetty,41,Australia,Batter,305,16,8911,103.3,3,8.84,37.04,PBKS,15.1
7517,Harshit Khan,26,India,Bowler,107,6,153,105.1,735,4.95,45.7,MI,15.66
7518,Amit Kulkarni,42,India,Wicketkeeper,136,7,9537,127.3,0,0.0,27.57,LSG,9.65
7519,Rahul Iyer,18,India,Bowler,16,1,1172,153.0,497,5.18,49.7,MI,12.2
7520,Ankit Iyer,35,India,Wicketkeeper,469,16,3490,147.8,0,0.0,36.1,MI,16.38
7521,Ankit Verma,34,England,Wicketkeeper,234,10,9601,132.4,0,0.0,33.19,RCB,11.5
7522,Irfan Iyer,40,India,Wicketkeeper,283,17,7779,99.7,0,0.0,34.04,RCB,13.86
7523,Karthik Patel,26,England,Batter,123,5,11157,112.2,6,8.08,49.68,CSK,13.4
7524,Aditya Malik,37,India,Bowler,134,5,37,117.0,469,4.57,24.37,RR,12.49
7525,Aditya Yadav,26,West Indies,Bowler,219,8,3187,97.4,856,5.54,29.54,DC,16.23
7526,Rahul Naidu,41,India,Allrounder,111,7,3991,123.7,277,6.4,39.03,DC,12.79
7527,Rohan Chopra,33,India,Batter,29,1,9401,126.4,4,6.96,37.82,KKR,11.15
7528,Ankit Singh,32,West Indies,Bowler,70,4,1884,144.8,827,5.2,39.1,KKR,13.36
7529,Sandeep Deshmukh,27,India,Bowler,115,4,522,151.8,425,5.26,49.58,RR,9.86
7530,Rohan Chopra,19,Sri Lanka,Bowler,22,1,3692,136.5,844,7.73,33.24,KKR,14.53
7531,Irfan Sharma,39,Australia,Bowler,127,5,1051,134.8,514,5.07,54.33,MI,12.44
7532,Vikas Chopra,33,England,Batter,127,6,4394,147.9,10,8.19,31.52,CSK,9.4
7533,Vikas Mehta,40,India,Batter,95,6,4981,149.4,0,7.42,46.49,LSG,10.61
7534,Vikas Sharma,26,India,Bowler,149,5,2209,141.5,134,7.73,35.7,DC,7.34
7535,Amit Kulkarni,36,South Africa,Allrounder,209,8,1661,149.0,68,6.86,39.31,PBKS,8.41
7536,Sameer Reddy,41,Australia,Wicketkeeper,455,17,8620,110.3,0,0.0,35.25,GT,14.28
7537,Sandeep Iyer,28,India,Allrounder,253,9,5103,100.8,239,6.81,46.03,DC,11.13
7538,Ankit Singh,34,Australia,Wicketkeeper,259,12,4819,101.6,0,0.0,34.17,RR,9.36
7539,Karthik Singh,36,India,Wicketkeeper,167,6,5943,143.3,0,0.0,36.36,CSK,11.72
7540,Aditya Reddy,22,Australia,Bowler,84,3,1144,115.5,220,7.2,53.52,LSG,7.36
7541,Manoj Reddy,23,England,Batter,35,2,6127,97.3,3,6.73,50.53,CSK,7.88
7542,Aditya Verma,26,India,Batter,213,8,14475,108.9,7,8.63,54.47,RCB,18.54
7543,Sameer Naidu,39,India,Wicketkeeper,195,11,5396,125.1,0,0.0,53.29,LSG,14.22
7544,Nikhil Yadav,26,South Africa,Allrounder,21,1,4572,123.3,115,6.77,35.72,GT,9.3
7545,Sameer Naidu,42,England,Batter,146,8,6573,127.0,14,7.17,35.84,DC,10.49
7546,Sameer Naidu,24,South Africa,Allrounder,117,6,2011,110.6,487,5.13,27.46,LSG,11.18
7547,Ankit Chopra,42,West Indies,Wicketkeeper,418,23,9938,147.0,0,0.0,40.96,DC,16.2
7548,Sameer Shetty,31,India,Allrounder,134,6,7036,152.4,366,7.67,42.54,RR,15.32
7549,Pranav Sharma,35,Sri Lanka,Bowler,432,16,2089,113.7,408,7.73,26.52,KKR,15.49
7550,Pranav Shetty,34,India,Allrounder,120,4,6142,123.2,308,6.41,51.34,SRH,13.48
7551,Arjun Naidu,40,India,Wicketkeeper,184,7,2845,128.6,0,0.0,30.23,RR,11.96
7552,Ankit Reddy,32,India,Batter,134,6,8784,125.3,11,8.6,25.67,MI,10.41
7553,Sameer Verma,21,West Indies,Wicketkeeper,18,1,11714,129.6,0,0.0,51.9,PBKS,10.6
7554,Sameer Patel,34,England,Wicketkeeper,337,13,11146,145.6,0,0.0,40.54,MI,17.46
7555,Karthik Patel,37,Sri Lanka,Batter,19,1,12710,100.2,14,7.32,36.44,GT,11.07
7556,Sameer Reddy,18,India,Bowler,18,1,1458,116.6,856,6.86,28.24,GT,16.11
7557,Sandeep Sharma,30,India,Allrounder,68,3,6734,144.3,488,8.26,42.34,RR,13.84
7558,Nikhil Shetty,20,South Africa,Wicketkeeper,15,1,8124,103.2,0,0.0,25.07,LSG,6.75
7559,Harshit Iyer,26,West Indies,Allrounder,110,4,2527,132.0,416,5.36,24.04,RR,10.74
7560,Aditya Naidu,42,India,Allrounder,89,3,2573,154.6,381,7.95,32.82,MI,9.3
7561,Aditya Patel,25,Sri Lanka,Wicketkeeper,55,2,6537,122.2,0,0.0,44.91,CSK,7.98
7562,Ankit Mehta,22,India,Wicketkeeper,56,3,6433,151.2,0,0.0,51.29,RCB,13.13
7563,Arjun Mehta,19,India,Allrounder,25,1,4856,105.1,404,5.2,46.41,PBKS,12.64
7564,Karthik Iyer,26,India,Batter,101,4,13715,103.0,8,8.41,37.57,MI,14.9
7565,Harshit Patel,30,South Africa,Batter,108,4,14965,108.1,14,8.73,50.5,GT,12.66
7566,Arjun Malik,18,England,Wicketkeeper,15,1,7734,98.2,0,0.0,47.38,KKR,7.86
7567,Nikhil Yadav,27,West Indies,Allrounder,88,5,3321,113.9,88,7.16,45.23,MI,7.07
7568,Sameer Naidu,22,Sri Lanka,Allrounder,57,3,3596,151.0,461,7.74,32.87,CSK,12.23
7569,Pranav Malik,21,England,Allrounder,23,1,7172,131.2,43,7.4,38.38,CSK,7.55
7570,Rohan Shetty,32,India,Wicketkeeper,376,14,11618,148.4,0,0.0,20.11,LSG,16.59
7571,Pranav Mehta,39,India,Bowler,299,13,2245,127.3,786,5.07,26.24,SRH,18.94
7572,Rohan Khan,21,India,Batter,24,1,12057,133.9,0,9.18,36.73,DC,12.41
7573,Harshit Sharma,42,West Indies,Bowler,442,15,1024,122.1,826,7.1,39.55,LSG,20.0
7574,Ankit Chopra,29,India,Allrounder,210,11,2582,116.9,122,5.01,24.86,SRH,11.08
7575,Manoj Kulkarni,32,India,Wicketkeeper,204,12,11576,136.4,0,0.0,36.77,CSK,14.55
7576,Irfan Naidu,19,England,Wicketkeeper,20,1,9851,113.1,0,0.0,36.37,RCB,7.0
7577,Rohan Khan,36,England,Allrounder,120,7,7334,150.5,451,5.73,21.89,SRH,13.31
7578,Karthik Naidu,36,India,Wicketkeeper,32,2,2627,146.9,0,0.0,37.9,SRH,7.99
7579,Amit Reddy,42,Australia,Bowler,421,18,818,113.2,823,6.35,53.83,KKR,17.22
7580,Pranav Kulkarni,33,Australia,Batter,35,2,8434,130.3,14,6.99,54.77,GT,12.27
7581,Sandeep Shetty,41,Sri Lanka,Allrounder,241,12,4265,127.2,147,8.08,54.66,KKR,12.08
7582,Sandeep Verma,40,South Africa,Wicketkeeper,268,9,10850,137.1,0,0.0,27.3,GT,13.8
7583,Sandeep Khan,38,India,Bowler,148,7,107,115.1,268,5.54,32.04,DC,11.69
7584,Rohan Kulkarni,23,India,Wicketkeeper,72,4,6269,140.6,0,0.0,40.45,RR,12.14
7585,Irfan Patel,34,Sri Lanka,Wicketkeeper,137,9,8062,97.3,0,0.0,50.71,KKR,10.02
7586,Aditya Singh,34,India,Wicketkeeper,286,16,3851,112.8,0,0.0,54.9,RCB,11.96
7587,Aditya Khan,39,India,Bowler,471,21,50,151.4,729,7.63,48.39,CSK,20.0
7588,Sandeep Khan,22,India,Allrounder,37,2,7053,127.0,463,5.77,27.85,CSK,13.5
7589,Arjun Verma,35,India,Bowler,331,16,3422,131.7,113,4.99,21.43,DC,12.08
7590,Ankit Kulkarni,19,India,Batter,21,1,9601,150.1,12,9.39,33.33,RR,11.03
7591,Pranav Shetty,31,South Africa,Allrounder,236,10,5659,123.0,232,6.8,50.88,KKR,13.61
7592,Nikhil Patel,41,Sri Lanka,Allrounder,577,20,7191,111.7,488,7.41,35.64,PBKS,17.46
7593,Aditya Kulkarni,28,Australia,Bowler,55,2,1291,152.6,823,5.63,26.14,SRH,14.51
7594,Nikhil Reddy,28,Sri Lanka,Bowler,72,4,2013,147.8,402,4.34,51.38,LSG,12.59
7595,Arjun Yadav,36,West Indies,Bowler,289,10,2151,125.7,753,7.31,43.09,MI,15.02
7596,Manoj Reddy,30,India,Wicketkeeper,56,2,7405,128.8,0,0.0,22.43,KKR,8.61
7597,Nikhil Patel,23,England,Batter,108,5,14986,95.8,3,8.09,31.37,MI,11.98
7598,Rohan Mehta,30,Sri Lanka,Bowler,136,9,3097,113.2,444,7.54,52.89,LSG,11.98
7599,Rahul Khan,39,India,Batter,244,9,9082,113.9,8,6.88,41.99,SRH,14.21
7600,Rahul Iyer,33,Sri Lanka,Allrounder,192,7,6747,125.1,451,7.67,50.87,RR,13.56
7601,Karthik Singh,38,England,Batter,160,9,6281,150.3,7,6.14,26.87,KKR,10.17
7602,Sandeep Malik,26,India,Wicketkeeper,118,6,7447,148.1,0,0.0,34.03,PBKS,13.42
7603,Manoj Malik,39,India,Allrounder,471,20,7172,135.3,312,7.91,26.16,DC,16.67
7604,Irfan Sharma,22,Australia,Bowler,45,2,1642,109.7,117,7.49,28.54,PBKS,4.93
7605,Karthik Reddy,28,South Africa,Wicketkeeper,171,10,5248,143.9,0,0.0,23.71,DC,9.89
7606,Harshit Khan,26,Australia,Bowler,66,4,1279,125.2,471,4.84,49.07,SRH,9.96
7607,Nikhil Deshmukh,33,West Indies,Wicketkeeper,345,13,4953,103.8,0,0.0,39.17,KKR,10.89
7608,Irfan Mehta,29,Australia,Bowler,329,11,2438,146.6,309,6.7,52.74,MI,11.5
7609,Pranav Kulkarni,33,India,Allrounder,93,4,3340,134.2,83,7.75,35.18,RCB,9.55
7610,Aditya Reddy,42,South Africa,Batter,589,24,14302,137.6,8,6.39,54.75,GT,20.0
7611,Irfan Chopra,26,India,Wicketkeeper,136,8,2553,139.2,0,0.0,20.58,LSG,5.26
7612,Rahul Reddy,32,Australia,Batter,38,2,4878,131.9,4,7.74,44.14,PBKS,7.31
7613,Pranav Patel,30,Sri Lanka,Wicketkeeper,164,10,4366,138.2,0,0.0,39.53,GT,10.14
7614,Rohan Malik,28,England,Wicketkeeper,108,4,6954,108.4,0,0.0,52.98,CSK,12.18
7615,Aditya Khan,20,West Indies,Allrounder,25,1,6879,109.2,443,7.44,31.28,PBKS,8.94
7616,Rohan Iyer,21,India,Wicketkeeper,24,1,4646,150.3,0,0.0,51.06,RR,10.53
7617,Amit Verma,22,India,Allrounder,70,4,8337,97.3,125,6.42,21.7,DC,12.33
7618,Pranav Naidu,34,West Indies,Bowler,194,11,202,132.7,841,5.08,40.45,CSK,15.54
7619,Pranav Verma,25,India,Wicketkeeper,80,3,11781,133.0,0,0.0,45.1,KKR,14.81
7620,Rohan Kulkarni,21,India,Batter,23,1,9586,101.3,1,6.07,32.58,PBKS,9.37
7621,Arjun Kulkarni,42,Australia,Bowler,102,4,2681,99.5,663,4.59,42.43,DC,12.42
7622,Manoj Shetty,36,India,Bowler,391,15,1371,140.2,133,7.1,48.6,KKR,10.59
7623,Arjun Reddy,34,Sri Lanka,Batter,48,3,7399,139.1,4,8.33,29.51,RR,8.54
7624,Irfan Kulkarni,41,India,Allrounder,394,19,4139,106.0,182,8.48,27.51,LSG,17.08
7625,Rohan Iyer,39,India,Wicketkeeper,37,2,8396,112.3,0,0.0,54.14,GT,12.15
7626,Harshit Chopra,36,Sri Lanka,Allrounder,458,17,6603,142.7,379,8.46,42.02,GT,18.07
7627,Harshit Chopra,20,India,Allrounder,35,2,2159,153.2,116,6.82,44.35,SRH,10.02
7628,Amit Singh,25,India,Wicketkeeper,76,3,3193,151.7,0,0.0,31.08,PBKS,7.77
7629,Karthik Iyer,40,England,Bowler,230,13,1602,146.3,356,5.27,25.24,KKR,12.01
7630,Rahul Patel,40,West Indies,Wicketkeeper,206,7,11244,151.8,0,0.0,37.76,KKR,15.48
7631,Karthik Patel,33,India,Allrounder,23,1,5575,115.2,415,8.24,45.06,RR,10.42
7632,Amit Deshmukh,29,South Africa,Wicketkeeper,107,5,9247,124.0,0,0.0,41.94,CSK,12.89
7633,Nikhil Mehta,21,West Indies,Wicketkeeper,37,2,10897,125.3,0,0.0,53.85,SRH,12.63
7634,Aditya Sharma,38,South Africa,Wicketkeeper,288,12,10742,136.5,0,0.0,28.8,MI,16.73
7635,Karthik Shetty,28,West Indies,Wicketkeeper,220,9,6281,149.6,0,0.0,30.29,LSG,11.69
7636,Nikhil Naidu,41,India,Allrounder,101,5,1837,101.1,156,6.3,51.5,DC,8.13
7637,Irfan Mehta,38,India,Batter,227,13,9194,110.5,0,7.0,52.21,PBKS,14.27
7638,Rahul Kulkarni,25,Sri Lanka,Wicketkeeper,187,7,7175,143.3,0,0.0,24.94,DC,13.18
7639,Arjun Yadav,22,West Indies,Wicketkeeper,30,2,6081,141.2,0,0.0,51.96,LSG,7.47
7640,Rahul Chopra,32,England,Wicketkeeper,47,2,11421,99.7,0,0.0,48.88,RR,8.72
7641,Manoj Shetty,18,India,Allrounder,16,1,3558,135.2,468,6.92,37.25,MI,11.47
7642,Ankit Reddy,31,South Africa,Allrounder,139,6,3311,97.0,393,7.44,46.69,DC,10.27
7643,Manoj Yadav,30,India,Bowler,233,12,3753,122.3,713,4.13,25.28,GT,18.36
7644,Vikas Malik,22,Australia,Bowler,60,2,3094,113.8,267,7.13,35.89,CSK,8.03
7645,Karthik Mehta,21,West Indies,Bowler,20,1,3701,141.4,111,5.63,36.84,PBKS,4.76
7646,Nikhil Deshmukh,27,Sri Lanka,Wicketkeeper,146,9,4015,142.3,0,0.0,22.57,KKR,7.31
7647,Ankit Shetty,23,India,Bowler,53,2,2024,128.1,724,4.73,53.15,LSG,17.55
7648,Nikhil Sharma,33,India,Allrounder,333,12,2563,97.6,341,5.26,25.48,MI,12.93
7649,Nikhil Iyer,39,India,Bowler,419,20,856,118.9,534,6.44,48.89,CSK,15.95
7650,Sameer Naidu,18,India,Allrounder,25,1,1904,106.8,410,5.25,30.5,SRH,11.39
7651,Nikhil Kulkarni,33,India,Allrounder,237,12,6447,136.1,119,7.19,24.35,MI,12.82
7652,Irfan Reddy,35,South Africa,Bowler,114,5,2552,115.5,325,7.59,44.96,PBKS,8.16
7653,Arjun Yadav,35,India,Wicketkeeper,145,5,2727,126.5,0,0.0,27.8,MI,9.66
7654,Vikas Chopra,40,India,Bowler,28,1,3070,144.1,546,7.22,33.86,KKR,12.27
7655,Rahul Verma,41,Australia,Wicketkeeper,168,7,9283,130.3,0,0.0,29.02,CSK,11.12
7656,Sameer Khan,20,India,Allrounder,58,2,6985,113.5,408,7.41,49.54,RR,14.35
7657,Arjun Patel,28,India,Batter,236,9,14459,95.9,9,6.76,29.4,MI,13.81
7658,Sandeep Khan,39,India,Bowler,137,5,3044,125.5,596,4.73,27.13,KKR,15.19
7659,Pranav Kulkarni,36,India,Bowler,181,11,3713,109.5,893,6.9,44.74,RCB,17.19
7660,Karthik Iyer,19,India,Batter,19,1,13713,154.2,15,8.02,55.0,KKR,17.45
7661,Harshit Sharma,27,Australia,Bowler,154,8,506,140.6,86,7.3,33.53,MI,6.68
7662,Harshit Verma,34,India,Allrounder,148,7,3532,152.4,288,7.64,20.82,SRH,11.24
7663,Nikhil Shetty,27,India,Allrounder,76,3,5605,108.1,209,6.88,39.53,SRH,11.84
7664,Aditya Naidu,35,India,Wicketkeeper,190,9,4639,123.0,0,0.0,40.15,CSK,12.55
7665,Amit Mehta,34,England,Batter,161,7,4122,152.6,2,7.93,39.33,MI,10.88
7666,Aditya Mehta,18,India,Bowler,22,1,3970,114.2,397,7.22,35.33,LSG,7.92
7667,Irfan Verma,20,England,Bowler,16,1,1319,111.7,701,5.79,33.29,RCB,11.32
7668,Rahul Sharma,39,India,Bowler,303,13,3438,129.8,653,6.27,42.28,RR,16.98
7669,Arjun Naidu,27,South Africa,Batter,144,5,13010,113.9,13,7.23,41.41,LSG,13.89
7670,Pranav Chopra,20,India,Wicketkeeper,48,2,9332,103.0,0,0.0,28.86,LSG,11.36
7671,Sandeep Shetty,22,Sri Lanka,Allrounder,26,1,7997,99.4,403,5.15,28.52,PBKS,8.43
7672,Rahul Deshmukh,35,India,Batter,48,3,14835,109.7,0,6.07,42.92,SRH,15.23
7673,Sameer Mehta,34,India,Allrounder,81,5,4669,121.2,216,5.21,51.96,RCB,11.59
7674,Manoj Chopra,21,England,Wicketkeeper,18,1,7742,142.5,0,0.0,30.69,RCB,8.34
7675,Rohan Mehta,22,India,Batter,26,1,7494,114.8,13,9.24,22.54,RR,8.17
7676,Irfan Sharma,36,Australia,Allrounder,25,1,6891,147.2,84,8.48,36.31,GT,8.15
7677,Sameer Verma,33,India,Batter,252,12,10853,135.3,6,8.33,26.81,RCB,11.47
7678,Ankit Khan,18,South Africa,Wicketkeeper,22,1,5138,107.0,0,0.0,36.44,RCB,5.94
7679,Rohan Patel,23,India,Allrounder,99,5,4134,95.6,322,8.19,47.39,KKR,10.05
7680,Pranav Khan,38,India,Bowler,36,2,1967,123.7,846,4.22,42.33,MI,16.87
7681,Sandeep Yadav,33,England,Batter,19,1,6249,98.5,10,8.4,34.65,KKR,5.93
7682,Karthik Verma,18,England,Bowler,30,1,3675,99.0,134,6.22,24.73,MI,4.72
7683,Arjun Reddy,34,Australia,Bowler,117,7,1558,126.3,182,6.52,25.66,CSK,9.07
7684,Irfan Verma,27,Australia,Allrounder,97,4,8954,149.8,97,6.87,20.55,KKR,12.01
7685,Irfan Verma,40,England,Bowler,546,21,2986,99.4,373,6.44,20.23,DC,16.17
7686,Aditya Yadav,38,India,Allrounder,224,14,3730,120.4,458,5.53,48.08,KKR,14.78
7687,Pranav Kulkarni,18,West Indies,Batter,17,1,11206,132.5,3,6.99,34.39,DC,11.61
7688,Vikas Singh,29,South Africa,Allrounder,197,11,6434,125.9,117,5.82,47.91,CSK,12.17
7689,Aditya Deshmukh,29,Australia,Batter,151,9,12329,145.8,8,8.91,31.85,PBKS,14.56
7690,Sameer Yadav,42,India,Wicketkeeper,128,8,5386,142.6,0,0.0,27.43,KKR,11.34
7691,Aditya Malik,37,England,Wicketkeeper,156,7,11534,139.3,0,0.0,53.19,DC,13.56
7692,Sameer Iyer,28,West Indies,Bowler,15,1,1532,121.4,274,4.05,42.67,CSK,10.06
7693,Irfan Kulkarni,35,India,Wicketkeeper,265,10,8555,137.1,0,0.0,26.16,PBKS,14.15
7694,Harshit Deshmukh,20,South Africa,Bowler,25,1,311,131.9,639,7.69,25.75,SRH,11.02
7695,Sameer Mehta,24,Australia,Allrounder,145,6,2428,142.0,362,5.07,22.79,MI,13.08
7696,Aditya Verma,23,Sri Lanka,Batter,22,1,7498,129.5,0,6.49,41.12,CSK,10.56
7697,Harshit Patel,18,India,Wicketkeeper,18,1,3010,136.2,0,0.0,33.77,RR,6.23
7698,Irfan Khan,35,India,Batter,159,8,12942,153.5,13,8.71,29.49,LSG,16.9
7699,Ankit Singh,24,India,Batter,57,2,13103,150.7,14,8.46,44.02,KKR,16.55
7700,Karthik Singh,28,West Indies,Batter,84,4,4639,108.4,5,8.38,38.73,RCB,8.91
7701,Amit Khan,39,India,Allrounder,107,6,4062,137.0,333,6.97,54.89,CSK,11.25
7702,Irfan Chopra,24,West Indies,Allrounder,74,4,4315,98.9,59,5.12,22.73,MI,7.04
7703,Sandeep Chopra,38,Australia,Bowler,30,2,3998,103.2,767,6.82,41.79,LSG,13.77
7704,Pranav Naidu,34,Australia,Allrounder,462,16,2617,122.4,157,6.14,27.55,GT,12.61
7705,Aditya Malik,29,South Africa,Batter,39,2,5969,130.2,3,9.03,53.06,RCB,9.08
7706,Irfan Chopra,38,Australia,Bowler,168,10,1587,102.4,819,6.18,25.98,GT,17.41
7707,Sameer Verma,25,Sri Lanka,Allrounder,173,6,6345,138.5,135,8.46,21.72,LSG,10.26
7708,Nikhil Shetty,33,India,Wicketkeeper,166,11,8167,137.2,0,0.0,34.43,KKR,12.88
7709,Aditya Kulkarni,29,India,Allrounder,55,2,3556,104.2,456,6.08,49.4,LSG,11.15
7710,Amit Verma,29,Australia,Bowler,99,4,1115,112.4,648,4.24,30.72,KKR,14.02
7711,Aditya Reddy,21,Sri Lanka,Bowler,39,2,1192,125.5,305,4.61,20.41,GT,6.53
7712,Sameer Yadav,25,Australia,Wicketkeeper,170,6,2685,113.1,0,0.0,52.68,MI,8.61
7713,Amit Sharma,22,India,Bowler,15,1,909,116.6,701,5.18,36.56,GT,14.14
7714,Pranav Verma,20,Sri Lanka,Batter,26,1,9122,143.5,14,7.97,26.66,CSK,11.5
7715,Rahul Malik,35,India,Bowler,274,14,2072,140.5,392,7.31,45.29,RR,14.17
7716,Amit Singh,41,Australia,Bowler,216,10,3814,96.3,850,4.33,40.79,KKR,16.54
7717,Sameer Singh,38,West Indies,Allrounder,277,16,8835,130.1,157,8.02,27.46,CSK,14.71
7718,Sameer Reddy,35,India,Batter,133,5,13697,137.0,2,6.32,45.26,MI,16.07
7719,Karthik Yadav,36,Sri Lanka,Batter,196,11,8039,96.7,12,6.6,34.29,RCB,9.28
7720,Rohan Iyer,25,Australia,Allrounder,72,3,8174,137.4,306,7.04,48.35,GT,11.83
7721,Sandeep Sharma,31,India,Wicketkeeper,72,4,11106,131.6,0,0.0,23.88,KKR,14.73
7722,Harshit Iyer,25,India,Bowler,144,7,2496,154.1,347,6.59,51.7,LSG,11.65
7723,Aditya Verma,25,India,Wicketkeeper,42,2,8276,147.3,0,0.0,30.58,CSK,11.82
7724,Nikhil Iyer,28,England,Allrounder,147,9,2855,146.1,160,7.63,43.74,SRH,12.57
7725,Amit Chopra,41,West Indies,Batter,165,8,13612,152.2,8,6.88,35.78,MI,13.7
7726,Irfan Singh,41,Australia,Batter,390,18,13803,101.6,5,6.45,42.66,MI,15.77
7727,Pranav Shetty,33,India,Wicketkeeper,97,4,11891,121.3,0,0.0,23.31,SRH,11.22
7728,Rahul Chopra,26,India,Wicketkeeper,93,5,7352,139.4,0,0.0,47.98,MI,13.18
7729,Sandeep Khan,42,Australia,Wicketkeeper,43,2,4055,138.5,0,0.0,27.08,MI,7.2
7730,Rohan Naidu,25,India,Allrounder,45,2,1981,95.6,126,7.41,30.68,KKR,9.72
7731,Ankit Shetty,42,India,Allrounder,239,11,6663,145.1,321,6.4,33.66,RR,15.19
7732,Irfan Khan,21,Sri Lanka,Batter,44,2,13881,116.1,3,6.04,37.46,DC,12.2
7733,Sameer Verma,35,India,Wicketkeeper,34,2,5588,151.9,0,0.0,52.94,PBKS,11.21
7734,Ankit Iyer,37,England,Wicketkeeper,389,14,4221,105.9,0,0.0,26.48,GT,11.23
7735,Nikhil Sharma,38,India,Batter,249,9,7556,142.3,10,6.57,20.21,GT,11.16
7736,Ankit Reddy,39,India,Allrounder,320,15,1645,127.3,289,5.45,28.66,DC,17.3
7737,Karthik Malik,31,South Africa,Bowler,78,4,3468,116.6,872,4.35,29.6,KKR,16.78
7738,Karthik Patel,24,India,Bowler,63,3,1614,153.8,329,5.94,24.35,RCB,10.18
7739,Pranav Malik,19,England,Batter,21,1,3339,150.9,8,7.3,50.69,CSK,8.62
7740,Vikas Iyer,23,India,Wicketkeeper,81,5,5401,118.7,0,0.0,44.46,KKR,11.33
7741,Karthik Verma,30,Australia,Allrounder,177,6,3885,137.8,348,5.31,54.05,LSG,12.79
7742,Karthik Yadav,24,India,Wicketkeeper,66,4,9054,127.2,0,0.0,37.45,DC,11.47
7743,Amit Iyer,18,Sri Lanka,Allrounder,23,1,7893,133.0,41,5.66,40.67,GT,9.67
7744,Rohan Khan,37,South Africa,Bowler,140,7,1947,96.6,888,6.48,39.21,PBKS,16.18
7745,Vikas Mehta,37,South Africa,Allrounder,125,7,8056,107.5,93,7.08,27.29,DC,8.77
7746,Sandeep Deshmukh,41,India,Allrounder,270,11,5223,137.7,472,5.97,41.22,RR,17.72
7747,Aditya Naidu,20,India,Wicketkeeper,21,1,9563,145.7,0,0.0,30.35,CSK,12.15
7748,Manoj Naidu,20,India,Wicketkeeper,19,1,4471,149.7,0,0.0,46.03,KKR,10.76
7749,Pranav Shetty,40,England,Wicketkeeper,616,21,7037,118.7,0,0.0,23.33,LSG,17.53
7750,Karthik Naidu,20,India,Allrounder,54,2,3794,152.4,214,5.9,30.86,RCB,10.8
7751,Aditya Shetty,25,Sri Lanka,Wicketkeeper,49,2,4158,114.8,0,0.0,26.64,RR,7.28
7752,Karthik Reddy,40,Australia,Bowler,272,14,2357,111.5,499,7.07,31.56,RCB,13.77
7753,Vikas Sharma,39,Sri Lanka,Wicketkeeper,48,2,11194,119.9,0,0.0,35.18,CSK,9.91
7754,Pranav Shetty,23,India,Bowler,45,2,2048,125.2,582,5.56,48.51,GT,12.91
7755,Irfan Reddy,42,India,Allrounder,114,7,2388,142.9,297,7.87,23.54,KKR,10.81
7756,Aditya Reddy,32,South Africa,Batter,269,9,10820,102.2,14,8.8,24.37,RCB,11.63
7757,Sameer Sharma,25,Sri Lanka,Batter,58,3,7896,144.2,9,9.32,39.33,DC,13.43
7758,Harshit Sharma,42,Australia,Allrounder,324,14,6551,154.4,386,8.06,41.37,CSK,13.41
7759,Nikhil Yadav,26,India,Bowler,169,8,3502,140.3,501,6.33,28.12,RR,12.14
7760,Nikhil Khan,22,South Africa,Wicketkeeper,27,1,6306,105.0,0,0.0,46.59,RCB,9.66
7761,Karthik Malik,38,India,Wicketkeeper,369,14,8646,115.7,0,0.0,24.73,RR,15.75
7762,Sandeep Naidu,30,South Africa,Allrounder,60,4,1651,116.5,444,6.1,53.78,KKR,9.45
7763,Amit Verma,32,West Indies,Allrounder,125,6,2435,126.9,403,7.44,53.91,CSK,12.02
7764,Harshit Chopra,24,India,Bowler,87,5,271,125.7,550,7.43,51.7,PBKS,13.99
7765,Amit Shetty,28,India,Bowler,76,3,1979,108.8,736,5.54,28.14,LSG,15.14
7766,Rahul Khan,36,India,Wicketkeeper,446,17,9287,134.7,0,0.0,37.54,GT,20.0
7767,Manoj Verma,40,India,Wicketkeeper,80,3,2560,134.5,0,0.0,44.01,CSK,6.75
7768,Sandeep Khan,22,Australia,Bowler,24,1,3444,98.2,477,4.08,38.64,RCB,11.26
7769,Ankit Patel,31,England,Wicketkeeper,47,2,9592,106.5,0,0.0,42.14,LSG,11.61
7770,Irfan Reddy,30,Sri Lanka,Bowler,209,7,214,130.1,385,6.1,30.59,DC,12.03
7771,Vikas Shetty,24,India,Bowler,100,5,3969,144.8,769,6.43,54.93,PBKS,15.72
7772,Amit Mehta,41,India,Allrounder,350,17,7843,128.4,242,7.93,26.77,PBKS,15.23
7773,Manoj Shetty,37,West Indies,Wicketkeeper,68,3,9836,135.9,0,0.0,52.82,SRH,12.39
7774,Karthik Yadav,32,West Indies,Bowler,108,5,3896,110.4,136,4.81,25.22,DC,8.4
7775,Aditya Malik,39,Australia,Batter,344,15,5528,119.4,1,8.58,22.19,DC,11.95
7776,Manoj Verma,42,England,Bowler,372,20,2405,128.5,502,7.32,31.59,RR,15.67
7777,Sameer Naidu,32,West Indies,Allrounder,334,12,8388,112.4,79,6.2,35.94,MI,12.17
7778,Arjun Sharma,40,India,Wicketkeeper,392,14,4375,115.2,0,0.0,39.18,LSG,13.05
7779,Sameer Patel,41,Sri Lanka,Batter,45,2,9581,135.5,12,8.71,30.31,LSG,8.92
7780,Sandeep Iyer,39,India,Batter,50,2,7095,145.4,13,7.85,22.39,CSK,9.71
7781,Arjun Iyer,27,India,Bowler,66,3,1308,128.4,265,4.3,42.37,RCB,11.36
7782,Rahul Iyer,22,England,Allrounder,27,1,3023,139.7,364,5.74,42.62,SRH,10.13
7783,Aditya Khan,38,India,Bowler,83,4,1056,105.1,742,7.51,46.3,CSK,17.01
7784,Rahul Khan,18,South Africa,Batter,25,1,7275,128.9,11,6.29,39.32,KKR,9.06
7785,Rahul Naidu,23,England,Allrounder,71,3,7369,145.7,354,6.36,20.15,RR,11.59
7786,Rohan Malik,35,England,Wicketkeeper,123,8,5395,126.2,0,0.0,27.6,PBKS,9.37
7787,Ankit Kulkarni,31,India,Wicketkeeper,48,3,5639,139.6,0,0.0,21.51,LSG,9.11
7788,Aditya Yadav,40,South Africa,Allrounder,66,4,3952,145.3,161,7.91,49.15,CSK,8.87
7789,Arjun Mehta,23,Australia,Allrounder,132,5,1820,132.8,347,5.53,20.5,PBKS,11.62
7790,Manoj Mehta,39,West Indies,Batter,343,19,12043,138.4,4,8.97,38.59,PBKS,17.31
7791,Rahul Sharma,25,Australia,Wicketkeeper,179,7,3464,138.8,0,0.0,23.3,SRH,8.19
7792,Vikas Kulkarni,33,Australia,Batter,43,2,11854,112.5,1,7.85,54.04,RR,11.06
7793,Arjun Singh,30,India,Wicketkeeper,228,12,4146,146.4,0,0.0,45.66,GT,12.8
7794,Nikhil Shetty,22,England,Wicketkeeper,72,4,11369,151.0,0,0.0,32.14,CSK,12.73
7795,Rahul Deshmukh,41,England,Allrounder,294,16,7481,114.5,429,8.15,45.65,GT,16.32
7796,Pranav Sharma,26,Sri Lanka,Wicketkeeper,76,3,5827,139.2,0,0.0,20.64,KKR,7.25
7797,Irfan Sharma,25,India,Batter,107,5,13939,96.2,6,7.26,54.9,SRH,14.98
7798,Pranav Verma,23,India,Allrounder,112,4,3662,127.6,432,5.43,47.67,MI,13.52
7799,Sameer Sharma,22,West Indies,Bowler,42,2,1492,124.1,639,4.76,41.26,CSK,10.13
7800,Vikas Verma,30,Sri Lanka,Bowler,78,3,274,141.7,710,4.61,30.48,GT,12.89
7801,Sameer Patel,25,Australia,Bowler,73,3,2640,128.5,369,4.8,34.36,MI,8.94
7802,Irfan Khan,30,India,Allrounder,141,8,7248,147.8,202,8.22,36.92,LSG,12.3
7803,Ankit Khan,20,India,Batter,44,2,6111,114.5,2,7.26,29.36,RR,9.06
7804,Sandeep Patel,23,Sri Lanka,Bowler,81,3,3913,143.3,237,6.07,30.88,PBKS,7.48
7805,Rahul Naidu,26,India,Wicketkeeper,149,8,7865,106.4,0,0.0,36.64,SRH,11.56
7806,Amit Shetty,38,South Africa,Batter,171,7,7438,137.1,3,6.24,38.14,DC,11.88
7807,Vikas Verma,32,South Africa,Wicketkeeper,81,3,10534,124.8,0,0.0,30.52,CSK,13.33
7808,Vikas Shetty,28,South Africa,Batter,99,5,14770,100.4,0,9.17,50.44,RCB,16.37
7809,Sameer Sharma,39,India,Allrounder,68,4,6524,147.8,298,6.32,45.51,GT,10.45
7810,Sandeep Patel,24,India,Bowler,29,1,125,144.9,339,4.4,43.88,KKR,10.89
7811,Vikas Kulkarni,39,South Africa,Batter,169,11,11130,103.0,5,6.11,42.25,GT,12.62
7812,Amit Reddy,37,West Indies,Bowler,267,10,768,139.8,870,6.52,45.21,RCB,17.49
7813,Sandeep Mehta,26,India,Batter,168,6,10235,141.0,4,8.31,40.13,DC,14.45
7814,Arjun Reddy,35,India,Allrounder,195,11,4608,149.7,487,5.91,20.64,LSG,15.35
7815,Arjun Reddy,19,Australia,Wicketkeeper,29,1,9368,117.0,0,0.0,45.51,KKR,10.15
7816,Sameer Deshmukh,42,India,Wicketkeeper,315,12,3406,120.6,0,0.0,20.87,MI,10.35
7817,Sameer Singh,31,India,Allrounder,176,10,1791,133.9,396,5.23,53.77,RCB,13.21
7818,Rahul Reddy,37,England,Bowler,262,11,3314,125.4,480,6.1,31.14,MI,12.41
7819,Nikhil Naidu,33,India,Allrounder,248,12,2095,96.3,98,5.9,29.55,MI,11.54
7820,Amit Verma,22,India,Batter,47,2,13319,106.9,10,7.57,23.06,RCB,13.4
7821,Karthik Mehta,38,England,Allrounder,178,6,8332,148.7,223,7.51,52.79,RR,13.78
7822,Harshit Chopra,27,England,Batter,123,6,11859,98.2,10,8.16,45.93,DC,12.12
7823,Manoj Mehta,37,Australia,Batter,378,17,12494,135.2,15,6.39,47.28,CSK,18.46
7824,Harshit Verma,34,South Africa,Allrounder,159,10,2696,152.1,443,7.54,45.84,CSK,13.86
7825,Nikhil Kulkarni,30,Australia,Batter,162,10,8658,110.7,4,8.43,52.37,DC,13.8
7826,Sandeep Khan,21,Sri Lanka,Batter,74,3,11171,149.3,6,6.63,30.94,CSK,12.38
7827,Vikas Sharma,19,India,Allrounder,21,1,3161,144.6,238,5.46,20.09,RCB,9.56
7828,Ankit Iyer,32,Sri Lanka,Batter,194,8,5239,110.7,11,8.91,50.97,PBKS,10.45
7829,Rahul Deshmukh,25,Sri Lanka,Allrounder,150,5,6678,135.0,93,7.42,32.79,RCB,8.96
7830,Vikas Khan,25,India,Allrounder,52,2,4428,144.8,306,5.21,25.98,KKR,11.59
7831,Harshit Kulkarni,42,Australia,Allrounder,310,18,4960,131.0,128,6.3,36.88,CSK,13.73
7832,Sandeep Patel,33,India,Bowler,86,5,3049,103.4,861,4.75,24.31,RCB,17.91
7833,Rohan Kulkarni,28,England,Allrounder,76,5,2693,96.9,386,8.02,54.2,GT,9.68
7834,Amit Kulkarni,27,South Africa,Batter,173,7,4533,101.6,0,6.69,40.19,MI,9.11
7835,Sameer Naidu,33,Sri Lanka,Bowler,37,2,60,131.1,714,4.3,49.77,LSG,12.45
7836,Aditya Verma,38,India,Batter,279,11,6117,143.0,15,6.17,33.81,RR,14.42
7837,Amit Yadav,23,Australia,Allrounder,15,1,3824,105.6,195,5.56,52.16,RCB,8.44
7838,Rahul Naidu,18,England,Bowler,28,1,3943,147.0,804,4.42,39.05,GT,13.99
7839,Vikas Reddy,38,Australia,Allrounder,148,7,4487,122.9,461,5.14,48.61,MI,12.44
7840,Nikhil Sharma,19,India,Bowler,17,1,3736,124.3,243,6.76,50.1,SRH,7.62
7841,Manoj Naidu,34,England,Wicketkeeper,308,14,7308,102.2,0,0.0,51.85,LSG,12.6
7842,Manoj Yadav,30,India,Bowler,158,10,2329,137.5,369,7.22,48.63,KKR,12.62
7843,Arjun Malik,34,India,Wicketkeeper,65,4,11980,127.6,0,0.0,43.63,DC,13.5
7844,Aditya Chopra,39,India,Batter,334,20,7985,116.3,12,7.96,39.91,LSG,17.32
7845,Sameer Sharma,21,Sri Lanka,Wicketkeeper,89,3,6242,110.4,0,0.0,35.41,RCB,10.3
7846,Harshit Reddy,37,West Indies,Allrounder,104,5,2230,102.4,196,5.98,31.27,LSG,7.2
7847,Sandeep Singh,40,West Indies,Allrounder,327,13,7512,117.9,129,7.98,46.18,CSK,13.0
7848,Pranav Yadav,25,South Africa,Allrounder,56,2,6179,120.5,261,5.61,24.02,PBKS,9.22
7849,Pranav Malik,38,India,Wicketkeeper,188,10,6581,103.3,0,0.0,41.61,LSG,11.41
7850,Irfan Khan,33,India,Allrounder,83,3,2857,107.8,372,7.13,36.6,PBKS,13.3
7851,Sandeep Verma,20,South Africa,Bowler,17,1,2117,105.5,492,7.28,20.67,CSK,8.23
7852,Manoj Sharma,39,South Africa,Allrounder,376,20,8966,98.2,269,7.28,54.3,DC,16.25
7853,Sameer Singh,26,England,Batter,175,6,11582,123.2,5,8.13,35.05,RR,14.1
7854,Aditya Mehta,30,India,Wicketkeeper,38,2,6144,129.4,0,0.0,23.17,MI,8.49
7855,Sandeep Shetty,38,West Indies,Batter,279,17,6037,132.5,10,9.26,26.44,DC,10.87
7856,Nikhil Naidu,30,Sri Lanka,Batter,72,3,3778,103.0,9,7.97,20.61,SRH,4.42
7857,Rohan Iyer,41,India,Batter,223,10,5399,133.9,13,8.21,40.43,SRH,11.08
7858,Manoj Patel,28,India,Bowler,137,7,1654,131.2,384,4.7,21.98,RR,9.1
7859,Karthik Iyer,25,Sri Lanka,Batter,27,1,9340,128.2,0,8.13,42.93,SRH,11.21
7860,Irfan Yadav,29,Sri Lanka,Batter,108,4,11665,146.0,6,9.13,54.32,PBKS,16.95
7861,Manoj Reddy,32,India,Wicketkeeper,138,5,10239,153.6,0,0.0,47.03,PBKS,15.27
7862,Rohan Shetty,41,Australia,Bowler,283,16,1977,147.0,602,7.63,45.47,RCB,12.63
7863,Irfan Chopra,27,South Africa,Bowler,54,2,3765,97.9,883,4.29,49.32,LSG,15.25
7864,Manoj Patel,21,Australia,Bowler,29,1,1836,143.9,703,5.86,30.95,RCB,11.76
7865,Nikhil Verma,36,South Africa,Batter,291,10,4995,137.0,5,7.39,52.04,CSK,11.0
7866,Rahul Deshmukh,32,Australia,Wicketkeeper,94,6,11659,100.3,0,0.0,50.15,CSK,13.39
7867,Sandeep Singh,31,South Africa,Bowler,184,8,3937,113.9,352,7.01,32.43,GT,11.14
7868,Manoj Malik,34,Australia,Batter,74,3,4216,95.9,12,6.16,36.7,RCB,5.14
7869,Pranav Malik,29,South Africa,Bowler,145,7,284,106.6,266,4.36,49.64,GT,10.7
7870,Rahul Singh,18,West Indies,Allrounder,15,1,7473,133.0,287,7.0,26.56,RCB,11.5
7871,Karthik Shetty,34,India,Allrounder,239,14,4943,147.1,337,7.9,38.32,LSG,17.26
7872,Sameer Deshmukh,30,India,Batter,57,3,9230,145.7,4,9.19,45.6,RCB,16.71
7873,Ankit Shetty,33,West Indies,Wicketkeeper,17,1,5914,139.0,0,0.0,23.69,KKR,6.95
7874,Manoj Deshmukh,33,India,Allrounder,218,9,3913,99.0,481,5.95,20.3,RCB,17.17
7875,Sandeep Mehta,25,Australia,Batter,68,3,11928,147.8,13,6.55,28.4,CSK,12.49
7876,Irfan Mehta,25,India,Allrounder,127,6,8192,130.8,479,8.4,28.3,DC,13.72
7877,Amit Verma,19,India,Batter,15,1,9539,108.1,12,7.74,54.44,DC,11.79
7878,Ankit Chopra,42,India,Batter,358,14,8172,96.6,5,8.97,53.17,GT,13.98
7879,Nikhil Kulkarni,38,India,Bowler,221,9,2156,99.9,721,6.74,43.47,GT,16.52
7880,Sandeep Singh,34,India,Bowler,141,8,453,108.1,189,6.46,46.55,LSG,7.45
7881,Manoj Kulkarni,31,India,Wicketkeeper,181,9,11096,100.2,0,0.0,37.13,CSK,13.87
7882,Sameer Singh,20,India,Wicketkeeper,56,2,10400,95.6,0,0.0,53.91,RR,13.52
7883,Rohan Kulkarni,35,India,Allrounder,84,4,8079,104.5,84,7.63,31.96,GT,10.27
7884,Vikas Chopra,41,India,Allrounder,69,3,4683,141.0,430,5.56,22.06,KKR,12.35
7885,Nikhil Yadav,38,Sri Lanka,Allrounder,222,10,3373,151.5,66,7.94,43.68,SRH,10.99
7886,Manoj Naidu,25,Australia,Bowler,66,3,3282,116.6,485,4.81,36.7,GT,12.48
7887,Rahul Shetty,31,England,Batter,282,12,12212,135.1,2,8.12,39.4,DC,14.27
7888,Rohan Kulkarni,31,England,Wicketkeeper,29,1,10878,116.1,0,0.0,51.18,CSK,12.06
7889,Manoj Sharma,33,Sri Lanka,Wicketkeeper,349,14,5081,99.9,0,0.0,36.32,MI,11.3
7890,Irfan Patel,39,Sri Lanka,Wicketkeeper,416,20,2779,141.5,0,0.0,22.13,SRH,12.47
7891,Sandeep Naidu,32,Sri Lanka,Batter,92,5,11130,144.2,6,8.47,43.13,PBKS,14.61
7892,Nikhil Shetty,18,Australia,Wicketkeeper,27,1,8610,95.8,0,0.0,26.3,PBKS,6.41
7893,Rohan Malik,22,South Africa,Wicketkeeper,25,1,11607,115.5,0,0.0,28.18,DC,9.26
7894,Vikas Shetty,36,South Africa,Allrounder,421,18,8273,134.1,195,8.37,30.39,GT,12.92
7895,Pranav Reddy,25,Australia,Batter,103,6,7975,139.4,11,9.25,29.96,GT,10.2
7896,Ankit Deshmukh,32,India,Allrounder,291,10,8583,107.0,73,6.33,53.99,LSG,16.12
7897,Nikhil Mehta,28,India,Wicketkeeper,172,7,3817,126.0,0,0.0,51.36,LSG,11.5
7898,Vikas Kulkarni,29,India,Batter,206,7,13274,146.7,7,7.21,21.89,CSK,15.08
7899,Vikas Mehta,23,South Africa,Wicketkeeper,105,4,7154,153.9,0,0.0,51.92,MI,11.16
7900,Vikas Shetty,42,Sri Lanka,Wicketkeeper,501,20,11075,116.8,0,0.0,47.12,PBKS,15.87
7901,Ankit Mehta,32,Australia,Wicketkeeper,292,11,4291,140.1,0,0.0,51.54,RR,11.1
7902,Ankit Yadav,35,India,Wicketkeeper,82,3,9582,113.4,0,0.0,36.29,SRH,12.29
7903,Harshit Kulkarni,21,India,Wicketkeeper,50,3,10453,146.9,0,0.0,47.25,DC,12.27
7904,Irfan Shetty,28,Australia,Bowler,112,7,1689,145.7,131,5.5,21.64,SRH,8.86
7905,Nikhil Patel,22,India,Batter,28,1,13074,107.4,13,8.74,30.01,RR,12.45
7906,Sandeep Shetty,37,West Indies,Wicketkeeper,388,14,6414,124.6,0,0.0,35.74,LSG,13.46
7907,Manoj Khan,24,Sri Lanka,Bowler,36,2,266,127.7,658,5.98,31.6,KKR,11.51
7908,Rohan Yadav,31,West Indies,Bowler,213,13,3089,141.1,209,4.67,34.0,RR,11.54
7909,Karthik Chopra,19,Sri Lanka,Wicketkeeper,20,1,9415,125.4,0,0.0,42.56,PBKS,11.01
7910,Manoj Mehta,32,Australia,Allrounder,53,2,7345,137.5,279,8.18,21.59,MI,10.43
7911,Nikhil Malik,18,India,Bowler,23,1,2808,154.4,445,7.19,36.54,GT,10.58
7912,Rohan Reddy,27,Sri Lanka,Wicketkeeper,51,2,4261,153.2,0,0.0,39.16,CSK,8.79
7913,Manoj Kulkarni,29,England,Batter,20,1,11989,114.9,10,7.61,43.01,RR,12.36
7914,Rohan Singh,24,Sri Lanka,Batter,27,1,11748,101.3,10,6.8,20.95,DC,9.44
7915,Sandeep Malik,37,India,Bowler,92,6,3150,118.7,474,5.11,39.32,RCB,12.48
7916,Pranav Naidu,29,India,Wicketkeeper,241,11,6958,112.6,0,0.0,54.44,SRH,13.78
7917,Arjun Kulkarni,22,India,Batter,24,1,5358,121.5,0,7.02,23.61,CSK,7.63
7918,Irfan Khan,40,India,Wicketkeeper,322,13,2949,110.6,0,0.0,21.69,RCB,9.96
7919,Arjun Naidu,26,West Indies,Wicketkeeper,120,7,10510,128.6,0,0.0,46.29,CSK,13.64
7920,Rahul Patel,37,Sri Lanka,Bowler,222,13,601,117.1,320,4.74,20.58,RR,12.74
7921,Aditya Singh,19,India,Wicketkeeper,27,1,8476,145.4,0,0.0,47.3,GT,13.37
7922,Aditya Deshmukh,37,South Africa,Batter,482,18,8864,116.9,3,6.22,53.44,MI,15.17
7923,Aditya Iyer,25,India,Wicketkeeper,115,4,3131,118.5,0,0.0,38.42,RCB,10.86
7924,Pranav Sharma,35,India,Batter,255,13,3342,130.8,11,7.24,54.24,RCB,12.18
7925,Nikhil Mehta,18,Sri Lanka,Bowler,21,1,3657,141.5,381,7.79,34.15,SRH,8.11
7926,Manoj Sharma,34,India,Allrounder,61,3,7203,116.4,267,6.73,54.5,GT,11.2
7927,Nikhil Deshmukh,27,India,Wicketkeeper,24,1,7606,137.5,0,0.0,35.71,SRH,11.31
7928,Irfan Singh,27,South Africa,Wicketkeeper,57,2,8816,95.7,0,0.0,38.22,RR,9.83
7929,Rahul Yadav,20,India,Bowler,48,2,3833,126.4,264,7.74,26.38,RCB,6.01
7930,Rahul Khan,37,Sri Lanka,Batter,278,12,4345,116.3,1,6.08,52.14,PBKS,11.85
7931,Harshit Patel,42,England,Bowler,208,7,2057,151.7,803,7.79,45.53,RR,16.42
7932,Manoj Kulkarni,18,India,Bowler,25,1,2698,130.4,157,6.12,38.86,LSG,6.65
7933,Irfan Chopra,41,India,Bowler,119,4,2783,120.1,143,6.69,43.42,GT,9.14
7934,Ankit Kulkarni,37,India,Allrounder,27,1,6950,110.9,497,5.43,49.26,GT,12.96
7935,Nikhil Malik,33,India,Bowler,212,14,1110,127.3,212,7.43,21.11,MI,11.32
7936,Arjun Singh,42,India,Batter,54,2,8731,137.1,5,9.24,34.49,PBKS,8.54
7937,Rahul Shetty,33,Sri Lanka,Batter,116,4,9448,120.8,11,8.09,36.29,GT,14.04
7938,Sandeep Verma,31,India,Bowler,185,8,1595,104.7,423,7.37,23.63,MI,13.71
7939,Irfan Chopra,41,India,Bowler,16,1,392,113.8,772,4.01,25.16,SRH,14.27
7940,Sandeep Iyer,36,India,Bowler,356,12,3585,95.7,357,4.84,27.95,SRH,12.07
7941,Aditya Deshmukh,26,South Africa,Batter,85,5,8662,96.9,5,7.16,41.28,RR,10.34
7942,Amit Khan,40,Sri Lanka,Bowler,124,5,2871,100.8,771,6.16,40.83,PBKS,12.28
7943,Arjun Yadav,26,India,Batter,149,7,8528,151.7,3,9.5,20.09,GT,13.74
7944,Harshit Patel,27,Sri Lanka,Bowler,70,4,1144,116.2,438,7.02,22.23,MI,9.88
7945,Harshit Singh,30,West Indies,Batter,224,12,3908,114.3,1,7.04,38.31,MI,8.79
7946,Harshit Naidu,35,India,Batter,344,14,11100,139.9,3,8.31,28.61,GT,18.59
7947,Arjun Deshmukh,24,Sri Lanka,Bowler,57,3,612,113.5,351,5.22,32.7,SRH,9.79
7948,Karthik Sharma,22,South Africa,Allrounder,26,1,6158,141.7,432,8.5,54.12,KKR,12.34
7949,Ankit Naidu,29,Sri Lanka,Bowler,197,10,3233,119.4,570,6.63,33.64,CSK,13.46
7950,Nikhil Sharma,38,South Africa,Bowler,560,19,3097,120.0,153,5.86,48.99,SRH,11.4
7951,Sameer Patel,20,Sri Lanka,Bowler,31,2,741,112.7,799,5.77,47.12,KKR,14.59
7952,Manoj Naidu,31,South Africa,Batter,356,12,10783,120.2,5,8.99,43.37,MI,15.37
7953,Sandeep Deshmukh,33,India,Bowler,16,1,3218,126.8,249,4.22,21.57,SRH,7.35
7954,Amit Chopra,31,India,Batter,80,3,6383,131.8,5,6.1,30.62,KKR,12.21
7955,Aditya Yadav,18,India,Allrounder,23,1,8407,148.8,74,7.6,24.88,MI,12.62
7956,Pranav Patel,28,India,Batter,74,4,3879,125.9,15,8.54,23.92,GT,8.6
7957,Nikhil Naidu,25,West Indies,Bowler,30,1,3344,131.6,263,6.48,38.05,RCB,9.67
7958,Rahul Yadav,34,Australia,Wicketkeeper,261,15,6307,150.6,0,0.0,38.24,CSK,13.48
7959,Arjun Khan,34,India,Wicketkeeper,243,16,10432,154.4,0,0.0,37.82,CSK,16.6
7960,Rohan Iyer,39,Sri Lanka,Wicketkeeper,413,15,3064,102.0,0,0.0,36.47,LSG,10.26
7961,Sandeep Singh,37,India,Allrounder,273,15,8998,130.8,308,5.64,44.26,KKR,18.94
7962,Vikas Patel,28,Australia,Batter,107,5,11800,100.9,10,7.64,36.4,LSG,11.17
7963,Rohan Verma,40,India,Allrounder,73,4,3631,135.9,170,5.29,47.66,RCB,11.76
7964,Aditya Chopra,19,England,Allrounder,25,1,8990,103.9,72,8.37,38.63,GT,7.41
7965,Karthik Patel,18,West Indies,Batter,29,1,7480,150.3,10,7.99,41.95,CSK,9.34
7966,Nikhil Malik,25,South Africa,Allrounder,24,1,7023,121.2,461,5.51,42.92,PBKS,13.16
7967,Arjun Deshmukh,30,India,Batter,266,12,7110,146.8,15,8.45,26.32,LSG,13.85
7968,Vikas Chopra,33,India,Allrounder,215,8,5185,98.5,446,8.33,54.43,GT,13.65
7969,Ankit Yadav,31,Australia,Bowler,255,9,2146,134.6,161,7.26,45.72,RCB,10.01
7970,Irfan Khan,40,South Africa,Batter,69,4,4870,97.5,15,6.25,23.56,MI,7.95
7971,Nikhil Shetty,26,India,Wicketkeeper,128,5,11671,100.2,0,0.0,39.16,KKR,14.38
7972,Pranav Kulkarni,40,South Africa,Allrounder,63,3,6545,146.6,98,5.75,35.6,MI,8.76
7973,Karthik Sharma,40,Australia,Batter,474,20,4900,134.2,12,8.43,31.19,SRH,13.14
7974,Aditya Sharma,27,South Africa,Bowler,49,3,3482,115.5,711,4.92,47.88,RR,13.87
7975,Pranav Verma,18,Australia,Wicketkeeper,20,1,7744,130.2,0,0.0,28.87,GT,9.05
7976,Irfan Khan,23,India,Wicketkeeper,83,3,6071,144.1,0,0.0,21.92,LSG,9.33
7977,Irfan Naidu,19,India,Allrounder,30,1,4389,121.3,138,7.45,45.6,KKR,10.12
7978,Sandeep Deshmukh,28,India,Bowler,219,9,2731,140.0,696,7.52,35.47,SRH,16.27
7979,Vikas Yadav,41,India,Batter,284,12,12791,143.4,11,6.53,36.12,KKR,15.62
7980,Vikas Iyer,26,South Africa,Bowler,96,4,898,138.1,439,4.29,30.21,SRH,10.01
7981,Nikhil Naidu,29,West Indies,Wicketkeeper,55,2,5697,97.9,0,0.0,51.6,GT,7.82
7982,Karthik Shetty,39,India,Wicketkeeper,318,16,6268,124.0,0,0.0,29.83,RCB,13.72
7983,Arjun Chopra,36,Australia,Batter,276,16,10624,148.2,3,8.51,20.01,GT,17.22
7984,Ankit Reddy,41,England,Wicketkeeper,287,13,6071,136.3,0,0.0,46.85,SRH,13.0
7985,Amit Malik,37,Australia,Allrounder,152,6,5043,124.4,346,5.73,23.13,KKR,10.31
7986,Aditya Verma,30,India,Allrounder,128,5,4719,145.8,305,7.61,23.79,SRH,12.6
7987,Sandeep Singh,37,India,Allrounder,548,19,3046,141.3,243,7.86,32.14,KKR,16.39
7988,Irfan Kulkarni,36,India,Batter,129,8,4606,95.0,15,8.42,52.61,GT,10.23
7989,Nikhil Chopra,23,India,Bowler,20,1,146,132.2,791,6.09,43.26,KKR,15.24
7990,Pranav Kulkarni,18,Sri Lanka,Wicketkeeper,20,1,5825,128.7,0,0.0,49.99,DC,9.97
7991,Manoj Deshmukh,35,India,Batter,349,14,10038,149.5,2,8.13,40.38,CSK,17.61
7992,Irfan Shetty,36,Australia,Bowler,63,4,2827,149.8,503,4.65,43.86,RR,13.34
7993,Harshit Singh,36,West Indies,Batter,244,11,3760,154.1,9,8.45,22.63,MI,11.38
7994,Vikas Singh,38,India,Wicketkeeper,446,16,4481,120.7,0,0.0,28.37,CSK,13.15
7995,Irfan Verma,34,South Africa,Wicketkeeper,207,10,5490,132.8,0,0.0,48.24,MI,14.25
7996,Ankit Reddy,23,India,Allrounder,129,5,4839,122.3,462,8.38,47.52,KKR,13.65
7997,Vikas Singh,39,India,Bowler,30,1,2583,136.0,667,7.48,28.5,RCB,11.23
7998,Rahul Malik,39,India,Batter,143,5,12403,153.2,2,8.13,54.56,GT,18.52
7999,Rahul Sharma,25,Sri Lanka,Allrounder,17,1,6500,148.2,49,7.25,27.01,RCB,10.84
8000,Rohan Naidu,29,South Africa,Batter,178,11,14602,152.2,10,6.86,24.73,PBKS,16.63
8001,Sameer Yadav,30,Australia,Bowler,74,3,2362,120.2,838,4.73,40.64,CSK,14.86
8002,Arjun Chopra,40,Australia,Wicketkeeper,275,15,6777,131.2,0,0.0,30.22,DC,12.14
8003,Ankit Chopra,38,England,Allrounder,261,13,4800,149.9,469,8.22,33.72,RCB,15.03
8004,Vikas Yadav,24,India,Bowler,74,4,2984,137.1,87,5.65,43.2,CSK,9.1
8005,Manoj Kulkarni,26,India,Batter,150,8,7660,119.9,5,7.34,32.18,RR,12.94
8006,Rahul Khan,29,West Indies,Batter,111,4,13306,122.5,2,6.82,44.03,RCB,14.27
8007,Harshit Sharma,36,India,Batter,184,10,12628,141.7,11,8.6,33.12,MI,18.12
8008,Pranav Deshmukh,22,India,Wicketkeeper,30,1,7284,140.9,0,0.0,20.23,GT,9.78
8009,Ankit Reddy,21,India,Wicketkeeper,44,2,3227,123.6,0,0.0,47.79,RR,10.01
8010,Harshit Deshmukh,33,Sri Lanka,Allrounder,21,1,7770,123.4,273,7.21,42.56,KKR,9.87
8011,Rohan Yadav,40,India,Batter,262,12,8759,129.0,8,9.17,47.99,DC,15.5
8012,Sandeep Iyer,31,Australia,Bowler,297,12,3125,137.3,494,7.73,40.07,GT,13.11
8013,Nikhil Naidu,30,India,Batter,17,1,13591,117.5,4,6.13,39.79,SRH,13.92
8014,Ankit Chopra,30,England,Bowler,33,2,1218,121.3,178,7.03,53.6,MI,5.41
8015,Amit Sharma,35,West Indies,Allrounder,334,12,8077,139.7,245,5.95,34.67,SRH,16.6
8016,Arjun Verma,28,England,Batter,139,7,13982,143.2,8,7.7,30.37,RR,14.49
8017,Aditya Deshmukh,37,Sri Lanka,Wicketkeeper,283,11,8407,100.8,0,0.0,38.21,PBKS,11.38
8018,Sandeep Yadav,29,India,Batter,110,7,4341,142.8,10,7.85,53.89,SRH,14.33
8019,Sameer Verma,22,India,Batter,41,2,3419,130.5,15,6.19,43.84,CSK,9.91
8020,Sandeep Sharma,31,India,Allrounder,51,3,5260,151.6,109,8.45,44.94,MI,7.71
8021,Nikhil Verma,42,Australia,Batter,112,6,6070,104.7,0,7.83,33.45,KKR,7.31
8022,Irfan Patel,34,West Indies,Allrounder,121,5,5294,138.5,273,7.05,42.24,PBKS,8.97
8023,Vikas Verma,41,India,Wicketkeeper,483,17,4942,137.8,0,0.0,35.02,MI,14.33
8024,Vikas Singh,24,India,Wicketkeeper,21,1,8892,138.7,0,0.0,25.03,LSG,7.42
8025,Karthik Verma,41,Sri Lanka,Wicketkeeper,77,3,8395,104.8,0,0.0,25.7,PBKS,8.42
8026,Sameer Khan,24,England,Allrounder,158,6,4111,99.6,484,8.12,48.05,RCB,10.4
8027,Ankit Kulkarni,25,England,Allrounder,120,7,4079,123.1,178,5.82,52.06,PBKS,10.8
8028,Manoj Khan,21,Australia,Bowler,37,2,2242,107.6,584,6.23,29.94,CSK,8.75
8029,Amit Chopra,22,Australia,Bowler,80,3,3099,120.6,494,7.5,40.54,GT,9.93
8030,Irfan Verma,41,Australia,Wicketkeeper,39,2,5026,122.6,0,0.0,33.25,MI,6.75
8031,Nikhil Yadav,29,Sri Lanka,Wicketkeeper,25,1,10459,108.4,0,0.0,44.02,KKR,12.42
8032,Ankit Singh,36,West Indies,Batter,47,2,3016,111.5,13,8.51,47.62,CSK,8.04
8033,Arjun Verma,24,Australia,Allrounder,119,5,1555,150.2,361,7.99,25.64,DC,10.98
8034,Ankit Yadav,28,India,Wicketkeeper,61,3,10267,113.2,0,0.0,50.11,LSG,12.63
8035,Nikhil Chopra,31,South Africa,Batter,320,12,6857,95.2,10,6.69,50.48,DC,14.84
8036,Irfan Chopra,19,Australia,Batter,24,1,3494,119.9,5,7.14,35.62,KKR,4.15
8037,Rohan Kulkarni,32,India,Allrounder,105,6,8969,115.3,181,7.97,51.23,LSG,11.04
8038,Amit Yadav,23,South Africa,Allrounder,148,5,3504,126.6,234,7.16,31.4,KKR,9.81
8039,Amit Iyer,35,India,Allrounder,123,8,3702,132.4,217,5.85,35.64,MI,14.61
8040,Pranav Kulkarni,27,South Africa,Batter,141,9,9465,124.5,11,9.19,37.91,SRH,12.17
8041,Amit Mehta,24,South Africa,Bowler,72,3,3734,142.4,282,5.58,34.87,RR,8.22
8042,Manoj Malik,27,England,Wicketkeeper,53,2,7795,111.2,0,0.0,50.17,CSK,8.22
8043,Irfan Deshmukh,33,India,Bowler,153,8,1469,130.5,424,6.27,41.38,PBKS,13.45
8044,Manoj Iyer,38,India,Bowler,170,10,2459,113.8,721,6.73,21.18,KKR,16.74
8045,Pranav Patel,24,West Indies,Bowler,18,1,481,102.7,778,7.08,45.26,CSK,13.35
8046,Karthik Yadav,19,India,Wicketkeeper,16,1,9809,99.9,0,0.0,33.14,GT,9.54
8047,Irfan Mehta,41,West Indies,Batter,438,16,10420,126.3,0,6.22,42.86,RR,15.68
8048,Manoj Chopra,40,Australia,Wicketkeeper,261,14,5715,105.3,0,0.0,33.01,GT,9.16
8049,Amit Mehta,20,India,Allrounder,37,2,8863,121.5,312,8.26,48.09,GT,12.3
8050,Sandeep Shetty,20,India,Wicketkeeper,18,1,6914,150.6,0,0.0,54.1,SRH,10.29
8051,Vikas Mehta,19,Australia,Allrounder,27,1,6592,114.0,304,8.14,53.69,KKR,8.25
8052,Karthik Kulkarni,37,West Indies,Allrounder,399,17,3532,145.2,343,7.84,20.53,KKR,13.82
8053,Sandeep Singh,28,India,Wicketkeeper,65,4,8009,152.3,0,0.0,47.23,GT,12.65
8054,Arjun Verma,42,South Africa,Allrounder,139,8,8588,99.9,49,7.69,28.14,PBKS,8.59
8055,Irfan Yadav,19,India,Bowler,15,1,457,125.0,817,7.66,33.93,CSK,14.26
8056,Pranav Chopra,37,India,Wicketkeeper,89,5,10547,145.4,0,0.0,23.06,RR,13.19
8057,Ankit Deshmukh,25,England,Allrounder,120,5,1904,117.5,216,6.46,32.24,DC,8.71
8058,Irfan Deshmukh,21,South Africa,Batter,50,3,7929,107.6,5,7.08,26.05,LSG,8.55
8059,Rohan Verma,30,South Africa,Bowler,168,7,1955,150.2,860,6.43,37.81,KKR,15.23
8060,Pranav Shetty,40,India,Allrounder,15,1,5606,104.5,60,6.04,49.06,MI,9.04
8061,Sameer Verma,19,India,Wicketkeeper,21,1,7769,153.3,0,0.0,32.22,PBKS,11.31
8062,Rohan Malik,39,England,Wicketkeeper,492,19,6856,112.5,0,0.0,41.05,GT,13.11
8063,Karthik Singh,22,India,Bowler,73,3,2000,122.3,852,6.95,42.05,KKR,16.85
8064,Ankit Shetty,36,Sri Lanka,Batter,56,3,8867,152.6,13,8.51,25.78,KKR,9.56
8065,Sameer Yadav,29,India,Bowler,137,7,784,118.5,394,7.79,45.31,LSG,11.16
8066,Amit Shetty,35,India,Batter,55,3,7108,124.2,5,8.0,44.43,CSK,12.22
8067,Karthik Naidu,18,India,Bowler,27,1,3938,102.6,487,5.5,37.11,RR,12.19
8068,Harshit Naidu,22,Sri Lanka,Allrounder,63,3,3943,107.1,96,6.83,52.75,GT,8.24
8069,Arjun Verma,21,India,Allrounder,30,1,7518,119.6,129,5.8,25.42,RCB,9.84
8070,Rahul Deshmukh,33,Australia,Bowler,82,5,2700,113.5,839,6.04,37.12,PBKS,16.06
8071,Vikas Reddy,27,India,Batter,175,8,4148,98.2,13,6.79,47.27,LSG,11.19
8072,Pranav Iyer,34,India,Batter,285,10,14269,115.4,4,8.24,21.66,RR,16.08
8073,Rahul Verma,32,England,Allrounder,150,10,6337,105.2,278,8.03,52.58,DC,10.83
8074,Vikas Khan,25,West Indies,Bowler,166,7,190,115.4,307,5.82,45.96,CSK,7.21
8075,Irfan Iyer,34,West Indies,Allrounder,136,6,7639,117.2,119,8.07,34.26,PBKS,10.28
8076,Nikhil Naidu,33,Australia,Allrounder,24,1,8951,150.3,196,6.52,44.24,KKR,10.92
8077,Manoj Verma,30,Australia,Allrounder,96,4,5051,106.1,475,5.87,28.06,LSG,12.9
8078,Vikas Patel,28,India,Batter,168,10,9100,108.8,4,6.92,43.05,MI,14.21
8079,Ankit Khan,23,England,Batter,17,1,5686,118.2,6,6.41,41.88,PBKS,9.39
8080,Manoj Sharma,31,West Indies,Wicketkeeper,239,13,6304,112.5,0,0.0,22.28,GT,10.16
8081,Rahul Patel,22,England,Allrounder,52,2,2852,102.6,128,5.29,49.25,KKR,9.42
8082,Ankit Naidu,28,India,Allrounder,85,5,5347,98.9,245,7.3,33.69,CSK,10.45
8083,Irfan Malik,35,India,Batter,113,4,5594,129.7,8,6.98,38.3,MI,11.52
8084,Vikas Sharma,33,India,Wicketkeeper,24,1,3790,123.9,0,0.0,31.01,GT,6.39
8085,Karthik Singh,26,Australia,Bowler,90,3,1406,139.5,776,4.52,50.79,LSG,15.37
8086,Karthik Shetty,26,India,Batter,90,6,4100,98.5,13,9.3,45.9,KKR,6.64
8087,Manoj Singh,28,West Indies,Wicketkeeper,86,5,8587,138.6,0,0.0,53.15,LSG,11.93
8088,Manoj Reddy,41,England,Batter,332,19,10185,139.5,4,6.89,21.91,DC,15.67
8089,Sandeep Patel,35,South Africa,Allrounder,208,13,8796,116.1,98,7.21,46.91,KKR,11.85
8090,Rohan Naidu,33,India,Batter,418,14,14063,116.9,4,9.02,38.4,RCB,18.16
8091,Vikas Patel,37,South Africa,Allrounder,231,10,2166,120.0,236,5.41,32.63,PBKS,12.05
8092,Arjun Kulkarni,27,England,Batter,109,5,3171,148.7,0,6.64,25.18,CSK,8.16
8093,Arjun Deshmukh,34,Australia,Bowler,205,11,77,148.4,879,6.42,51.92,CSK,16.6
8094,Aditya Patel,32,India,Wicketkeeper,356,13,10086,142.6,0,0.0,26.16,PBKS,16.86
8095,Ankit Deshmukh,36,India,Wicketkeeper,385,18,4149,144.0,0,0.0,29.68,PBKS,17.63
8096,Amit Malik,21,Sri Lanka,Wicketkeeper,78,3,3753,150.3,0,0.0,44.82,GT,10.33
8097,Aditya Mehta,28,South Africa,Allrounder,228,8,5481,100.1,74,7.75,40.4,MI,11.78
8098,Karthik Sharma,31,West Indies,Wicketkeeper,145,6,9551,144.3,0,0.0,50.16,PBKS,13.9
8099,Rahul Deshmukh,33,West Indies,Allrounder,240,13,1689,151.3,143,5.1,21.52,RR,11.59
8100,Pranav Chopra,35,Sri Lanka,Bowler,336,12,1224,136.6,141,6.34,23.76,DC,6.68
8101,Sameer Deshmukh,20,England,Allrounder,60,2,1648,142.1,244,5.17,33.46,MI,8.11
8102,Rahul Chopra,34,India,Batter,185,11,9234,140.8,15,6.37,49.72,GT,14.87
8103,Rohan Chopra,35,West Indies,Bowler,438,16,1312,104.7,199,6.23,20.53,CSK,9.35
8104,Irfan Reddy,40,England,Wicketkeeper,252,9,4140,137.0,0,0.0,39.25,LSG,9.2
8105,Rohan Sharma,40,India,Allrounder,219,13,7904,143.8,142,7.28,35.2,RCB,11.59
8106,Sandeep Kulkarni,42,West Indies,Allrounder,460,24,6521,151.4,374,5.44,39.08,RR,18.16
8107,Nikhil Mehta,42,Sri Lanka,Wicketkeeper,378,22,6102,131.9,0,0.0,52.67,DC,15.75
8108,Karthik Sharma,38,India,Allrounder,516,20,5981,129.3,189,8.26,30.42,CSK,18.09
8109,Sandeep Deshmukh,29,India,Bowler,35,2,905,135.8,611,7.79,34.3,SRH,12.57
8110,Amit Yadav,42,India,Bowler,300,15,2992,120.0,556,6.13,51.09,GT,14.73
8111,Amit Mehta,30,India,Allrounder,28,1,2681,144.4,328,6.69,49.41,RR,8.98
8112,Harshit Mehta,23,India,Allrounder,44,2,4988,138.3,126,7.89,49.92,DC,8.17
8113,Vikas Iyer,21,India,Allrounder,29,1,8069,101.9,109,6.36,49.49,LSG,8.93
8114,Karthik Singh,19,India,Wicketkeeper,26,1,11959,124.9,0,0.0,24.46,SRH,11.0
8115,Vikas Naidu,33,India,Batter,90,4,7184,104.6,11,6.4,46.28,DC,10.66
8116,Amit Deshmukh,40,West Indies,Bowler,56,2,568,107.2,657,6.7,49.64,RR,10.01
8117,Sameer Khan,26,Australia,Wicketkeeper,60,2,11985,111.9,0,0.0,47.75,CSK,12.55
8118,Sandeep Mehta,40,India,Wicketkeeper,324,14,3881,124.3,0,0.0,45.6,SRH,12.72
8119,Sameer Malik,36,Sri Lanka,Wicketkeeper,89,3,11069,117.9,0,0.0,32.15,KKR,11.23
8120,Rohan Shetty,42,India,Batter,15,1,5729,97.1,5,8.94,54.12,LSG,9.66
8121,Nikhil Khan,24,India,Wicketkeeper,146,5,9714,133.9,0,0.0,35.14,LSG,12.23
8122,Ankit Kulkarni,33,Australia,Batter,20,1,7382,102.4,9,8.2,37.99,RCB,8.42
8123,Sameer Iyer,25,India,Batter,19,1,4550,109.1,0,9.45,45.28,PBKS,8.27
8124,Pranav Malik,24,India,Wicketkeeper,62,4,5520,121.1,0,0.0,42.84,SRH,9.9
8125,Sandeep Naidu,41,West Indies,Allrounder,220,11,2383,123.2,394,5.72,54.3,CSK,13.72
8126,Vikas Shetty,34,India,Batter,61,4,10486,133.2,3,6.68,40.15,SRH,14.36
8127,Sameer Sharma,27,Australia,Bowler,223,9,102,131.9,888,6.15,37.58,DC,16.33
8128,Pranav Singh,35,West Indies,Wicketkeeper,125,5,10994,96.0,0,0.0,51.5,PBKS,11.7
8129,Nikhil Naidu,29,West Indies,Batter,211,9,9820,105.5,14,8.89,34.46,SRH,12.75
8130,Vikas Iyer,26,South Africa,Bowler,61,3,676,153.8,422,6.93,53.29,GT,9.05
8131,Rohan Naidu,18,Sri Lanka,Wicketkeeper,24,1,4772,149.0,0,0.0,25.54,MI,8.33
8132,Sameer Sharma,30,South Africa,Allrounder,100,6,8973,147.7,116,8.2,33.19,RR,11.43
8133,Rahul Patel,26,India,Batter,102,6,5571,122.6,8,7.38,42.97,RR,13.13
8134,Rahul Deshmukh,40,India,Batter,89,4,9508,96.4,5,6.91,24.94,RR,8.56
8135,Nikhil Malik,41,India,Batter,86,4,5967,111.9,2,7.54,46.76,RR,9.71
8136,Karthik Iyer,30,India,Allrounder,147,9,4610,150.0,139,5.37,51.34,CSK,12.28
8137,Harshit Sharma,20,India,Batter,38,2,7208,139.4,6,9.18,23.74,PBKS,10.78
8138,Aditya Khan,23,India,Allrounder,119,5,8032,102.9,263,6.53,54.57,SRH,11.23
8139,Sandeep Mehta,34,India,Allrounder,376,13,5526,130.1,128,6.17,47.28,RR,15.73
8140,Sameer Shetty,42,Sri Lanka,Wicketkeeper,188,9,3618,150.2,0,0.0,46.44,RCB,9.59
8141,Manoj Khan,34,Australia,Batter,308,16,9378,123.0,4,8.36,41.19,CSK,13.83
8142,Rohan Khan,18,England,Wicketkeeper,30,1,3700,100.6,0,0.0,50.94,SRH,4.77
8143,Pranav Naidu,36,Australia,Wicketkeeper,89,3,4927,127.6,0,0.0,21.4,KKR,7.2
8144,Sandeep Patel,38,Australia,Allrounder,46,3,5297,124.4,375,8.22,50.4,MI,11.51
8145,Manoj Kulkarni,35,Australia,Bowler,83,3,540,143.9,687,7.26,22.15,RR,11.98
8146,Vikas Chopra,18,Australia,Batter,20,1,10574,147.5,3,6.86,51.46,KKR,12.83
8147,Sandeep Verma,41,India,Allrounder,173,8,6967,121.4,500,6.6,26.13,LSG,16.48
8148,Irfan Iyer,27,Sri Lanka,Bowler,51,3,1725,107.8,821,7.68,26.68,DC,13.69
8149,Rohan Malik,27,England,Batter,20,1,7318,109.6,3,8.31,52.86,GT,8.47
8150,Harshit Malik,26,South Africa,Allrounder,79,4,4844,95.3,242,5.04,37.67,DC,10.45
8151,Rahul Malik,24,India,Wicketkeeper,86,5,4784,124.3,0,0.0,25.72,GT,8.96
8152,Vikas Yadav,41,Sri Lanka,Wicketkeeper,41,2,11974,124.7,0,0.0,34.41,DC,10.54
8153,Nikhil Naidu,37,South Africa,Allrounder,357,16,4416,95.6,254,8.12,54.17,DC,11.38
8154,Karthik Reddy,26,Sri Lanka,Wicketkeeper,207,7,6687,132.5,0,0.0,25.31,RR,12.2
8155,Rohan Deshmukh,36,India,Bowler,70,3,3755,127.3,678,4.18,28.22,GT,14.43
8156,Sameer Sharma,42,India,Allrounder,514,24,7879,109.7,112,6.05,42.76,KKR,17.89
8157,Aditya Verma,23,India,Wicketkeeper,19,1,7148,128.2,0,0.0,22.73,DC,8.44
8158,Rahul Verma,41,India,Bowler,153,10,66,142.5,370,6.0,22.84,RR,11.9
8159,Ankit Mehta,36,India,Bowler,426,17,3452,129.7,594,7.38,53.27,CSK,16.78
8160,Manoj Singh,21,Australia,Bowler,70,3,2380,154.6,138,4.56,42.55,MI,6.86
8161,Arjun Khan,28,Sri Lanka,Batter,255,10,8790,125.9,6,7.99,20.83,KKR,13.64
8162,Amit Singh,37,West Indies,Batter,280,15,7186,133.6,2,9.29,23.21,LSG,13.24
8163,Ankit Sharma,18,England,Wicketkeeper,16,1,5967,96.3,0,0.0,21.78,PBKS,6.1
8164,Rahul Yadav,28,Australia,Allrounder,79,5,2530,131.8,411,7.13,37.49,RR,8.64
8165,Sandeep Deshmukh,40,India,Allrounder,587,20,4224,126.9,339,6.07,38.07,RCB,20.0
8166,Harshit Patel,28,India,Bowler,26,1,1379,111.9,667,4.07,21.86,RCB,16.35
8167,Nikhil Shetty,29,Australia,Allrounder,167,10,6477,138.5,395,8.15,54.86,RCB,14.73
8168,Manoj Singh,32,India,Wicketkeeper,42,2,3254,113.1,0,0.0,50.75,DC,7.8
8169,Rahul Kulkarni,21,India,Batter,58,3,5127,122.2,1,8.11,27.79,LSG,8.61
8170,Aditya Singh,39,West Indies,Bowler,145,8,1625,149.2,152,6.81,28.24,KKR,6.32
8171,Karthik Mehta,27,India,Batter,128,5,8536,136.8,2,6.61,54.19,RCB,15.59
8172,Irfan Patel,27,Australia,Batter,239,9,12060,112.1,15,8.62,34.7,MI,14.64
8173,Rahul Naidu,23,Sri Lanka,Batter,60,4,5834,146.1,3,7.35,47.0,KKR,9.04
8174,Ankit Sharma,29,England,Allrounder,80,4,6636,111.5,339,7.06,52.83,KKR,10.98
8175,Vikas Patel,37,India,Wicketkeeper,233,13,4420,134.2,0,0.0,53.97,KKR,14.52
8176,Rohan Yadav,24,South Africa,Bowler,27,1,2855,144.3,477,6.2,48.46,SRH,11.73
8177,Sameer Deshmukh,22,India,Bowler,17,1,1370,152.8,312,5.28,20.77,RR,11.01
8178,Amit Shetty,36,India,Allrounder,154,9,8377,152.9,189,7.69,31.86,RR,14.49
8179,Aditya Iyer,31,England,Batter,321,12,7509,128.7,9,8.27,46.65,CSK,13.63
8180,Vikas Mehta,26,South Africa,Allrounder,236,8,2005,131.2,54,8.03,48.56,KKR,5.97
8181,Sameer Yadav,33,England,Batter,105,5,6458,108.7,7,7.09,35.07,KKR,9.21
8182,Rahul Malik,31,England,Allrounder,178,10,5607,106.2,55,7.37,43.81,LSG,10.21
8183,Pranav Singh,39,England,Wicketkeeper,19,1,8006,118.6,0,0.0,47.85,RR,9.34
8184,Arjun Reddy,28,South Africa,Bowler,86,5,577,135.1,283,4.14,42.74,GT,9.58
8185,Nikhil Sharma,39,India,Wicketkeeper,287,11,5870,151.5,0,0.0,44.97,DC,12.76
8186,Irfan Iyer,19,Australia,Wicketkeeper,25,1,8830,142.8,0,0.0,51.66,PBKS,11.51
8187,Manoj Naidu,25,India,Wicketkeeper,118,4,6001,135.5,0,0.0,30.16,KKR,11.89
8188,Aditya Iyer,42,South Africa,Wicketkeeper,426,20,5846,147.2,0,0.0,46.17,GT,15.95
8189,Rohan Naidu,35,India,Allrounder,396,15,2150,137.6,132,6.49,50.37,CSK,15.82
8190,Irfan Deshmukh,20,India,Bowler,58,2,2531,152.1,312,7.71,31.39,DC,9.28
8191,Sameer Naidu,36,West Indies,Bowler,173,9,3730,101.6,893,5.6,28.66,RCB,16.46
8192,Harshit Singh,35,England,Batter,450,17,3225,116.7,9,9.09,41.72,RR,12.16
8193,Rohan Verma,19,Sri Lanka,Wicketkeeper,15,1,8801,135.0,0,0.0,47.36,LSG,10.36
8194,Vikas Singh,26,West Indies,Bowler,59,2,649,113.3,712,4.69,35.69,LSG,13.59
8195,Irfan Deshmukh,36,India,Allrounder,104,5,8793,154.0,206,6.28,49.22,SRH,15.05
8196,Arjun Chopra,42,India,Wicketkeeper,54,2,6559,123.8,0,0.0,50.77,SRH,11.17
8197,Amit Reddy,36,South Africa,Wicketkeeper,145,8,11393,115.9,0,0.0,47.5,RCB,15.66
8198,Nikhil Patel,40,India,Bowler,149,5,1211,141.3,561,4.85,35.98,PBKS,16.5
8199,Rohan Singh,40,England,Wicketkeeper,469,17,2743,101.4,0,0.0,29.56,SRH,11.34
8200,Pranav Kulkarni,24,South Africa,Batter,154,6,9316,140.0,11,7.41,22.55,GT,7.25
8201,Nikhil Malik,36,Australia,Wicketkeeper,156,6,4367,134.6,0,0.0,45.06,PBKS,11.29
8202,Rohan Singh,38,West Indies,Wicketkeeper,106,6,10046,134.2,0,0.0,46.62,SRH,11.66
8203,Nikhil Patel,33,Australia,Allrounder,33,2,8287,130.2,410,5.62,52.94,MI,11.62
8204,Rohan Kulkarni,25,Sri Lanka,Allrounder,70,4,6238,131.7,89,7.14,45.78,LSG,9.15
8205,Irfan Verma,21,India,Allrounder,61,3,5163,137.0,439,6.17,52.07,CSK,12.78
8206,Vikas Patel,40,South Africa,Bowler,18,1,1932,147.2,744,4.04,27.65,PBKS,14.04
8207,Pranav Kulkarni,22,Australia,Bowler,89,3,1074,146.1,830,5.73,48.84,GT,13.0
8208,Pranav Shetty,23,India,Batter,76,4,8916,151.4,10,9.12,35.65,GT,11.67
8209,Sameer Chopra,37,England,Bowler,52,3,660,118.4,191,6.49,32.28,PBKS,6.36
8210,Harshit Khan,38,Sri Lanka,Allrounder,478,16,4565,139.6,256,6.51,37.55,SRH,16.21
8211,Manoj Singh,42,West Indies,Bowler,471,24,3209,139.7,875,7.09,20.72,MI,20.0
8212,Karthik Sharma,33,India,Allrounder,29,1,7755,121.2,103,7.21,35.98,RCB,9.27
8213,Amit Reddy,38,India,Allrounder,104,6,7502,127.9,110,7.86,51.0,GT,10.47
8214,Arjun Patel,18,Sri Lanka,Allrounder,25,1,2179,128.2,358,7.49,46.41,KKR,8.1
8215,Aditya Verma,39,India,Bowler,277,14,128,96.6,454,4.15,22.92,DC,15.16
8216,Sandeep Yadav,29,India,Wicketkeeper,266,9,10977,121.3,0,0.0,28.24,DC,17.2
8217,Irfan Iyer,28,India,Bowler,168,6,1797,127.5,574,7.74,43.18,PBKS,11.16
8218,Pranav Mehta,19,Australia,Allrounder,26,1,6090,114.3,454,5.98,31.74,GT,10.29
8219,Sandeep Iyer,28,England,Allrounder,127,6,7469,123.4,297,7.45,38.12,CSK,10.44
8220,Irfan Shetty,41,India,Bowler,272,15,2459,141.1,596,6.25,23.16,PBKS,13.98
8221,Karthik Yadav,39,England,Wicketkeeper,405,19,9970,141.6,0,0.0,39.71,KKR,17.87
8222,Sandeep Yadav,18,India,Bowler,17,1,1804,114.7,167,6.54,34.33,CSK,7.14
8223,Sameer Malik,37,South Africa,Allrounder,228,12,2586,153.8,344,5.81,37.4,LSG,13.55
8224,Manoj Malik,29,India,Batter,183,11,8700,124.4,13,9.49,27.69,RR,14.59
8225,Harshit Chopra,38,India,Allrounder,367,16,3815,97.4,458,6.78,51.67,RR,15.69
8226,Pranav Sharma,33,South Africa,Bowler,27,1,996,138.5,608,7.11,41.34,KKR,10.09
8227,Sandeep Reddy,31,Sri Lanka,Batter,194,11,14154,154.8,14,8.03,29.73,GT,19.36
8228,Sameer Sharma,28,India,Allrounder,152,9,5853,129.9,360,7.73,54.16,DC,14.18
8229,Arjun Singh,35,India,Allrounder,339,14,5712,154.9,367,7.9,40.59,RCB,17.55
8230,Karthik Iyer,33,Australia,Batter,158,7,3949,125.2,0,6.72,44.89,LSG,9.29
8231,Amit Shetty,25,West Indies,Batter,80,3,5827,95.0,14,8.71,37.68,DC,5.4
8232,Rahul Naidu,18,Australia,Allrounder,29,1,3613,147.5,213,5.82,25.35,MI,6.1
8233,Amit Reddy,18,Australia,Wicketkeeper,16,1,10245,135.0,0,0.0,29.31,SRH,9.47
8234,Pranav Singh,39,Australia,Bowler,71,3,435,151.4,179,5.35,28.42,KKR,7.86
8235,Sandeep Malik,28,India,Allrounder,107,6,5098,99.2,326,5.33,37.66,SRH,13.58
8236,Rahul Singh,39,India,Batter,104,6,6753,114.6,0,8.25,44.16,GT,11.9
8237,Vikas Patel,34,South Africa,Allrounder,201,8,6583,146.4,205,5.21,48.58,MI,12.03
8238,Harshit Iyer,38,India,Allrounder,76,4,4182,151.2,445,8.45,32.47,RCB,14.11
8239,Amit Kulkarni,42,India,Wicketkeeper,58,2,6052,119.0,0,0.0,46.11,LSG,8.62
8240,Manoj Shetty,33,India,Wicketkeeper,378,14,11686,103.0,0,0.0,30.99,LSG,17.0
8241,Manoj Sharma,19,India,Batter,28,1,7747,122.3,0,6.41,39.32,DC,10.31
8242,Arjun Yadav,29,West Indies,Batter,53,2,7513,96.6,0,6.74,45.18,RCB,8.67
8243,Aditya Verma,40,Sri Lanka,Allrounder,99,4,1666,153.4,179,5.07,27.76,CSK,10.59
8244,Ankit Yadav,24,Sri Lanka,Bowler,99,5,3025,121.1,229,6.52,22.09,MI,6.71
8245,Ankit Khan,27,India,Batter,124,7,7756,126.0,2,7.65,49.91,DC,11.48
8246,Rahul Verma,20,India,Allrounder,19,1,4898,99.8,414,7.56,27.32,GT,10.29
8247,Ankit Chopra,35,England,Wicketkeeper,97,5,10228,113.7,0,0.0,24.07,KKR,10.14
8248,Irfan Deshmukh,25,South Africa,Bowler,139,5,2237,154.1,411,5.74,38.01,PBKS,14.89
8249,Sameer Mehta,31,England,Wicketkeeper,27,1,10867,139.5,0,0.0,43.9,SRH,12.66
8250,Amit Mehta,38,India,Wicketkeeper,230,9,10555,146.0,0,0.0,27.55,KKR,14.66
8251,Nikhil Patel,36,India,Allrounder,362,14,7622,147.9,169,7.64,26.0,RCB,14.3
8252,Amit Naidu,26,Australia,Bowler,117,5,1861,153.2,594,5.32,47.33,GT,10.85
8253,Aditya Shetty,26,India,Batter,82,5,10869,128.8,15,6.99,34.15,RCB,12.39
8254,Irfan Singh,21,India,Wicketkeeper,47,2,9412,124.4,0,0.0,32.43,CSK,11.62
8255,Arjun Yadav,18,South Africa,Batter,17,1,3517,135.5,2,6.98,47.25,LSG,8.82
8256,Karthik Chopra,35,India,Bowler,67,4,180,104.3,371,7.32,48.8,CSK,10.83
8257,Rohan Deshmukh,32,Australia,Allrounder,25,1,8522,120.6,489,5.89,51.55,SRH,13.02
8258,Ankit Reddy,25,India,Bowler,116,7,3986,106.8,791,5.73,25.6,LSG,16.2
8259,Sameer Patel,20,Australia,Batter,41,2,14902,140.8,4,7.66,54.9,CSK,15.31
8260,Rahul Reddy,30,England,Bowler,101,6,1228,147.6,524,6.99,46.17,DC,10.67
8261,Amit Chopra,23,West Indies,Batter,30,1,13521,99.6,13,9.13,52.55,GT,14.34
8262,Vikas Naidu,27,India,Allrounder,35,2,2964,150.3,299,6.39,22.65,LSG,10.64
8263,Harshit Mehta,29,India,Wicketkeeper,125,6,11735,137.9,0,0.0,45.75,KKR,15.34
8264,Arjun Chopra,25,India,Allrounder,76,3,3145,141.1,113,8.49,33.39,MI,6.82
8265,Nikhil Kulkarni,32,India,Batter,135,7,10332,117.0,15,7.95,26.86,PBKS,12.83
8266,Rahul Sharma,32,England,Batter,104,4,6165,108.3,14,6.87,39.21,RCB,9.82
8267,Vikas Singh,39,England,Bowler,194,11,2845,149.8,435,7.44,21.92,GT,9.69
8268,Nikhil Verma,39,India,Allrounder,76,3,3669,109.7,459,5.28,28.93,CSK,10.85
8269,Vikas Mehta,31,West Indies,Bowler,188,8,3984,118.3,163,4.36,40.57,LSG,10.31
8270,Rahul Shetty,21,Sri Lanka,Bowler,69,3,3503,127.6,871,6.2,31.85,CSK,13.08
8271,Ankit Kulkarni,42,England,Batter,492,22,11771,144.6,14,8.47,32.12,PBKS,19.91
8272,Sandeep Singh,42,Sri Lanka,Allrounder,59,2,5337,112.8,248,5.3,24.81,KKR,8.27
8273,Aditya Yadav,36,England,Wicketkeeper,279,14,8928,123.0,0,0.0,25.46,RCB,12.69
8274,Harshit Sharma,30,West Indies,Wicketkeeper,30,1,6017,122.8,0,0.0,27.74,RCB,6.64
8275,Vikas Chopra,42,England,Bowler,356,16,478,96.7,239,6.81,39.42,CSK,11.03
8276,Sandeep Mehta,21,South Africa,Wicketkeeper,46,2,5470,105.2,0,0.0,20.03,RR,9.65
8277,Sandeep Chopra,33,India,Allrounder,101,4,8119,135.3,175,8.04,23.46,PBKS,12.6
8278,Aditya Kulkarni,23,Australia,Allrounder,85,4,8249,131.7,41,7.32,36.57,SRH,8.67
8279,Sameer Chopra,38,India,Allrounder,232,13,2076,148.2,359,6.47,28.58,PBKS,15.2
8280,Aditya Sharma,20,Australia,Bowler,19,1,388,114.7,569,5.51,46.99,SRH,10.15
8281,Rohan Deshmukh,37,England,Bowler,271,11,1031,146.0,438,7.48,47.92,GT,13.53
8282,Rohan Reddy,41,Australia,Allrounder,15,1,8516,136.8,437,8.45,46.29,RCB,12.16
8283,Manoj Khan,27,India,Batter,129,5,14874,95.4,12,9.44,42.19,KKR,11.97
8284,Karthik Sharma,42,India,Batter,206,10,6587,150.1,14,8.59,50.93,CSK,12.58
8285,Irfan Khan,36,Australia,Allrounder,19,1,2456,151.7,107,7.95,38.81,LSG,8.39
8286,Harshit Malik,41,India,Wicketkeeper,41,2,10702,95.4,0,0.0,20.39,RR,10.36
8287,Nikhil Khan,18,India,Wicketkeeper,18,1,10657,127.7,0,0.0,35.23,CSK,10.58
8288,Harshit Iyer,19,India,Wicketkeeper,16,1,10321,122.1,0,0.0,34.01,SRH,10.65
8289,Harshit Chopra,28,Sri Lanka,Batter,69,4,5482,116.6,12,9.21,49.97,LSG,6.76
8290,Sameer Naidu,37,Australia,Wicketkeeper,368,14,7662,149.2,0,0.0,37.48,KKR,14.68
8291,Rahul Deshmukh,34,India,Batter,221,14,11670,140.7,11,7.56,44.78,DC,19.96
8292,Nikhil Patel,35,South Africa,Allrounder,254,11,2053,101.2,263,6.15,29.27,SRH,11.85
8293,Rahul Iyer,33,India,Bowler,379,13,2469,112.7,407,4.5,29.16,LSG,18.38
8294,Karthik Patel,22,South Africa,Batter,90,4,3985,152.3,13,8.23,44.0,GT,10.24
8295,Sandeep Khan,34,India,Wicketkeeper,218,8,9660,150.6,0,0.0,47.44,CSK,16.96
8296,Karthik Patel,26,India,Allrounder,107,6,6955,119.8,206,7.55,31.37,KKR,14.33
8297,Vikas Verma,35,India,Wicketkeeper,59,3,2797,145.8,0,0.0,51.69,GT,10.24
8298,Sameer Reddy,19,England,Bowler,27,1,2322,95.5,197,5.72,47.74,RCB,5.82
8299,Aditya Kulkarni,39,India,Bowler,166,11,1407,95.6,649,5.08,48.17,PBKS,16.82
8300,Sandeep Khan,20,India,Wicketkeeper,38,2,9520,126.0,0,0.0,43.98,SRH,13.72
8301,Irfan Patel,30,South Africa,Batter,51,2,14518,127.5,2,9.2,37.61,CSK,13.16
8302,Harshit Reddy,36,West Indies,Batter,336,12,6321,113.3,4,7.02,47.88,MI,11.7
8303,Ankit Yadav,36,South Africa,Wicketkeeper,327,18,7397,121.9,0,0.0,25.72,RR,13.43
8304,Arjun Patel,29,Sri Lanka,Batter,26,1,3932,123.4,7,6.33,36.27,GT,7.99
8305,Manoj Kulkarni,32,India,Bowler,118,5,268,123.3,371,6.48,25.02,MI,11.61
8306,Sameer Chopra,23,India,Batter,68,4,8104,149.4,2,7.78,25.58,PBKS,10.16
8307,Sandeep Patel,28,India,Batter,58,3,11950,130.6,14,8.41,46.2,PBKS,16.81
8308,Pranav Reddy,24,India,Batter,20,1,11284,151.5,14,6.53,41.73,CSK,13.19
8309,Vikas Naidu,37,England,Wicketkeeper,291,12,7362,145.8,0,0.0,28.63,LSG,12.78
8310,Arjun Mehta,38,England,Batter,68,4,3515,141.9,15,8.59,33.91,SRH,6.42
8311,Aditya Sharma,22,Sri Lanka,Allrounder,69,3,3647,134.5,339,6.34,23.27,KKR,13.06
8312,Vikas Sharma,27,West Indies,Bowler,57,2,3627,97.6,340,6.8,26.67,PBKS,8.38
8313,Sandeep Deshmukh,41,England,Allrounder,247,11,3878,100.9,483,7.32,54.01,RCB,12.06
8314,Sandeep Chopra,37,India,Bowler,201,9,373,132.6,320,7.3,48.67,DC,11.92
8315,Sandeep Singh,42,West Indies,Bowler,305,13,3509,110.6,191,7.37,49.73,DC,10.2
8316,Sameer Kulkarni,25,India,Bowler,41,2,1751,119.8,181,4.74,39.54,KKR,8.17
8317,Rahul Patel,38,Sri Lanka,Batter,137,8,6385,96.8,13,8.5,30.17,KKR,9.42
8318,Arjun Iyer,33,India,Batter,274,12,14896,116.4,5,8.13,47.13,MI,17.71
8319,Irfan Patel,41,India,Batter,141,5,12597,109.1,0,8.28,25.11,MI,12.68
8320,Pranav Deshmukh,36,West Indies,Bowler,516,18,2395,122.0,663,6.39,25.91,CSK,15.88
8321,Amit Mehta,24,India,Bowler,46,2,3299,113.2,744,5.24,23.78,MI,13.28
8322,Irfan Khan,37,India,Wicketkeeper,46,3,10858,127.8,0,0.0,46.73,CSK,15.19
8323,Arjun Patel,22,India,Batter,73,4,8206,144.6,13,8.01,24.46,SRH,13.64
8324,Sameer Singh,23,West Indies,Bowler,76,5,1484,131.6,635,5.66,43.66,GT,12.73
8325,Pranav Malik,34,South Africa,Wicketkeeper,353,15,3093,136.7,0,0.0,45.51,PBKS,14.38
8326,Nikhil Sharma,32,Australia,Wicketkeeper,141,7,9360,134.1,0,0.0,23.3,RCB,11.52
8327,Sameer Yadav,26,West Indies,Bowler,123,5,1113,138.5,606,6.64,54.77,DC,12.26
8328,Pranav Shetty,26,India,Bowler,19,1,2362,136.2,121,6.63,38.02,LSG,6.66
8329,Rohan Iyer,33,Australia,Allrounder,366,15,6274,154.8,322,8.04,47.27,RCB,15.66
8330,Karthik Reddy,19,West Indies,Allrounder,21,1,8257,99.7,245,7.14,45.44,GT,9.23
8331,Ankit Khan,24,South Africa,Batter,135,6,11347,141.5,12,8.48,24.36,PBKS,14.35
8332,Rohan Sharma,31,Australia,Batter,302,11,7131,112.7,10,8.29,46.61,KKR,12.93
8333,Manoj Naidu,26,India,Bowler,173,6,3094,136.0,256,4.91,30.32,PBKS,12.07
8334,Rohan Singh,31,India,Bowler,92,4,2742,133.0,152,4.03,23.96,LSG,10.44
8335,Irfan Khan,20,South Africa,Allrounder,43,2,8096,150.5,84,7.31,53.92,PBKS,10.56
8336,Pranav Reddy,40,England,Allrounder,282,10,6967,143.6,177,5.83,32.37,RR,11.94
8337,Karthik Patel,36,Sri Lanka,Allrounder,31,2,4646,142.2,99,8.15,22.59,CSK,5.83
8338,Sandeep Iyer,21,England,Batter,58,2,12655,115.2,13,7.42,47.48,KKR,12.67
8339,Arjun Singh,18,India,Allrounder,20,1,8776,136.1,429,6.44,41.09,DC,13.08
8340,Nikhil Kulkarni,36,Australia,Batter,234,12,10125,151.3,0,9.41,34.97,SRH,14.68
8341,Arjun Kulkarni,41,India,Allrounder,162,9,5561,144.8,185,7.53,51.46,RR,12.74
8342,Karthik Reddy,28,India,Allrounder,175,8,6836,113.1,149,5.24,31.21,GT,16.17
8343,Pranav Sharma,31,Sri Lanka,Batter,209,10,13622,105.2,1,7.52,37.37,GT,13.26
8344,Nikhil Deshmukh,25,Sri Lanka,Allrounder,89,4,3752,124.8,256,7.32,43.3,CSK,7.44
8345,Vikas Yadav,32,India,Allrounder,340,13,7290,147.6,389,5.23,52.87,SRH,18.85
8346,Ankit Singh,32,India,Allrounder,21,1,3192,147.9,139,7.16,24.6,CSK,8.68
8347,Aditya Patel,42,India,Bowler,274,10,2865,102.1,375,7.03,34.28,LSG,12.54
8348,Rahul Chopra,37,England,Bowler,270,14,3051,130.1,343,5.23,30.55,GT,12.88
8349,Sameer Patel,18,India,Wicketkeeper,25,1,11031,133.2,0,0.0,32.86,CSK,13.72
8350,Vikas Khan,28,India,Wicketkeeper,50,3,3253,146.6,0,0.0,42.19,RCB,8.16
8351,Karthik Naidu,32,West Indies,Allrounder,252,12,4930,115.2,112,5.75,49.66,GT,11.51
8352,Sandeep Sharma,19,India,Allrounder,28,1,4715,127.1,487,6.35,42.71,MI,12.76
8353,Sandeep Reddy,34,Australia,Wicketkeeper,95,6,3803,115.9,0,0.0,30.29,KKR,8.6
8354,Rohan Mehta,42,Sri Lanka,Batter,386,17,4770,107.9,2,7.66,29.95,LSG,13.86
8355,Rahul Kulkarni,34,India,Wicketkeeper,99,5,4302,98.7,0,0.0,30.64,DC,9.81
8356,Aditya Chopra,36,India,Bowler,254,9,1699,152.7,795,5.22,40.64,GT,18.33
8357,Harshit Mehta,25,South Africa,Bowler,59,3,1520,97.7,537,6.99,23.73,SRH,9.1
8358,Pranav Chopra,41,England,Wicketkeeper,77,4,10241,143.9,0,0.0,41.82,KKR,11.16
8359,Rohan Singh,25,India,Wicketkeeper,144,7,9826,106.5,0,0.0,34.17,LSG,12.24
8360,Pranav Deshmukh,23,India,Allrounder,67,4,8675,145.6,392,6.89,22.11,LSG,14.42
8361,Karthik Patel,38,India,Batter,397,20,9946,138.0,14,8.09,54.23,RCB,19.16
8362,Aditya Patel,34,England,Bowler,77,4,3838,111.6,896,7.07,44.84,DC,13.42
8363,Karthik Yadav,42,Sri Lanka,Bowler,147,6,2719,138.8,798,6.9,48.71,PBKS,13.95
8364,Rohan Malik,18,West Indies,Batter,28,1,4372,100.9,6,9.16,23.67,DC,6.12
8365,Sandeep Yadav,30,India,Bowler,126,5,992,110.1,210,7.03,22.05,DC,9.03
8366,Ankit Shetty,34,Australia,Wicketkeeper,409,15,10708,119.1,0,0.0,48.7,DC,17.25
8367,Rohan Iyer,27,India,Batter,30,1,12677,135.3,10,6.44,20.13,MI,13.81
8368,Rahul Kulkarni,32,South Africa,Batter,196,7,9844,116.1,12,6.38,22.93,PBKS,13.78
8369,Irfan Mehta,39,India,Bowler,351,15,3782,146.8,630,7.21,46.44,PBKS,17.41
8370,Pranav Deshmukh,39,Sri Lanka,Wicketkeeper,179,7,11004,109.5,0,0.0,38.31,CSK,11.89
8371,Aditya Kulkarni,37,India,Wicketkeeper,56,2,2768,106.1,0,0.0,29.84,GT,5.99
8372,Aditya Yadav,33,India,Bowler,168,11,442,139.1,855,5.96,23.31,GT,18.28
8373,Rohan Sharma,24,India,Bowler,65,4,2496,150.6,422,5.13,35.02,GT,8.8
8374,Rohan Shetty,39,Sri Lanka,Wicketkeeper,111,5,6632,151.3,0,0.0,54.7,RR,11.09
8375,Aditya Deshmukh,28,India,Bowler,187,7,3748,112.3,832,6.0,47.68,RCB,17.77
8376,Rohan Kulkarni,28,Sri Lanka,Allrounder,24,1,5602,110.1,486,5.56,47.47,RR,9.99
8377,Nikhil Singh,35,Sri Lanka,Allrounder,24,1,2982,107.1,43,6.52,42.79,SRH,5.46
8378,Vikas Verma,18,Sri Lanka,Bowler,18,1,3967,102.5,383,6.78,29.69,KKR,8.62
8379,Pranav Chopra,23,India,Bowler,52,3,1007,117.8,817,4.84,46.72,GT,16.34
8380,Pranav Verma,32,India,Bowler,347,14,2261,134.8,383,6.71,20.22,PBKS,14.39
8381,Ankit Naidu,19,West Indies,Wicketkeeper,25,1,6328,103.5,0,0.0,27.82,KKR,7.37
8382,Irfan Patel,38,India,Allrounder,228,15,5471,103.8,110,5.95,34.36,RCB,12.84
8383,Ankit Reddy,20,India,Batter,59,2,6012,140.0,4,6.26,47.57,CSK,12.39
8384,Vikas Iyer,26,India,Batter,220,8,14945,100.4,6,8.01,51.15,MI,17.61
8385,Amit Reddy,32,Australia,Batter,137,9,13093,107.1,13,9.38,44.66,GT,12.25
8386,Arjun Malik,26,England,Bowler,68,3,161,127.4,529,7.2,31.32,DC,12.19
8387,Sandeep Shetty,38,India,Bowler,556,19,546,125.7,753,5.82,34.02,CSK,20.0
8388,Pranav Shetty,22,India,Allrounder,59,3,1823,139.6,361,8.25,28.45,PBKS,9.62
8389,Arjun Singh,30,Sri Lanka,Batter,31,2,7577,136.3,3,8.05,24.91,DC,7.65
8390,Rohan Sharma,36,Australia,Wicketkeeper,117,7,8637,116.5,0,0.0,51.69,RR,11.96
8391,Sandeep Iyer,21,India,Bowler,22,1,2747,108.0,809,6.16,24.3,SRH,14.43
8392,Amit Patel,23,India,Allrounder,106,5,2965,127.9,139,6.81,31.7,CSK,12.04
8393,Vikas Mehta,41,India,Batter,159,6,8155,99.1,3,8.21,25.08,PBKS,10.09
8394,Vikas Singh,27,India,Wicketkeeper,53,3,4136,127.8,0,0.0,22.16,CSK,7.83
8395,Manoj Malik,40,India,Batter,156,9,12825,103.5,10,9.08,43.59,MI,15.84
8396,Rahul Sharma,25,Sri Lanka,Bowler,154,6,2627,119.0,384,5.49,46.77,DC,11.9
8397,Harshit Verma,39,England,Batter,105,6,14660,138.5,9,7.75,37.68,KKR,15.03
8398,Nikhil Shetty,40,India,Wicketkeeper,91,4,9161,130.6,0,0.0,46.63,GT,13.4
8399,Nikhil Malik,25,India,Batter,26,1,7527,131.9,6,8.13,47.62,MI,11.2
8400,Aditya Naidu,41,India,Wicketkeeper,102,4,7290,151.9,0,0.0,33.19,CSK,12.07
8401,Pranav Khan,21,West Indies,Allrounder,19,1,8177,100.2,54,7.02,32.56,GT,9.25
8402,Manoj Iyer,31,India,Allrounder,145,5,3043,145.1,363,6.44,37.97,CSK,13.77
8403,Manoj Shetty,23,India,Bowler,101,4,2824,96.1,764,6.78,36.26,DC,14.82
8404,Sandeep Singh,36,India,Wicketkeeper,200,7,7667,149.1,0,0.0,27.85,RCB,14.92
8405,Aditya Deshmukh,30,India,Wicketkeeper,144,6,9785,96.9,0,0.0,35.17,LSG,9.73
8406,Irfan Shetty,20,Australia,Wicketkeeper,23,1,2810,137.3,0,0.0,35.91,PBKS,9.18
8407,Ankit Mehta,21,India,Batter,25,1,6311,135.2,7,7.61,28.9,LSG,7.45
8408,Harshit Kulkarni,38,Sri Lanka,Allrounder,95,6,5253,104.2,381,7.63,33.85,PBKS,9.53
8409,Arjun Reddy,24,West Indies,Wicketkeeper,30,1,11529,134.4,0,0.0,48.99,GT,12.17
8410,Sameer Malik,31,India,Bowler,56,2,2845,138.3,224,7.01,32.57,CSK,7.91
8411,Amit Verma,35,India,Allrounder,283,12,7646,108.0,87,5.43,50.27,CSK,15.66
8412,Ankit Kulkarni,31,India,Allrounder,145,7,8026,152.1,261,8.0,22.66,CSK,12.29
8413,Sandeep Singh,41,Australia,Bowler,580,21,471,133.9,717,6.04,44.87,GT,20.0
8414,Amit Verma,42,West Indies,Wicketkeeper,20,1,9690,133.6,0,0.0,46.95,DC,9.72
8415,Sameer Naidu,35,England,Allrounder,87,3,7581,105.8,262,6.26,27.16,CSK,10.61
8416,Irfan Naidu,27,India,Batter,141,8,9557,116.0,3,6.04,23.21,RCB,12.74
8417,Rohan Singh,28,India,Bowler,94,4,1219,132.7,293,5.22,51.31,KKR,10.68
8418,Nikhil Naidu,18,West Indies,Wicketkeeper,21,1,5930,145.4,0,0.0,28.84,GT,7.58
8419,Sameer Shetty,21,West Indies,Bowler,25,1,2816,106.6,236,4.51,53.98,CSK,6.76
8420,Rohan Singh,19,West Indies,Wicketkeeper,15,1,5598,128.0,0,0.0,26.39,PBKS,7.67
8421,Ankit Chopra,26,South Africa,Batter,120,5,13094,118.7,11,8.94,51.47,DC,15.43
8422,Aditya Yadav,20,England,Allrounder,60,2,1784,118.6,168,5.91,37.67,PBKS,7.05
8423,Harshit Kulkarni,27,England,Bowler,110,5,1311,147.1,454,7.39,40.1,CSK,9.2
8424,Harshit Chopra,26,India,Bowler,56,2,400,119.2,543,4.84,54.15,KKR,13.62
8425,Sameer Khan,40,Australia,Allrounder,423,19,8948,141.9,107,7.13,35.75,PBKS,15.43
8426,Sandeep Mehta,23,England,Bowler,139,5,3646,120.7,550,6.02,44.6,PBKS,13.21
8427,Sameer Khan,27,South Africa,Wicketkeeper,59,3,2557,146.1,0,0.0,37.76,PBKS,6.92
8428,Amit Mehta,26,Sri Lanka,Allrounder,158,6,6843,115.4,385,6.68,26.2,SRH,10.18
8429,Rahul Khan,30,India,Allrounder,319,12,6030,114.0,465,8.29,48.02,RR,15.83
8430,Amit Deshmukh,23,India,Batter,119,5,4675,142.5,5,8.5,52.79,DC,10.57
8431,Manoj Iyer,21,India,Allrounder,17,1,5055,148.9,497,7.18,25.87,KKR,12.12
8432,Manoj Yadav,30,India,Allrounder,90,6,1896,141.3,388,7.19,29.51,RR,11.08
8433,Ankit Mehta,27,India,Bowler,82,4,1623,141.7,382,6.81,49.09,CSK,11.62
8434,Irfan Shetty,18,South Africa,Allrounder,24,1,8457,135.9,86,6.1,30.65,DC,8.78
8435,Vikas Singh,26,India,Wicketkeeper,193,7,10764,139.3,0,0.0,36.2,PBKS,15.46
8436,Harshit Iyer,24,Sri Lanka,Wicketkeeper,148,6,6793,130.9,0,0.0,34.55,DC,10.86
8437,Rahul Shetty,40,England,Wicketkeeper,86,4,8943,104.7,0,0.0,26.23,RR,9.41
8438,Manoj Verma,42,South Africa,Wicketkeeper,219,11,6491,99.7,0,0.0,41.63,CSK,10.38
8439,Arjun Reddy,30,Sri Lanka,Allrounder,104,6,2190,96.3,68,7.97,22.32,MI,7.47
8440,Karthik Mehta,31,India,Wicketkeeper,197,10,7098,122.4,0,0.0,45.82,RR,12.51
8441,Vikas Verma,36,India,Bowler,318,14,2460,111.3,256,4.6,28.12,SRH,14.88
8442,Ankit Reddy,34,West Indies,Batter,217,11,11136,108.5,9,7.4,32.34,RCB,13.0
8443,Rahul Naidu,32,India,Allrounder,209,8,3525,131.7,252,7.55,22.84,KKR,10.65
8444,Amit Naidu,41,South Africa,Batter,45,2,9276,123.6,1,8.23,52.71,GT,10.75
8445,Aditya Singh,29,India,Allrounder,81,4,5986,138.6,469,6.01,45.58,CSK,13.38
8446,Pranav Deshmukh,40,Australia,Wicketkeeper,99,4,11349,108.3,0,0.0,51.61,DC,12.67
8447,Rahul Chopra,38,South Africa,Wicketkeeper,39,2,11580,124.5,0,0.0,43.76,SRH,14.16
8448,Arjun Kulkarni,33,Sri Lanka,Batter,155,7,8011,110.5,13,6.51,40.51,DC,9.96
8449,Sameer Khan,18,India,Wicketkeeper,24,1,4634,114.1,0,0.0,37.49,KKR,8.63
8450,Sandeep Iyer,35,India,Wicketkeeper,369,14,4822,117.4,0,0.0,42.42,LSG,11.76
8451,Manoj Reddy,20,South Africa,Bowler,43,2,1872,95.3,317,5.85,42.74,DC,8.22
8452,Sameer Kulkarni,37,Sri Lanka,Wicketkeeper,58,2,5101,120.3,0,0.0,31.96,CSK,6.52
8453,Harshit Iyer,33,South Africa,Wicketkeeper,260,11,9811,100.6,0,0.0,27.71,KKR,11.81
8454,Karthik Deshmukh,31,South Africa,Allrounder,41,2,7176,151.1,450,5.78,35.14,RR,11.27
8455,Manoj Verma,41,India,Batter,280,16,9470,103.3,3,6.15,22.77,CSK,14.74
8456,Irfan Yadav,40,Australia,Bowler,503,22,2977,106.2,539,6.24,37.45,SRH,18.24
8457,Nikhil Patel,23,South Africa,Allrounder,62,3,5907,143.2,407,6.3,31.22,LSG,11.6
8458,Rohan Shetty,23,India,Batter,61,4,12474,138.3,10,7.6,35.17,GT,13.43
8459,Arjun Yadav,38,West Indies,Batter,403,16,3277,134.7,15,8.78,34.37,KKR,13.78
8460,Aditya Patel,18,South Africa,Bowler,28,1,3970,153.0,574,5.92,43.16,DC,9.98
8461,Irfan Yadav,18,West Indies,Bowler,25,1,354,105.7,693,7.44,36.91,CSK,8.26
8462,Amit Reddy,35,South Africa,Wicketkeeper,193,7,5494,149.5,0,0.0,31.29,PBKS,11.43
8463,Manoj Deshmukh,27,India,Allrounder,151,9,1851,100.8,471,8.39,51.59,PBKS,11.46
8464,Irfan Singh,24,South Africa,Wicketkeeper,21,1,11598,121.7,0,0.0,22.58,GT,11.71
8465,Sameer Verma,40,Australia,Batter,452,21,4600,110.1,12,9.08,20.78,CSK,11.5
8466,Pranav Kulkarni,20,India,Wicketkeeper,55,2,2558,103.1,0,0.0,43.07,MI,8.24
8467,Rohan Chopra,30,India,Allrounder,96,4,4935,101.7,85,8.42,36.17,DC,11.14
8468,Harshit Chopra,38,West Indies,Allrounder,15,1,4076,139.7,472,5.63,24.13,CSK,8.82
8469,Irfan Kulkarni,38,West Indies,Allrounder,421,16,7329,106.8,288,5.84,39.34,PBKS,14.9
8470,Harshit Deshmukh,29,India,Allrounder,211,9,7752,125.7,342,8.06,22.04,CSK,14.3
8471,Rahul Malik,25,West Indies,Wicketkeeper,93,5,10011,128.8,0,0.0,47.91,KKR,14.17
8472,Pranav Verma,36,Australia,Allrounder,163,8,7950,99.4,317,5.46,26.57,SRH,11.36
8473,Ankit Malik,41,India,Batter,331,20,5044,130.5,10,8.61,38.92,LSG,13.27
8474,Harshit Verma,22,Sri Lanka,Batter,100,4,11480,114.9,5,6.87,53.81,DC,13.41
8475,Manoj Yadav,27,India,Wicketkeeper,96,6,8377,109.4,0,0.0,51.56,RR,11.88
8476,Manoj Yadav,21,South Africa,Batter,22,1,4462,102.4,14,8.03,36.36,LSG,6.18
8477,Irfan Chopra,25,South Africa,Bowler,47,2,2577,120.1,335,7.6,50.22,DC,5.77
8478,Karthik Sharma,30,India,Allrounder,234,10,7043,129.3,57,5.9,49.53,CSK,16.59
8479,Vikas Patel,40,India,Allrounder,198,8,2951,124.1,142,8.22,42.39,RR,9.22
8480,Sandeep Patel,41,Australia,Wicketkeeper,214,11,6420,95.2,0,0.0,28.86,KKR,9.26
8481,Harshit Shetty,29,India,Batter,233,8,8287,100.6,15,6.98,29.79,RCB,12.62
8482,Vikas Kulkarni,27,South Africa,Batter,45,3,9224,153.1,5,7.12,43.4,GT,14.4
8483,Harshit Kulkarni,34,Sri Lanka,Bowler,233,15,581,154.3,338,5.62,25.36,GT,10.14
8484,Harshit Deshmukh,29,India,Allrounder,120,7,7034,133.8,471,6.67,21.95,DC,16.9
8485,Pranav Mehta,19,Sri Lanka,Wicketkeeper,15,1,2745,138.0,0,0.0,23.5,CSK,6.92
8486,Amit Chopra,42,South Africa,Wicketkeeper,568,22,7513,103.4,0,0.0,25.59,PBKS,15.69
8487,Harshit Mehta,26,Australia,Allrounder,83,4,6867,136.0,292,8.25,42.94,KKR,10.01
8488,Irfan Singh,20,India,Batter,37,2,9378,112.6,0,7.94,41.73,RR,11.91
8489,Amit Shetty,31,India,Batter,206,11,6490,103.7,2,7.44,44.14,MI,11.49
8490,Vikas Khan,23,Sri Lanka,Batter,35,2,10000,106.4,9,6.45,48.62,RR,12.06
8491,Arjun Patel,32,India,Batter,72,4,8613,132.9,0,8.31,34.64,RR,10.87
8492,Sandeep Sharma,24,India,Allrounder,154,6,7390,136.4,352,6.39,45.9,RR,14.56
8493,Rohan Iyer,28,West Indies,Batter,219,9,4633,153.2,2,7.79,53.45,SRH,11.67
8494,Nikhil Iyer,39,India,Bowler,289,14,3234,144.2,332,5.57,39.01,MI,12.32
8495,Arjun Singh,38,Sri Lanka,Wicketkeeper,254,13,5679,125.7,0,0.0,21.92,GT,11.74
8496,Manoj Reddy,41,South Africa,Allrounder,534,22,5849,149.0,105,7.01,47.3,LSG,16.95
8497,Amit Deshmukh,37,India,Batter,165,7,3239,104.6,7,8.75,32.55,LSG,10.0
8498,Rohan Malik,34,Australia,Wicketkeeper,284,15,10816,109.0,0,0.0,31.06,RR,12.08
8499,Arjun Chopra,39,England,Batter,280,11,3501,116.9,9,8.03,39.62,RCB,10.98
8500,Rohan Iyer,26,India,Allrounder,137,6,6691,112.2,302,6.53,23.34,GT,15.74
8501,Sandeep Patel,35,Australia,Allrounder,299,16,8523,95.7,318,8.12,20.06,CSK,13.12
8502,Pranav Shetty,19,Australia,Allrounder,22,1,1554,154.8,489,7.89,45.45,LSG,12.22
8503,Irfan Sharma,21,India,Wicketkeeper,90,3,10179,95.9,0,0.0,27.93,GT,10.91
8504,Pranav Deshmukh,29,West Indies,Bowler,115,4,1477,143.5,864,7.69,39.84,PBKS,13.29
8505,Harshit Sharma,30,Australia,Wicketkeeper,143,8,10349,109.2,0,0.0,20.5,CSK,11.12
8506,Harshit Singh,19,West Indies,Wicketkeeper,24,1,5728,96.3,0,0.0,41.42,SRH,8.28
8507,Sameer Deshmukh,39,India,Batter,157,7,6789,154.6,8,6.08,26.42,DC,11.3
8508,Sameer Deshmukh,32,Sri Lanka,Batter,323,13,3667,104.3,8,8.49,38.9,RR,9.61
8509,Ankit Kulkarni,42,Australia,Batter,314,15,5148,141.0,5,6.28,40.47,SRH,13.13
8510,Rohan Mehta,29,Australia,Bowler,136,9,2287,145.9,538,4.33,39.15,MI,13.6
8511,Rahul Kulkarni,26,India,Bowler,102,6,3173,150.0,809,7.5,52.22,GT,16.81
8512,Manoj Shetty,19,South Africa,Wicketkeeper,23,1,8724,99.7,0,0.0,24.23,GT,8.26
8513,Manoj Singh,20,India,Batter,38,2,4699,124.3,15,9.46,28.34,LSG,8.74
8514,Harshit Kulkarni,35,India,Allrounder,308,15,4786,110.9,250,7.69,45.45,MI,13.93
8515,Sameer Iyer,24,South Africa,Wicketkeeper,36,2,3022,145.2,0,0.0,47.45,SRH,8.41
8516,Arjun Deshmukh,23,England,Wicketkeeper,59,3,7992,111.4,0,0.0,34.06,RR,8.17
8517,Manoj Reddy,33,India,Wicketkeeper,244,9,2960,119.8,0,0.0,37.19,LSG,12.53
8518,Rahul Kulkarni,25,Australia,Batter,40,2,12203,122.1,13,6.59,37.88,RCB,11.36
8519,Karthik Mehta,20,West Indies,Allrounder,57,2,8767,144.2,192,6.86,38.11,PBKS,12.12
8520,Rahul Mehta,26,South Africa,Allrounder,46,2,3166,134.8,393,5.81,47.91,PBKS,10.55
8521,Sandeep Shetty,23,India,Wicketkeeper,92,4,4855,114.2,0,0.0,42.59,GT,10.17
8522,Amit Singh,25,South Africa,Batter,60,4,5693,115.5,6,6.51,51.82,PBKS,8.49
8523,Rohan Naidu,25,India,Batter,152,6,6005,129.5,4,9.19,44.58,KKR,10.67
8524,Sameer Singh,26,India,Wicketkeeper,66,4,9479,146.2,0,0.0,53.55,GT,11.89
8525,Sameer Deshmukh,22,Sri Lanka,Wicketkeeper,49,3,10749,124.4,0,0.0,39.66,PBKS,10.07
8526,Rohan Kulkarni,29,Sri Lanka,Batter,44,2,4953,99.3,12,7.45,34.8,LSG,6.43
8527,Nikhil Yadav,24,India,Allrounder,27,1,2665,143.3,373,7.77,51.23,GT,11.44
8528,Sameer Shetty,41,India,Wicketkeeper,357,15,11900,98.1,0,0.0,38.45,MI,17.67
8529,Pranav Deshmukh,20,Australia,Bowler,16,1,3429,107.0,213,4.41,51.51,SRH,6.5
8530,Pranav Chopra,31,England,Batter,307,11,11883,140.5,14,7.74,22.25,KKR,14.52
8531,Pranav Verma,27,West Indies,Allrounder,110,4,4080,135.5,436,6.46,24.67,CSK,9.8
8532,Irfan Sharma,35,England,Bowler,214,10,3783,98.9,711,5.24,42.8,SRH,16.21
8533,Manoj Khan,23,England,Wicketkeeper,130,5,9893,153.3,0,0.0,48.95,LSG,15.1
8534,Manoj Chopra,28,India,Wicketkeeper,79,4,8111,153.5,0,0.0,49.6,GT,15.1
8535,Pranav Verma,38,India,Bowler,200,7,3636,129.6,287,7.25,38.14,MI,11.25
8536,Harshit Iyer,33,Australia,Bowler,113,4,212,144.1,612,5.54,26.37,RR,13.28
8537,Rohan Verma,21,India,Allrounder,54,3,1695,151.9,306,5.2,20.13,GT,12.77
8538,Vikas Singh,27,India,Wicketkeeper,81,3,4593,153.6,0,0.0,45.51,PBKS,11.74
8539,Pranav Chopra,20,Australia,Wicketkeeper,52,2,7023,114.7,0,0.0,44.42,RR,9.75
8540,Nikhil Reddy,40,India,Bowler,261,17,3234,109.7,400,7.11,46.98,MI,13.04
8541,Amit Patel,22,India,Batter,84,4,5585,110.0,9,8.82,21.47,PBKS,6.99
8542,Sandeep Khan,31,India,Allrounder,233,13,4389,107.0,247,5.71,22.28,MI,12.52
8543,Vikas Naidu,22,India,Allrounder,84,3,2779,117.8,410,7.54,50.95,RR,11.63
8544,Sameer Singh,19,England,Wicketkeeper,28,1,9390,110.1,0,0.0,35.86,SRH,9.36
8545,Karthik Sharma,33,India,Bowler,17,1,3379,147.6,132,6.43,38.36,LSG,9.1
8546,Karthik Shetty,36,India,Allrounder,309,12,8712,147.0,310,6.31,30.86,DC,16.83
8547,Harshit Deshmukh,41,West Indies,Allrounder,107,5,7134,121.7,145,5.28,47.48,LSG,12.03
8548,Karthik Kulkarni,32,West Indies,Batter,41,2,14412,130.2,12,6.11,40.81,MI,13.37
8549,Aditya Deshmukh,37,West Indies,Batter,65,4,11212,112.2,15,9.25,29.76,LSG,10.35
8550,Ankit Chopra,28,India,Batter,270,9,13331,116.4,13,7.54,45.77,PBKS,16.04
8551,Karthik Chopra,22,India,Bowler,46,2,2653,140.5,554,6.44,48.7,SRH,11.27
8552,Rahul Singh,20,India,Wicketkeeper,54,2,4239,150.4,0,0.0,35.08,RR,10.39
8553,Rohan Khan,18,India,Batter,24,1,3730,107.9,13,9.45,45.0,LSG,7.39
8554,Arjun Singh,38,India,Wicketkeeper,179,11,5673,127.0,0,0.0,48.59,PBKS,13.64
8555,Sameer Patel,32,South Africa,Wicketkeeper,21,1,3848,123.6,0,0.0,47.44,SRH,7.74
8556,Pranav Verma,19,India,Wicketkeeper,30,1,10795,150.8,0,0.0,45.63,RCB,12.94
8557,Sandeep Khan,24,India,Wicketkeeper,106,4,7006,141.6,0,0.0,22.35,KKR,13.94
8558,Sandeep Reddy,33,England,Batter,28,1,14554,153.5,5,6.72,44.26,CSK,14.62
8559,Manoj Mehta,37,India,Wicketkeeper,124,5,4695,128.7,0,0.0,32.84,RCB,11.52
8560,Rohan Iyer,19,Australia,Bowler,30,1,1790,117.1,314,4.17,37.46,MI,7.78
8561,Sandeep Chopra,18,India,Wicketkeeper,15,1,5811,107.7,0,0.0,26.06,MI,8.88
8562,Aditya Chopra,21,England,Wicketkeeper,57,3,8475,125.5,0,0.0,40.51,GT,11.32
8563,Aditya Singh,36,India,Bowler,88,3,1754,130.2,335,4.91,51.51,GT,10.85
8564,Karthik Chopra,33,West Indies,Allrounder,261,15,3933,146.4,209,6.66,52.45,GT,10.64
8565,Nikhil Chopra,39,West Indies,Batter,357,20,14858,100.7,6,6.32,36.66,LSG,17.67
8566,Harshit Naidu,24,India,Batter,91,5,12070,120.6,5,8.06,31.43,RCB,15.26
8567,Aditya Deshmukh,38,England,Bowler,159,8,379,95.1,875,6.44,53.88,LSG,16.42
8568,Amit Singh,24,Australia,Wicketkeeper,111,5,2940,108.9,0,0.0,52.1,DC,8.63
8569,Ankit Singh,28,India,Wicketkeeper,112,5,4347,101.5,0,0.0,28.33,KKR,7.1
8570,Harshit Naidu,24,India,Batter,106,4,13501,154.8,9,6.82,20.16,CSK,14.68
8571,Pranav Patel,36,Sri Lanka,Allrounder,115,4,2303,147.2,281,7.24,43.53,CSK,10.51
8572,Karthik Shetty,35,India,Wicketkeeper,401,15,8770,116.8,0,0.0,53.54,DC,17.41
8573,Irfan Shetty,18,Australia,Allrounder,25,1,5580,121.0,350,8.13,40.07,DC,10.77
8574,Irfan Singh,27,Sri Lanka,Wicketkeeper,58,3,9950,153.1,0,0.0,54.39,KKR,12.81
8575,Irfan Khan,24,England,Wicketkeeper,36,2,9889,122.0,0,0.0,49.66,PBKS,11.59
8576,Rohan Mehta,22,India,Allrounder,55,3,2802,117.3,233,6.06,25.77,LSG,9.78
8577,Rohan Kulkarni,36,South Africa,Batter,317,11,5657,134.4,1,6.73,37.88,KKR,11.03
8578,Ankit Deshmukh,19,England,Bowler,22,1,3537,119.2,399,4.88,33.06,GT,6.27
8579,Nikhil Naidu,41,West Indies,Bowler,59,2,2358,146.2,443,7.75,33.58,CSK,8.9
8580,Amit Reddy,25,India,Wicketkeeper,84,5,5863,149.8,0,0.0,31.99,SRH,11.64
8581,Irfan Naidu,33,India,Wicketkeeper,129,5,6147,135.1,0,0.0,53.83,GT,11.63
8582,Rohan Reddy,33,India,Bowler,147,7,2949,135.8,665,5.48,30.36,MI,13.56
8583,Rahul Chopra,38,Australia,Bowler,453,20,3181,129.4,576,5.01,54.27,CSK,18.51
8584,Ankit Sharma,37,India,Batter,235,10,12591,151.3,8,7.59,52.0,DC,17.8
8585,Harshit Sharma,37,England,Wicketkeeper,28,1,5140,110.2,0,0.0,34.06,KKR,7.58
8586,Rahul Sharma,32,India,Wicketkeeper,16,1,4122,133.6,0,0.0,38.13,DC,11.2
8587,Sameer Mehta,33,India,Batter,307,13,5445,154.6,3,6.34,46.34,DC,12.49
8588,Amit Chopra,32,West Indies,Allrounder,187,8,4051,132.1,282,6.53,23.07,PBKS,10.49
8589,Pranav Yadav,36,India,Allrounder,317,15,7541,150.8,479,6.73,51.38,MI,18.29
8590,Manoj Verma,27,India,Batter,178,6,13502,126.9,4,7.18,44.41,KKR,18.5
8591,Irfan Shetty,34,India,Wicketkeeper,125,8,9956,115.4,0,0.0,22.27,LSG,10.59
8592,Arjun Shetty,26,West Indies,Wicketkeeper,51,2,10547,125.3,0,0.0,41.06,RCB,13.78
8593,Sameer Patel,41,West Indies,Wicketkeeper,319,12,10033,95.4,0,0.0,23.35,PBKS,12.69
8594,Pranav Naidu,23,England,Batter,56,2,10755,115.9,13,6.73,38.94,DC,10.97
8595,Ankit Malik,38,Australia,Wicketkeeper,66,4,5720,112.6,0,0.0,29.67,GT,7.55
8596,Sameer Iyer,18,India,Bowler,28,1,1197,103.7,491,7.3,37.34,RCB,9.48
8597,Pranav Reddy,23,India,Wicketkeeper,22,1,9327,152.2,0,0.0,41.88,LSG,13.87
8598,Aditya Patel,42,India,Allrounder,77,3,7246,120.9,381,7.51,20.7,CSK,10.38
8599,Vikas Deshmukh,40,India,Wicketkeeper,112,6,9636,133.8,0,0.0,42.12,GT,13.63
8600,Vikas Patel,27,India,Batter,85,3,5640,122.7,5,6.39,52.04,DC,10.54
8601,Pranav Shetty,41,India,Allrounder,389,14,7919,122.7,266,5.72,36.14,GT,15.7
8602,Ankit Naidu,32,India,Bowler,72,3,958,144.5,505,7.08,46.57,GT,14.72
8603,Vikas Sharma,34,India,Bowler,69,4,3448,99.3,415,5.39,32.23,DC,11.7
8604,Amit Patel,22,West Indies,Batter,100,4,4752,137.2,5,8.38,53.78,MI,10.35
8605,Vikas Chopra,25,West Indies,Wicketkeeper,16,1,3752,122.2,0,0.0,42.14,GT,8.56
8606,Rahul Iyer,38,India,Bowler,128,5,1434,104.0,210,6.05,36.14,SRH,7.04
8607,Amit Naidu,21,England,Batter,20,1,3771,152.0,11,7.91,32.83,SRH,9.48
8608,Nikhil Khan,40,India,Batter,32,2,12957,127.5,14,9.43,28.49,PBKS,9.95
8609,Arjun Shetty,21,India,Batter,32,2,14366,103.5,2,6.67,35.85,DC,12.71
8610,Rahul Iyer,28,England,Allrounder,16,1,8374,121.7,78,5.08,54.59,RCB,9.69
8611,Harshit Shetty,21,India,Wicketkeeper,20,1,8976,135.2,0,0.0,46.59,DC,12.58
8612,Vikas Mehta,32,Sri Lanka,Batter,258,13,12137,123.4,0,6.42,30.02,CSK,15.44
8613,Rohan Mehta,32,Sri Lanka,Batter,177,10,12835,105.9,2,9.13,36.06,KKR,13.69
8614,Rahul Verma,19,Australia,Allrounder,27,1,7269,125.8,315,7.06,49.06,MI,10.44
8615,Ankit Shetty,34,India,Wicketkeeper,62,4,11773,108.9,0,0.0,33.21,RR,11.51
8616,Harshit Verma,29,India,Bowler,221,9,3812,126.7,690,7.01,34.07,GT,14.52
8617,Ankit Khan,20,South Africa,Wicketkeeper,20,1,7434,96.8,0,0.0,46.37,KKR,9.07
8618,Ankit Iyer,33,India,Batter,228,10,10806,132.2,10,9.4,49.98,KKR,17.1
8619,Arjun Yadav,18,South Africa,Wicketkeeper,21,1,8679,126.0,0,0.0,28.11,DC,10.89
8620,Arjun Singh,26,West Indies,Allrounder,17,1,2322,134.2,319,5.05,37.26,GT,8.53
8621,Karthik Patel,29,India,Wicketkeeper,146,6,9894,141.9,0,0.0,44.31,LSG,15.57
8622,Sameer Reddy,29,Sri Lanka,Wicketkeeper,129,8,3455,154.3,0,0.0,37.86,RCB,9.75
8623,Amit Verma,40,India,Batter,258,13,3343,112.2,15,7.5,36.69,RCB,12.09
8624,Vikas Chopra,24,West Indies,Allrounder,108,6,8539,97.5,296,8.06,54.23,RR,12.89
8625,Arjun Sharma,20,Sri Lanka,Wicketkeeper,59,2,11696,154.6,0,0.0,40.92,CSK,13.1
8626,Nikhil Sharma,30,West Indies,Wicketkeeper,40,2,6520,114.9,0,0.0,27.81,CSK,7.8
8627,Ankit Sharma,26,Australia,Allrounder,187,8,2314,98.0,172,5.97,36.63,LSG,10.94
8628,Harshit Mehta,27,Australia,Bowler,127,5,3052,138.1,696,4.22,33.02,SRH,15.73
8629,Sandeep Reddy,23,England,Wicketkeeper,66,4,11057,107.0,0,0.0,39.07,KKR,10.37
8630,Arjun Khan,21,India,Bowler,62,3,3744,136.7,797,7.7,37.21,KKR,13.07
8631,Ankit Khan,37,India,Batter,296,10,13112,139.2,5,8.72,51.21,DC,18.11
8632,Pranav Naidu,32,India,Wicketkeeper,167,8,11239,107.3,0,0.0,50.06,MI,16.57
8633,Sameer Shetty,37,India,Batter,224,14,4325,151.5,6,7.05,29.84,RR,13.83
8634,Irfan Khan,21,West Indies,Bowler,29,1,276,152.8,900,7.52,25.09,LSG,12.38
8635,Pranav Deshmukh,35,India,Wicketkeeper,386,16,6456,153.5,0,0.0,23.0,GT,14.18
8636,Karthik Iyer,19,West Indies,Wicketkeeper,24,1,3296,108.1,0,0.0,35.55,DC,7.4
8637,Sandeep Kulkarni,19,India,Wicketkeeper,23,1,9189,154.6,0,0.0,37.1,DC,10.82
8638,Amit Singh,40,South Africa,Wicketkeeper,327,13,11790,128.0,0,0.0,44.3,CSK,16.46
8639,Aditya Singh,18,West Indies,Allrounder,29,1,3118,142.0,275,8.39,27.85,RCB,7.25
8640,Amit Naidu,38,Australia,Allrounder,328,18,6263,100.9,53,6.06,42.56,CSK,14.65
8641,Manoj Kulkarni,23,Sri Lanka,Batter,73,3,5239,110.4,6,6.63,51.08,MI,7.53
8642,Harshit Yadav,33,India,Wicketkeeper,234,10,6175,114.6,0,0.0,39.83,CSK,14.04
8643,Pranav Mehta,24,England,Batter,18,1,11632,99.4,13,7.39,32.7,RCB,10.39
8644,Rohan Chopra,27,England,Batter,125,8,5794,148.7,6,7.43,31.36,DC,10.96
8645,Sameer Shetty,20,Australia,Wicketkeeper,30,1,4470,117.8,0,0.0,47.4,SRH,5.14
8646,Amit Yadav,29,India,Allrounder,146,7,7535,142.9,402,7.66,53.38,LSG,12.69
8647,Rohan Chopra,18,India,Wicketkeeper,19,1,9646,142.7,0,0.0,34.27,GT,11.51
8648,Rahul Iyer,35,India,Batter,88,5,8221,125.5,4,8.88,29.72,CSK,11.63
8649,Karthik Kulkarni,30,Sri Lanka,Batter,81,3,8979,108.4,15,7.06,25.07,RR,8.22
8650,Aditya Shetty,28,South Africa,Batter,233,8,12826,98.8,14,6.65,51.1,GT,13.75
8651,Harshit Sharma,22,Sri Lanka,Batter,60,3,9943,130.2,10,9.26,49.42,RR,12.34
8652,Nikhil Deshmukh,34,India,Allrounder,255,15,6682,149.1,217,5.64,37.72,RCB,16.4
8653,Sameer Khan,21,India,Batter,30,1,11397,103.5,6,6.24,30.81,GT,11.32
8654,Irfan Naidu,20,India,Allrounder,21,1,7172,113.6,434,5.15,22.1,MI,13.09
8655,Karthik Reddy,31,West Indies,Batter,169,7,4405,110.9,7,6.83,54.8,DC,8.3
8656,Amit Reddy,32,Sri Lanka,Wicketkeeper,229,14,4666,109.1,0,0.0,28.37,MI,9.8
8657,Sameer Naidu,29,West Indies,Batter,123,6,12399,146.6,6,8.4,33.55,DC,16.31
8658,Arjun Iyer,37,Australia,Wicketkeeper,120,4,3455,147.5,0,0.0,31.9,RR,8.61
8659,Sameer Kulkarni,35,Australia,Allrounder,131,7,3749,114.8,71,5.69,41.33,SRH,9.38
8660,Aditya Malik,23,India,Allrounder,82,5,5687,135.4,273,6.29,28.29,DC,14.86
8661,Ankit Malik,32,South Africa,Wicketkeeper,53,2,6546,137.1,0,0.0,32.16,RR,7.54
8662,Irfan Yadav,28,India,Batter,188,8,9948,128.5,6,7.6,44.02,GT,16.01
8663,Karthik Deshmukh,23,West Indies,Batter,27,1,8389,145.2,9,6.84,45.26,KKR,12.73
8664,Rahul Patel,25,South Africa,Batter,111,4,12747,153.5,5,6.82,43.27,RCB,14.51
8665,Sandeep Verma,34,Sri Lanka,Bowler,329,15,369,104.5,705,5.72,38.66,PBKS,17.86
8666,Rohan Malik,42,Sri Lanka,Bowler,572,22,2636,120.8,777,4.63,34.3,GT,20.0
8667,Vikas Patel,30,West Indies,Batter,28,1,5156,106.5,8,8.52,48.77,CSK,6.71
8668,Sameer Patel,29,Sri Lanka,Batter,66,4,11929,121.6,4,7.14,47.03,DC,13.44
8669,Sandeep Iyer,42,India,Allrounder,372,13,1576,113.5,246,7.19,33.52,LSG,14.06
8670,Manoj Malik,34,England,Wicketkeeper,241,9,8499,113.3,0,0.0,40.82,RR,13.76
8671,Rohan Iyer,35,India,Batter,150,9,6522,138.5,14,7.16,40.29,PBKS,14.45
8672,Manoj Verma,26,South Africa,Bowler,183,8,3997,113.6,155,4.55,27.75,DC,8.97
8673,Rohan Mehta,23,Sri Lanka,Bowler,28,1,2621,126.0,388,5.48,37.74,GT,10.27
8674,Karthik Malik,20,India,Allrounder,51,2,3531,106.4,73,7.64,53.13,RCB,8.26
8675,Vikas Mehta,40,West Indies,Batter,423,20,12681,113.0,1,7.2,43.98,RR,18.84
8676,Nikhil Naidu,23,Sri Lanka,Bowler,97,5,731,117.7,872,7.06,46.14,RR,15.12
8677,Harshit Khan,18,India,Batter,26,1,3454,141.0,7,9.09,21.2,MI,7.92
8678,Arjun Shetty,24,Australia,Wicketkeeper,112,4,7218,144.6,0,0.0,47.11,PBKS,11.87
8679,Arjun Yadav,37,Sri Lanka,Wicketkeeper,136,5,7073,135.2,0,0.0,46.6,RR,9.05
8680,Sandeep Verma,27,Sri Lanka,Bowler,134,8,3894,120.9,666,7.72,22.35,DC,11.82
8681,Nikhil Shetty,28,West Indies,Allrounder,122,6,5396,97.8,120,6.61,30.3,RR,9.49
8682,Amit Verma,32,India,Wicketkeeper,304,11,4019,130.2,0,0.0,30.84,MI,10.52
8683,Karthik Patel,33,Australia,Batter,154,8,8078,144.3,5,8.4,34.72,RR,13.01
8684,Nikhil Reddy,38,India,Bowler,409,18,2019,99.8,121,7.42,49.4,KKR,12.54
8685,Nikhil Kulkarni,18,England,Bowler,23,1,1922,114.3,198,7.15,30.46,DC,5.58
8686,Karthik Yadav,23,South Africa,Batter,16,1,11794,143.7,1,7.07,49.11,MI,11.44
8687,Rohan Iyer,30,Sri Lanka,Bowler,247,9,1604,130.6,790,5.25,24.86,KKR,18.61
8688,Sandeep Mehta,33,West Indies,Bowler,118,6,2365,154.9,183,5.78,25.56,PBKS,10.23
8689,Nikhil Mehta,35,England,Allrounder,368,16,5837,144.5,193,8.32,54.03,CSK,14.79
8690,Arjun Iyer,21,South Africa,Allrounder,63,3,7092,107.8,493,5.63,20.59,SRH,12.15
8691,Irfan Chopra,42,India,Batter,113,4,6806,133.6,8,8.54,26.23,GT,10.61
8692,Aditya Sharma,30,India,Batter,216,8,9922,113.0,6,8.77,24.72,RR,14.19
8693,Vikas Chopra,35,India,Wicketkeeper,236,9,6519,120.4,0,0.0,23.18,MI,11.95
8694,Sameer Kulkarni,33,India,Batter,228,14,12208,117.3,11,6.92,49.82,LSG,17.07
8695,Manoj Patel,19,India,Bowler,24,1,188,121.6,431,7.01,45.36,RR,10.61
8696,Nikhil Chopra,27,India,Allrounder,201,7,2416,115.5,283,6.99,45.41,DC,15.3
8697,Amit Deshmukh,29,India,Allrounder,74,3,4499,132.1,225,7.39,41.63,CSK,9.55
8698,Ankit Naidu,18,India,Bowler,24,1,383,118.1,234,6.6,50.42,GT,7.21
8699,Rahul Malik,33,India,Batter,144,8,11533,148.0,15,6.57,31.98,DC,14.09
8700,Irfan Mehta,37,India,Bowler,94,5,3373,131.0,326,4.48,33.16,RCB,12.87
8701,Pranav Chopra,34,Australia,Batter,117,4,13694,120.8,1,8.85,43.4,LSG,13.24
8702,Vikas Shetty,19,South Africa,Allrounder,20,1,5895,107.6,412,6.08,33.58,RCB,8.25
8703,Sandeep Yadav,38,South Africa,Bowler,145,9,3920,134.4,824,6.31,40.24,LSG,16.44
8704,Manoj Naidu,38,Australia,Allrounder,140,7,8914,136.5,114,8.46,52.6,RCB,13.43
8705,Irfan Iyer,27,South Africa,Bowler,156,8,3818,98.7,570,4.45,30.88,RCB,14.59
8706,Vikas Verma,22,India,Bowler,50,2,1551,126.6,125,4.52,38.16,KKR,8.0
8707,Sandeep Iyer,42,Sri Lanka,Bowler,499,22,1537,139.7,182,6.19,54.0,RCB,13.3
8708,Arjun Yadav,33,Australia,Allrounder,183,11,8216,102.1,273,8.07,31.85,SRH,13.81
8709,Aditya Shetty,25,India,Batter,19,1,7734,105.6,4,6.9,39.07,GT,8.83
8710,Nikhil Reddy,26,England,Bowler,55,2,2467,108.6,584,6.1,44.92,KKR,11.25
8711,Arjun Deshmukh,29,India,Bowler,54,3,127,96.3,859,6.79,33.85,GT,15.0
8712,Harshit Verma,37,West Indies,Wicketkeeper,124,8,2935,148.4,0,0.0,38.21,PBKS,7.68
8713,Manoj Naidu,37,West Indies,Bowler,137,6,3401,110.2,164,5.32,28.52,LSG,7.2
8714,Rohan Shetty,26,Australia,Allrounder,126,6,3739,144.0,415,5.35,23.03,PBKS,13.42
8715,Sameer Yadav,27,India,Wicketkeeper,72,3,11710,112.5,0,0.0,21.6,LSG,13.22
8716,Vikas Shetty,24,West Indies,Bowler,36,2,830,97.4,576,6.97,30.79,SRH,11.0
8717,Aditya Naidu,39,Sri Lanka,Allrounder,318,12,4287,119.6,87,7.01,29.88,KKR,11.32
8718,Sameer Patel,25,South Africa,Bowler,117,5,883,142.9,196,5.05,54.09,MI,8.94
8719,Ankit Reddy,22,South Africa,Allrounder,88,4,8957,97.3,220,6.22,21.28,PBKS,9.31
8720,Karthik Patel,32,India,Allrounder,26,1,6596,128.1,370,7.66,47.43,LSG,11.76
8721,Harshit Khan,20,India,Bowler,26,1,1619,149.5,250,6.65,51.0,KKR,8.18
8722,Ankit Sharma,42,India,Allrounder,486,21,7744,123.5,322,7.76,30.78,MI,18.29
8723,Aditya Deshmukh,27,Australia,Batter,32,2,4278,125.1,7,7.77,41.36,KKR,8.02
8724,Amit Khan,32,India,Bowler,62,4,340,134.3,546,4.71,35.98,RCB,12.95
8725,Irfan Iyer,25,India,Bowler,207,7,1625,109.4,631,6.36,35.2,RR,14.69
8726,Manoj Yadav,30,Sri Lanka,Wicketkeeper,169,11,9269,107.6,0,0.0,50.64,CSK,16.61
8727,Harshit Yadav,27,West Indies,Wicketkeeper,250,9,7624,124.3,0,0.0,27.87,PBKS,13.23
8728,Nikhil Iyer,31,England,Batter,155,9,4415,135.5,0,6.14,27.51,PBKS,9.96
8729,Arjun Malik,22,England,Bowler,45,3,3340,127.0,662,7.76,30.11,KKR,11.07
8730,Ankit Yadav,25,South Africa,Wicketkeeper,49,2,7249,134.5,0,0.0,29.63,RCB,8.87
8731,Irfan Kulkarni,34,India,Bowler,373,13,3792,113.5,163,7.12,54.59,RCB,11.55
8732,Irfan Reddy,25,India,Batter,115,6,5812,145.7,7,8.12,22.55,DC,11.36
8733,Irfan Patel,37,South Africa,Batter,292,13,8064,139.2,3,7.22,42.93,GT,11.75
8734,Aditya Reddy,20,Australia,Batter,59,2,9764,116.4,10,6.68,29.22,SRH,8.0
8735,Nikhil Reddy,37,Sri Lanka,Bowler,146,5,619,115.7,522,6.33,30.82,DC,10.39
8736,Arjun Sharma,36,Australia,Batter,29,1,3050,119.5,6,6.73,26.84,CSK,5.68
8737,Amit Deshmukh,23,West Indies,Wicketkeeper,46,2,11205,152.8,0,0.0,25.41,CSK,11.58
8738,Vikas Deshmukh,27,Sri Lanka,Batter,75,4,4928,120.7,0,9.2,33.23,SRH,9.81
8739,Rahul Shetty,29,India,Bowler,79,4,3577,133.1,833,4.88,43.99,RCB,15.39
8740,Vikas Deshmukh,26,India,Bowler,72,3,136,98.3,862,5.78,52.15,RR,15.46
8741,Sandeep Deshmukh,20,India,Wicketkeeper,20,1,3623,153.8,0,0.0,35.09,GT,10.91
8742,Rahul Singh,22,India,Batter,28,1,3771,122.0,15,8.15,31.27,MI,7.79
8743,Pranav Sharma,34,India,Wicketkeeper,158,10,9669,99.6,0,0.0,35.96,SRH,14.08
8744,Irfan Khan,39,India,Wicketkeeper,251,15,3043,144.1,0,0.0,20.6,RR,14.04
8745,Vikas Patel,19,Australia,Allrounder,19,1,2601,147.8,149,7.04,27.61,PBKS,6.56
8746,Sandeep Naidu,30,Australia,Bowler,151,6,3176,141.3,790,4.7,28.93,MI,16.02
8747,Karthik Reddy,23,India,Batter,59,3,5087,117.7,14,6.67,33.74,RCB,8.73
8748,Sameer Verma,29,West Indies,Allrounder,22,1,2181,132.1,293,8.06,34.21,SRH,5.96
8749,Aditya Mehta,42,South Africa,Allrounder,334,22,8041,152.2,77,6.87,23.96,KKR,13.88
8750,Aditya Chopra,30,South Africa,Wicketkeeper,37,2,3007,107.5,0,0.0,53.69,LSG,8.23
8751,Sandeep Iyer,33,Sri Lanka,Wicketkeeper,83,4,11433,152.4,0,0.0,26.2,DC,13.27
8752,Vikas Mehta,26,Sri Lanka,Wicketkeeper,112,4,3034,103.7,0,0.0,34.74,MI,7.93
8753,Amit Iyer,21,England,Batter,29,1,12096,134.3,4,6.17,22.71,PBKS,10.88
8754,Pranav Malik,23,West Indies,Bowler,43,2,558,124.1,299,4.22,53.52,DC,7.81
8755,Vikas Malik,26,India,Bowler,54,3,1711,116.4,389,5.62,54.93,SRH,12.38
8756,Rohan Kulkarni,20,India,Batter,21,1,3088,117.5,11,7.86,33.51,SRH,6.38
8757,Harshit Naidu,30,South Africa,Allrounder,106,7,7463,125.7,431,5.68,35.36,LSG,13.65
8758,Ankit Patel,30,Australia,Bowler,37,2,1236,104.6,256,5.03,30.89,LSG,7.76
8759,Vikas Mehta,21,West Indies,Allrounder,21,1,7218,98.5,330,6.78,25.38,GT,11.08
8760,Manoj Mehta,18,Australia,Batter,27,1,10076,127.6,0,9.32,22.22,RR,10.63
8761,Pranav Malik,42,Sri Lanka,Wicketkeeper,112,5,11664,136.6,0,0.0,22.16,GT,10.31
8762,Karthik Malik,29,South Africa,Batter,33,2,5414,140.0,8,8.59,42.79,RR,7.53
8763,Sameer Kulkarni,33,England,Wicketkeeper,371,13,9973,138.9,0,0.0,23.08,GT,15.86
8764,Harshit Reddy,30,India,Allrounder,160,7,4511,103.2,346,7.54,31.88,PBKS,12.28
8765,Sandeep Chopra,39,Sri Lanka,Batter,547,21,14440,125.2,9,9.3,53.86,RCB,20.0
8766,Aditya Chopra,31,England,Allrounder,224,10,8081,123.7,200,5.31,22.18,RCB,14.22
8767,Rohan Verma,32,West Indies,Bowler,126,7,167,99.7,128,6.39,26.14,LSG,6.79
8768,Pranav Reddy,21,India,Wicketkeeper,26,1,5108,110.5,0,0.0,46.21,GT,9.01
8769,Vikas Naidu,41,Australia,Batter,418,22,3757,145.8,9,6.57,24.62,RCB,13.85
8770,Vikas Khan,31,India,Allrounder,197,12,6868,118.7,292,5.12,54.28,DC,15.05
8771,Harshit Malik,38,India,Allrounder,42,2,8014,101.1,293,5.39,46.29,LSG,13.88
8772,Sameer Sharma,32,India,Bowler,162,10,787,138.0,119,5.19,27.0,CSK,8.52
8773,Amit Khan,26,Sri Lanka,Bowler,96,4,3440,110.9,98,5.75,35.8,LSG,7.2
8774,Sandeep Khan,41,England,Batter,21,1,5957,140.7,7,8.69,38.05,MI,9.82
8775,Irfan Mehta,34,England,Batter,244,10,8546,110.8,0,9.25,28.41,PBKS,10.02
8776,Rahul Chopra,31,India,Wicketkeeper,69,3,5774,131.8,0,0.0,41.75,MI,10.37
8777,Rohan Deshmukh,20,India,Allrounder,43,2,4686,131.5,270,5.16,33.11,GT,12.54
8778,Aditya Reddy,41,India,Allrounder,365,13,8626,143.5,436,7.62,39.33,RCB,19.15
8779,Rahul Reddy,40,India,Allrounder,243,14,4787,133.2,203,5.01,46.21,DC,14.2
8780,Karthik Sharma,26,India,Bowler,220,8,2663,122.9,146,4.95,53.8,SRH,9.77
8781,Sandeep Yadav,27,Sri Lanka,Allrounder,44,2,8065,108.4,424,6.04,27.38,GT,12.68
8782,Harshit Sharma,34,West Indies,Batter,327,16,7441,152.0,11,7.96,41.3,CSK,16.35
8783,Harshit Singh,19,South Africa,Bowler,22,1,2737,133.3,291,5.15,41.87,LSG,6.23
8784,Vikas Khan,34,Australia,Bowler,120,4,2643,104.6,278,6.27,42.21,DC,6.81
8785,Amit Reddy,38,India,Wicketkeeper,131,7,10584,120.8,0,0.0,20.65,RCB,12.99
8786,Pranav Shetty,31,Sri Lanka,Bowler,16,1,1825,154.4,332,6.05,32.24,CSK,8.7
8787,Manoj Malik,33,India,Wicketkeeper,75,4,3983,152.9,0,0.0,23.37,GT,9.45
8788,Manoj Sharma,31,India,Wicketkeeper,218,10,8799,138.9,0,0.0,24.0,LSG,15.02
8789,Amit Singh,38,India,Batter,399,14,4061,129.3,8,6.96,40.75,DC,12.8
8790,Rohan Mehta,36,India,Allrounder,188,7,6831,131.9,239,7.71,40.78,PBKS,10.71
8791,Sandeep Shetty,20,Sri Lanka,Batter,49,2,14448,122.1,4,9.19,27.88,GT,12.11
8792,Sandeep Singh,31,England,Bowler,279,11,3638,119.0,391,4.61,44.95,DC,13.32
8793,Aditya Singh,42,West Indies,Allrounder,100,4,6516,102.7,59,5.15,23.71,CSK,8.06
8794,Vikas Reddy,31,Australia,Batter,106,7,12537,109.6,2,8.05,25.82,KKR,11.0
8795,Sameer Reddy,40,India,Batter,226,13,7020,140.7,6,8.07,31.63,PBKS,11.22
8796,Rohan Singh,25,West Indies,Bowler,61,4,1100,100.9,761,6.2,52.73,RCB,12.97
8797,Aditya Shetty,25,Australia,Bowler,38,2,1093,154.9,463,5.28,54.25,RR,11.42
8798,Rohan Mehta,34,South Africa,Wicketkeeper,118,4,4071,141.7,0,0.0,20.7,SRH,9.81
8799,Arjun Patel,28,India,Wicketkeeper,68,3,9261,127.6,0,0.0,23.04,DC,13.27
8800,Pranav Naidu,32,Australia,Batter,148,5,4564,142.4,14,9.13,54.03,PBKS,9.43
8801,Manoj Sharma,38,India,Batter,371,20,8635,126.3,14,8.13,38.16,GT,15.15
8802,Sandeep Deshmukh,19,West Indies,Batter,20,1,5423,123.1,8,7.35,42.24,PBKS,8.18
8803,Rohan Naidu,35,South Africa,Batter,349,15,8724,130.8,12,9.27,50.0,CSK,16.02
8804,Harshit Kulkarni,28,India,Batter,18,1,14131,126.1,14,9.02,32.16,CSK,14.75
8805,Rohan Shetty,37,India,Wicketkeeper,391,15,7583,133.4,0,0.0,35.61,LSG,13.43
8806,Pranav Sharma,40,South Africa,Wicketkeeper,444,18,9026,99.9,0,0.0,33.22,MI,13.58
8807,Manoj Reddy,20,England,Allrounder,28,1,6267,97.9,217,8.48,44.38,RCB,8.19
8808,Rahul Reddy,20,West Indies,Allrounder,15,1,2933,133.9,235,7.94,39.94,RCB,8.5
8809,Sameer Iyer,21,Australia,Bowler,45,2,1175,120.8,473,6.69,23.2,GT,10.08
8810,Sameer Patel,36,South Africa,Allrounder,375,16,2103,120.9,350,8.37,43.29,KKR,13.68
8811,Rohan Deshmukh,26,India,Allrounder,25,1,7117,98.3,321,6.86,53.35,RR,12.17
8812,Sameer Shetty,19,India,Bowler,17,1,1829,103.9,184,7.01,54.36,LSG,6.7
8813,Sandeep Patel,26,India,Batter,41,2,11553,123.3,9,8.58,41.4,RCB,14.14
8814,Pranav Kulkarni,20,South Africa,Wicketkeeper,21,1,3987,101.4,0,0.0,39.61,RCB,6.59
8815,Nikhil Verma,42,India,Allrounder,179,8,5695,127.7,75,5.26,39.34,RR,12.0
8816,Nikhil Singh,41,India,Bowler,375,17,2228,138.5,430,7.32,28.73,RCB,14.38
8817,Sameer Mehta,23,India,Bowler,60,2,268,129.4,398,7.38,41.22,KKR,9.78
8818,Rahul Singh,23,Sri Lanka,Batter,56,2,12535,146.5,14,6.59,52.58,SRH,14.65
8819,Irfan Mehta,38,West Indies,Allrounder,22,1,2140,151.4,444,7.71,30.58,PBKS,9.62
8820,Manoj Kulkarni,40,England,Batter,119,6,12544,124.3,10,9.01,25.74,CSK,12.87
8821,Sameer Chopra,27,England,Bowler,113,4,2639,136.0,158,6.54,30.04,SRH,8.62
8822,Aditya Chopra,22,Australia,Wicketkeeper,36,2,3756,96.6,0,0.0,26.99,GT,6.05
8823,Nikhil Khan,18,Australia,Allrounder,29,1,4896,105.1,466,6.4,26.79,MI,8.91
8824,Vikas Sharma,26,India,Wicketkeeper,48,3,4160,118.5,0,0.0,53.66,CSK,10.88
8825,Sameer Shetty,35,West Indies,Batter,290,16,5421,114.2,4,8.67,53.31,RR,10.69
8826,Rahul Reddy,26,West Indies,Batter,15,1,4438,122.3,13,8.26,36.39,RCB,5.7
8827,Vikas Iyer,35,India,Wicketkeeper,56,2,11908,119.6,0,0.0,28.15,GT,12.96
8828,Karthik Naidu,32,India,Batter,154,6,12118,126.7,0,7.35,38.48,RCB,15.81
8829,Pranav Sharma,31,South Africa,Allrounder,151,7,8741,116.5,229,7.67,45.09,DC,10.67
8830,Amit Shetty,25,South Africa,Batter,88,3,11078,152.7,2,8.02,33.48,RCB,12.51
8831,Sandeep Shetty,31,Sri Lanka,Wicketkeeper,40,2,6334,149.1,0,0.0,48.72,LSG,9.49
8832,Rohan Khan,39,India,Allrounder,519,20,2269,134.3,468,7.23,22.96,KKR,17.03
8833,Sameer Verma,20,India,Batter,46,2,9063,101.4,5,9.33,39.71,RCB,11.65
8834,Sameer Sharma,36,Australia,Batter,197,8,5372,120.8,5,7.16,41.36,SRH,10.94
8835,Harshit Malik,36,Sri Lanka,Wicketkeeper,237,9,4170,149.5,0,0.0,36.01,GT,10.98
8836,Rahul Chopra,31,Sri Lanka,Batter,109,7,3810,130.6,2,9.46,25.62,DC,7.29
8837,Sameer Malik,18,India,Batter,29,1,12036,138.0,13,6.67,21.76,LSG,10.98
8838,Pranav Khan,30,India,Allrounder,167,6,4252,103.9,209,6.68,35.16,LSG,13.3
8839,Vikas Verma,33,India,Batter,79,3,9852,122.5,10,8.62,25.72,MI,12.51
8840,Karthik Kulkarni,20,Sri Lanka,Wicketkeeper,34,2,10447,110.1,0,0.0,32.86,KKR,9.11
8841,Manoj Yadav,23,India,Batter,52,3,5563,130.1,3,6.24,41.26,DC,11.01
8842,Pranav Khan,40,India,Batter,335,12,12805,119.1,3,6.22,34.49,CSK,17.12
8843,Aditya Malik,23,West Indies,Bowler,130,5,384,128.5,303,5.27,32.11,SRH,8.85
8844,Amit Yadav,39,West Indies,Batter,46,3,10448,142.9,14,7.46,25.67,DC,11.47
8845,Sameer Mehta,40,India,Batter,48,3,14232,125.3,8,8.17,30.68,MI,13.19
8846,Arjun Naidu,40,England,Bowler,320,11,3736,128.1,465,6.76,36.71,PBKS,12.52
8847,Ankit Yadav,25,Australia,Allrounder,125,5,5979,143.1,98,7.34,54.04,DC,10.88
8848,Sandeep Malik,37,India,Wicketkeeper,212,14,5620,132.8,0,0.0,50.61,KKR,12.93
8849,Vikas Naidu,32,Sri Lanka,Wicketkeeper,119,4,3086,95.1,0,0.0,38.56,DC,7.83
8850,Rahul Deshmukh,34,India,Allrounder,74,3,5555,100.7,489,5.75,38.62,GT,15.1
8851,Harshit Reddy,35,India,Bowler,172,8,261,119.7,377,6.84,43.45,GT,10.48
8852,Rohan Khan,40,England,Wicketkeeper,264,10,8243,124.4,0,0.0,35.3,DC,10.41
8853,Sameer Sharma,25,South Africa,Batter,28,1,12153,118.0,14,7.02,32.24,RCB,8.98
8854,Ankit Naidu,27,Australia,Wicketkeeper,78,3,3528,133.8,0,0.0,24.06,MI,7.48
8855,Sandeep Mehta,23,South Africa,Allrounder,67,3,3160,134.6,440,5.32,39.12,MI,10.4
8856,Rohan Naidu,37,India,Allrounder,256,16,6963,104.1,408,6.51,34.39,SRH,15.96
8857,Irfan Khan,28,West Indies,Wicketkeeper,207,9,11964,142.4,0,0.0,51.14,RR,15.97
8858,Ankit Verma,23,India,Bowler,115,4,2169,98.6,273,6.67,43.46,DC,7.41
8859,Amit Malik,41,India,Allrounder,79,5,5771,113.9,416,5.84,26.86,RCB,10.04
8860,Sandeep Khan,36,Australia,Bowler,57,3,2520,133.9,530,6.95,41.41,PBKS,10.58
8861,Amit Patel,21,India,Allrounder,87,3,3522,109.2,332,7.34,35.56,CSK,10.87
8862,Pranav Iyer,27,India,Allrounder,31,2,8683,133.2,331,7.22,47.71,PBKS,12.7
8863,Karthik Malik,27,Australia,Batter,18,1,12294,141.2,5,7.0,35.41,LSG,10.58
8864,Rohan Mehta,34,India,Bowler,119,7,24,122.3,684,6.55,53.2,DC,15.25
8865,Amit Kulkarni,40,Australia,Wicketkeeper,369,14,3547,105.8,0,0.0,43.63,RCB,12.64
8866,Harshit Verma,20,West Indies,Bowler,54,2,1855,105.4,554,6.19,22.31,LSG,10.7
8867,Rohan Deshmukh,31,Sri Lanka,Wicketkeeper,83,3,5923,142.9,0,0.0,25.51,RR,8.26
8868,Rahul Khan,18,West Indies,Bowler,20,1,300,153.7,743,4.71,45.1,LSG,13.17
8869,Nikhil Shetty,36,India,Wicketkeeper,126,5,10904,110.0,0,0.0,40.68,CSK,11.59
8870,Rohan Iyer,38,Sri Lanka,Wicketkeeper,198,9,7432,127.0,0,0.0,49.56,GT,13.32
8871,Sameer Reddy,29,England,Wicketkeeper,296,11,10020,138.8,0,0.0,49.11,KKR,15.71
8872,Rahul Malik,24,England,Batter,24,1,14933,133.4,5,6.74,21.41,KKR,10.91
8873,Karthik Verma,28,South Africa,Wicketkeeper,209,9,7616,99.1,0,0.0,44.97,DC,11.29
8874,Sandeep Khan,25,India,Bowler,26,1,3818,129.8,475,4.09,49.41,GT,12.85
8875,Arjun Iyer,20,India,Wicketkeeper,19,1,3061,117.8,0,0.0,21.57,KKR,6.47
8876,Amit Malik,40,Australia,Wicketkeeper,248,10,9742,137.8,0,0.0,52.54,GT,13.99
8877,Sandeep Verma,27,India,Wicketkeeper,18,1,10917,138.0,0,0.0,40.25,GT,11.62
8878,Rahul Shetty,33,India,Wicketkeeper,288,10,6662,108.8,0,0.0,20.54,LSG,13.07
8879,Sameer Deshmukh,35,Sri Lanka,Allrounder,73,3,7204,108.9,94,7.43,50.04,RCB,8.4
8880,Karthik Singh,20,Sri Lanka,Bowler,50,2,3001,126.8,289,5.77,46.39,CSK,5.18
8881,Irfan Malik,42,India,Batter,219,14,7977,133.6,1,8.73,52.85,KKR,14.2
8882,Irfan Iyer,30,South Africa,Bowler,71,4,2632,151.8,598,7.73,48.85,KKR,12.62
8883,Nikhil Mehta,21,India,Wicketkeeper,50,3,5975,137.3,0,0.0,43.22,MI,10.26
8884,Manoj Reddy,18,South Africa,Bowler,29,1,3677,111.3,192,4.39,20.2,MI,8.7
8885,Harshit Mehta,36,West Indies,Wicketkeeper,242,15,8738,103.2,0,0.0,35.37,LSG,13.06
8886,Karthik Patel,23,India,Wicketkeeper,87,4,11440,103.8,0,0.0,51.56,SRH,13.87
8887,Nikhil Naidu,23,India,Allrounder,88,4,3262,99.3,122,7.82,28.71,CSK,8.61
8888,Rahul Kulkarni,21,India,Wicketkeeper,26,1,4520,144.1,0,0.0,48.11,RCB,9.85
8889,Sameer Kulkarni,42,South Africa,Wicketkeeper,378,20,10015,151.7,0,0.0,54.91,CSK,17.14
8890,Karthik Yadav,25,India,Wicketkeeper,23,1,4867,153.6,0,0.0,34.35,SRH,9.69
8891,Aditya Patel,31,West Indies,Wicketkeeper,228,8,7083,110.0,0,0.0,46.54,LSG,12.35
8892,Arjun Singh,18,India,Allrounder,15,1,4840,143.4,94,6.05,38.69,MI,8.5
8893,Sameer Yadav,22,India,Wicketkeeper,66,4,6931,142.6,0,0.0,29.66,LSG,9.87
8894,Rahul Khan,26,West Indies,Wicketkeeper,202,8,4556,125.5,0,0.0,39.74,DC,9.05
8895,Aditya Iyer,42,West Indies,Batter,299,16,6520,111.0,2,9.3,52.78,DC,14.93
8896,Manoj Chopra,36,Australia,Bowler,280,16,481,138.9,403,7.06,47.54,RR,12.97
8897,Aditya Shetty,20,India,Bowler,15,1,2407,109.6,829,6.3,26.63,RR,14.98
8898,Karthik Naidu,20,South Africa,Bowler,26,1,782,138.5,701,7.29,27.46,DC,10.06
8899,Karthik Reddy,36,India,Bowler,350,18,1726,121.9,852,6.34,25.55,LSG,20.0
8900,Pranav Reddy,27,Sri Lanka,Wicketkeeper,58,3,2954,126.9,0,0.0,29.85,LSG,7.02
8901,Irfan Yadav,20,India,Bowler,45,2,2765,123.0,708,4.37,40.65,DC,15.02
8902,Rohan Sharma,39,India,Bowler,238,9,580,119.1,865,4.18,29.02,LSG,17.85
8903,Manoj Verma,41,West Indies,Wicketkeeper,422,16,7539,96.8,0,0.0,24.4,LSG,12.98
8904,Pranav Singh,34,Australia,Batter,240,14,6759,106.0,2,6.49,48.12,RR,11.47
8905,Manoj Reddy,40,India,Wicketkeeper,30,1,4851,121.4,0,0.0,25.15,CSK,7.08
8906,Rahul Yadav,37,South Africa,Allrounder,151,10,6423,112.9,343,5.35,47.93,DC,13.73
8907,Harshit Chopra,19,South Africa,Allrounder,17,1,1979,104.6,492,6.28,34.14,CSK,7.16
8908,Irfan Mehta,31,India,Allrounder,217,11,6755,96.8,244,6.94,41.97,DC,14.43
8909,Manoj Iyer,24,Sri Lanka,Bowler,131,6,88,95.6,423,5.5,43.59,KKR,11.4
8910,Vikas Iyer,41,South Africa,Allrounder,320,21,2797,132.7,286,7.49,31.97,RCB,12.2
8911,Aditya Khan,35,Australia,Wicketkeeper,149,9,8652,126.8,0,0.0,33.55,RCB,10.69
8912,Karthik Malik,40,Australia,Bowler,437,17,2151,130.0,574,6.66,22.86,DC,15.68
8913,Vikas Shetty,40,Sri Lanka,Bowler,50,2,3245,136.2,146,6.44,32.97,CSK,5.8
8914,Rohan Sharma,19,South Africa,Wicketkeeper,29,1,7505,147.5,0,0.0,49.51,CSK,10.05
8915,Karthik Mehta,21,India,Wicketkeeper,39,2,2870,105.5,0,0.0,51.65,DC,8.58
8916,Aditya Verma,38,England,Wicketkeeper,459,18,2777,121.5,0,0.0,45.33,MI,14.95
8917,Manoj Verma,32,South Africa,Wicketkeeper,170,6,6557,143.8,0,0.0,37.68,SRH,10.76
8918,Rahul Verma,42,India,Bowler,486,19,1272,149.9,250,5.52,28.08,GT,12.66
8919,Harshit Yadav,26,England,Allrounder,24,1,7598,116.7,205,5.9,50.08,RR,11.33
8920,Amit Sharma,20,India,Wicketkeeper,19,1,9496,151.3,0,0.0,27.7,RCB,13.85
8921,Karthik Khan,39,India,Wicketkeeper,272,11,8651,146.8,0,0.0,29.04,PBKS,15.29
8922,Irfan Verma,22,Sri Lanka,Bowler,79,3,2692,130.8,146,7.69,20.25,MI,4.12
8923,Arjun Mehta,27,England,Batter,232,9,4693,103.8,9,6.12,26.57,RR,9.07
8924,Pranav Malik,31,India,Bowler,299,10,910,108.4,776,6.92,53.92,MI,16.61
8925,Harshit Singh,30,Australia,Wicketkeeper,158,9,5292,133.2,0,0.0,44.24,LSG,11.73
8926,Manoj Naidu,23,Australia,Wicketkeeper,109,5,7551,108.1,0,0.0,51.24,CSK,8.82
8927,Arjun Reddy,33,Australia,Batter,363,13,4042,146.9,7,8.34,53.48,PBKS,12.97
8928,Amit Chopra,37,West Indies,Allrounder,59,2,4840,100.8,111,5.44,48.12,CSK,7.21
8929,Ankit Deshmukh,40,Sri Lanka,Bowler,306,17,1153,130.0,268,7.29,32.81,DC,10.78
8930,Sameer Patel,32,India,Bowler,20,1,3807,113.3,801,6.48,28.34,PBKS,14.2
8931,Harshit Kulkarni,20,England,Allrounder,22,1,4244,108.0,149,6.71,36.93,PBKS,7.71
8932,Rahul Iyer,38,South Africa,Allrounder,126,5,7208,145.4,131,8.35,52.96,RR,10.75
8933,Arjun Khan,39,South Africa,Wicketkeeper,43,2,3211,143.4,0,0.0,32.42,DC,5.96
8934,Aditya Iyer,42,West Indies,Batter,469,20,7976,150.4,2,8.84,53.15,GT,17.9
8935,Pranav Iyer,20,India,Batter,26,1,3552,107.7,4,8.39,21.39,CSK,6.21
8936,Ankit Malik,30,India,Allrounder,44,2,7161,152.9,268,5.52,36.17,SRH,11.73
8937,Rahul Khan,39,Australia,Allrounder,67,3,2617,122.9,487,7.99,43.13,CSK,12.7
8938,Rohan Deshmukh,34,West Indies,Wicketkeeper,480,16,10870,96.4,0,0.0,28.75,RR,16.34
8939,Sameer Mehta,18,India,Allrounder,27,1,1726,132.8,211,6.53,26.0,DC,8.5
8940,Irfan Verma,40,Australia,Allrounder,66,4,8600,116.9,143,7.68,48.61,RR,11.55
8941,Rahul Iyer,33,India,Batter,49,3,7963,135.8,8,6.34,30.27,RCB,13.45
8942,Manoj Reddy,35,India,Bowler,239,13,2491,119.1,405,7.02,43.29,GT,12.92
8943,Harshit Mehta,29,Sri Lanka,Allrounder,117,5,8231,96.2,454,8.27,20.39,PBKS,12.15
8944,Irfan Shetty,23,India,Allrounder,112,4,1965,133.8,217,7.7,30.25,LSG,8.94
8945,Rohan Malik,31,India,Allrounder,84,3,6755,97.5,56,6.73,26.74,KKR,9.55
8946,Aditya Patel,40,India,Batter,480,18,5916,145.0,7,7.49,36.79,RR,16.1
8947,Rahul Yadav,36,India,Wicketkeeper,248,11,4175,130.2,0,0.0,50.58,RR,12.93
8948,Karthik Verma,18,India,Bowler,18,1,3269,137.0,233,5.17,50.16,PBKS,8.75
8949,Amit Sharma,18,Sri Lanka,Wicketkeeper,25,1,9827,107.2,0,0.0,32.48,LSG,9.84
8950,Harshit Khan,20,South Africa,Allrounder,34,2,7154,154.0,136,8.43,27.81,DC,9.29
8951,Manoj Verma,36,India,Wicketkeeper,222,10,8024,99.0,0,0.0,29.48,RR,10.89
8952,Nikhil Malik,32,England,Allrounder,165,9,6434,121.5,411,6.39,41.66,CSK,12.24
8953,Nikhil Mehta,35,England,Allrounder,27,1,1644,114.8,476,8.15,49.75,CSK,8.49
8954,Irfan Malik,24,India,Wicketkeeper,53,2,8072,100.6,0,0.0,21.47,RR,9.31
8955,Vikas Patel,41,India,Batter,61,4,11342,98.6,14,7.76,33.74,DC,12.91
8956,Amit Malik,19,Australia,Bowler,28,1,1982,109.5,571,7.41,44.71,RCB,8.33
8957,Arjun Kulkarni,31,Sri Lanka,Wicketkeeper,166,11,9461,113.1,0,0.0,21.57,GT,11.3
8958,Arjun Sharma,27,India,Batter,30,2,10697,145.1,4,7.95,34.33,PBKS,14.44
8959,Sandeep Iyer,36,West Indies,Wicketkeeper,296,14,8255,132.0,0,0.0,51.5,SRH,14.1
8960,Amit Yadav,21,India,Wicketkeeper,39,2,11894,142.4,0,0.0,26.79,SRH,13.69
8961,Pranav Sharma,20,India,Batter,50,2,13267,125.1,10,8.57,46.11,CSK,14.22
8962,Ankit Khan,33,India,Batter,221,11,13612,102.7,9,7.73,39.95,GT,16.71
8963,Pranav Naidu,36,Sri Lanka,Bowler,230,9,241,126.1,519,5.87,50.76,SRH,12.63
8964,Vikas Mehta,24,India,Allrounder,92,4,4768,122.2,409,8.13,35.95,PBKS,12.94
8965,Rohan Kulkarni,24,India,Bowler,111,4,1490,126.2,220,5.96,53.26,MI,7.4
8966,Harshit Patel,29,England,Allrounder,111,7,5034,111.6,471,7.27,38.6,RR,11.66
8967,Irfan Sharma,27,Australia,Bowler,63,4,3076,133.4,821,6.38,40.48,DC,15.0
8968,Ankit Patel,30,West Indies,Wicketkeeper,186,10,8810,105.7,0,0.0,21.18,SRH,11.87
8969,Sandeep Singh,35,India,Wicketkeeper,169,6,6558,115.3,0,0.0,34.96,RR,13.22
8970,Sameer Kulkarni,19,Australia,Bowler,17,1,374,143.9,565,4.23,32.04,RCB,10.63
8971,Ankit Deshmukh,33,South Africa,Allrounder,60,2,5519,104.3,163,8.2,21.99,KKR,9.53
8972,Harshit Verma,21,India,Wicketkeeper,51,3,8106,123.9,0,0.0,26.62,RCB,9.87
8973,Irfan Reddy,22,India,Bowler,28,1,29,95.6,671,7.56,34.44,PBKS,13.69
8974,Karthik Yadav,36,England,Batter,333,16,4641,118.1,7,9.24,23.26,PBKS,11.84
8975,Pranav Malik,20,West Indies,Bowler,28,1,3153,124.9,634,5.15,26.48,PBKS,10.64
8976,Ankit Mehta,34,India,Bowler,246,14,922,145.2,89,5.77,50.54,SRH,10.61
8977,Manoj Shetty,39,Australia,Allrounder,320,16,3541,104.7,278,5.17,29.64,LSG,12.88
8978,Nikhil Reddy,41,India,Batter,274,16,9015,116.7,13,8.08,49.54,SRH,16.07
8979,Rahul Reddy,24,India,Allrounder,89,5,2764,101.0,72,7.51,41.86,CSK,8.67
8980,Rohan Verma,42,India,Batter,577,20,4291,110.3,9,6.4,26.23,RCB,14.23
8981,Vikas Iyer,28,Australia,Batter,88,5,8613,132.0,8,6.61,39.73,LSG,13.11
8982,Sandeep Singh,31,India,Bowler,92,5,2045,154.4,155,4.67,34.76,DC,9.07
8983,Karthik Verma,37,India,Batter,175,6,4729,102.2,9,6.34,40.44,SRH,10.84
8984,Sandeep Mehta,39,West Indies,Wicketkeeper,351,17,4648,153.7,0,0.0,40.02,LSG,13.24
8985,Ankit Yadav,38,India,Allrounder,339,17,7758,121.6,332,8.32,35.25,GT,18.24
8986,Manoj Shetty,41,Australia,Wicketkeeper,104,4,2695,125.0,0,0.0,44.41,CSK,6.65
8987,Aditya Reddy,40,Sri Lanka,Bowler,16,1,271,146.8,561,5.4,21.02,GT,9.47
8988,Aditya Patel,22,Australia,Allrounder,29,1,7685,125.7,184,6.54,41.25,GT,11.61
8989,Amit Singh,26,India,Batter,17,1,13991,120.6,5,6.97,36.96,SRH,13.64
8990,Rohan Mehta,22,India,Wicketkeeper,34,2,9745,136.2,0,0.0,47.07,RCB,14.6
8991,Harshit Kulkarni,23,India,Allrounder,59,3,5625,115.5,335,7.58,54.98,DC,13.05
8992,Manoj Kulkarni,24,England,Wicketkeeper,56,3,5573,145.9,0,0.0,29.1,SRH,8.84
8993,Aditya Naidu,22,Australia,Bowler,56,3,645,113.8,735,4.74,35.83,LSG,11.39
8994,Rahul Reddy,31,West Indies,Wicketkeeper,260,13,6453,146.0,0,0.0,47.24,SRH,13.6
8995,Rohan Singh,42,South Africa,Batter,214,12,9386,111.3,1,8.98,40.77,SRH,12.41
8996,Arjun Singh,28,England,Bowler,159,6,2048,101.5,426,5.08,43.95,DC,12.96
8997,Vikas Khan,36,Sri Lanka,Batter,89,4,14207,135.1,8,6.5,42.68,SRH,16.42
8998,Vikas Deshmukh,26,India,Allrounder,105,6,7671,103.4,482,7.84,47.42,PBKS,13.36
8999,Harshit Chopra,20,India,Batter,17,1,6053,146.1,3,9.5,46.31,KKR,11.37
9000,Sameer Khan,42,South Africa,Batter,245,14,8840,120.3,2,8.32,45.57,LSG,14.06
9001,Vikas Malik,42,India,Wicketkeeper,360,19,10975,138.5,0,0.0,42.1,MI,19.31
9002,Rahul Iyer,38,England,Bowler,239,8,3305,121.9,224,7.03,24.24,RR,9.28
9003,Amit Sharma,38,Australia,Batter,500,17,4237,110.9,0,7.96,33.46,LSG,10.24
9004,Amit Verma,29,West Indies,Allrounder,81,5,1969,118.0,317,5.06,48.31,KKR,10.27
9005,Ankit Chopra,30,England,Wicketkeeper,131,7,6565,127.6,0,0.0,20.34,MI,8.47
9006,Sameer Khan,30,India,Bowler,84,3,3996,112.5,295,5.79,36.71,KKR,9.74
9007,Nikhil Singh,30,Australia,Wicketkeeper,130,5,8393,119.3,0,0.0,52.62,SRH,12.93
9008,Amit Singh,40,West Indies,Bowler,570,19,2146,136.0,450,4.16,49.79,SRH,17.88
9009,Sandeep Singh,19,India,Bowler,28,1,756,105.7,757,7.65,38.6,LSG,14.44
9010,Irfan Naidu,38,India,Batter,512,20,12928,125.0,4,6.15,24.39,LSG,20.0
9011,Sameer Iyer,29,South Africa,Bowler,71,3,599,101.8,542,7.18,37.97,CSK,8.87
9012,Karthik Sharma,22,India,Batter,47,3,3204,153.3,9,7.82,42.92,MI,6.54
9013,Sameer Khan,19,West Indies,Allrounder,20,1,2567,109.4,114,6.01,24.49,GT,6.61
9014,Arjun Singh,33,India,Allrounder,49,3,5554,136.4,303,7.65,41.35,PBKS,11.44
9015,Arjun Malik,28,India,Wicketkeeper,204,9,3370,97.5,0,0.0,46.7,LSG,9.55
9016,Sameer Naidu,29,Sri Lanka,Wicketkeeper,89,4,2699,133.5,0,0.0,53.74,RR,6.73
9017,Sameer Kulkarni,39,Sri Lanka,Wicketkeeper,177,7,9133,130.2,0,0.0,30.64,KKR,10.84
9018,Arjun Malik,33,India,Bowler,314,14,1815,105.6,205,5.45,45.3,CSK,12.11
9019,Pranav Reddy,40,India,Allrounder,330,19,3026,107.0,138,7.48,25.55,DC,13.58
9020,Sandeep Yadav,28,Australia,Bowler,234,8,2505,149.7,837,4.29,28.16,PBKS,18.31
9021,Rohan Sharma,32,India,Bowler,27,1,576,111.8,719,5.31,34.48,RR,15.98
9022,Manoj Verma,29,India,Bowler,234,11,2206,147.2,565,6.71,26.39,SRH,14.01
9023,Ankit Mehta,33,Australia,Allrounder,135,8,5606,116.2,314,7.4,54.32,PBKS,12.89
9024,Arjun Mehta,25,West Indies,Batter,118,4,14529,95.4,1,7.05,38.05,GT,13.5
9025,Amit Naidu,36,South Africa,Bowler,141,7,1197,97.7,821,4.57,44.44,PBKS,16.75
9026,Irfan Singh,34,India,Wicketkeeper,66,3,6270,138.9,0,0.0,36.12,DC,10.32
9027,Harshit Singh,37,India,Bowler,65,3,115,127.3,108,6.57,42.04,DC,7.81
9028,Arjun Mehta,42,India,Batter,198,7,10792,134.9,13,8.09,26.99,LSG,14.44
9029,Arjun Naidu,19,India,Wicketkeeper,22,1,4683,111.1,0,0.0,35.4,CSK,7.28
9030,Irfan Khan,21,India,Allrounder,85,3,4811,141.5,146,6.56,32.86,GT,10.72
9031,Arjun Malik,19,West Indies,Bowler,28,1,1906,110.1,357,4.62,27.52,DC,8.14
9032,Amit Verma,25,West Indies,Wicketkeeper,156,6,6345,138.9,0,0.0,36.46,GT,11.53
9033,Aditya Chopra,25,Sri Lanka,Bowler,106,4,3733,120.0,404,6.69,51.14,MI,8.44
9034,Aditya Mehta,18,Sri Lanka,Batter,17,1,11755,135.2,0,9.44,50.23,SRH,12.03
9035,Rahul Malik,39,India,Allrounder,344,13,2497,151.1,493,6.78,49.11,KKR,17.08
9036,Nikhil Reddy,42,India,Bowler,138,9,1829,132.4,338,7.77,47.27,LSG,10.09
9037,Aditya Yadav,30,South Africa,Wicketkeeper,210,9,8870,127.6,0,0.0,29.07,GT,14.14
9038,Arjun Deshmukh,20,India,Wicketkeeper,29,1,9985,116.3,0,0.0,51.29,MI,12.92
9039,Karthik Reddy,37,England,Batter,266,9,13003,130.5,4,6.2,33.04,DC,15.43
9040,Manoj Deshmukh,25,Sri Lanka,Batter,79,5,7813,148.1,3,7.35,49.88,RCB,12.09
9041,Manoj Malik,27,India,Allrounder,37,2,8895,111.4,145,7.1,36.64,RCB,11.54
9042,Manoj Naidu,35,India,Batter,124,8,6844,116.2,14,7.43,23.6,RCB,11.12
9043,Irfan Sharma,22,Australia,Wicketkeeper,52,3,8361,127.6,0,0.0,30.56,PBKS,7.59
9044,Karthik Verma,20,England,Batter,19,1,12820,114.2,1,8.31,35.09,DC,10.94
9045,Ankit Mehta,38,India,Bowler,26,1,3721,154.6,569,4.2,37.77,RCB,11.22
9046,Nikhil Kulkarni,38,India,Bowler,43,2,991,127.5,896,4.09,50.46,RCB,18.49
9047,Amit Naidu,41,India,Bowler,30,1,271,137.1,737,6.94,24.88,GT,12.92
9048,Sandeep Deshmukh,31,Australia,Allrounder,381,13,4799,141.0,91,7.3,40.03,PBKS,13.09
9049,Nikhil Khan,22,India,Wicketkeeper,89,3,5218,148.6,0,0.0,29.69,GT,11.64
9050,Pranav Reddy,24,India,Batter,31,2,11836,147.2,5,6.85,41.89,CSK,14.84
9051,Vikas Khan,39,India,Wicketkeeper,254,12,2852,95.1,0,0.0,32.36,MI,8.56
9052,Vikas Sharma,23,India,Allrounder,24,1,1953,96.6,122,8.0,20.11,GT,6.83
9053,Rahul Naidu,32,West Indies,Wicketkeeper,235,14,5264,111.9,0,0.0,51.99,LSG,11.37
9054,Vikas Iyer,40,Australia,Bowler,446,17,1050,126.1,220,7.43,39.36,KKR,9.31
9055,Pranav Kulkarni,39,Sri Lanka,Bowler,138,5,2117,109.6,192,5.26,48.53,MI,6.93
9056,Aditya Verma,30,Sri Lanka,Batter,71,3,8948,124.2,13,6.37,42.2,RCB,10.75
9057,Karthik Reddy,28,India,Batter,208,8,7169,126.2,3,6.36,40.21,RCB,13.22
9058,Amit Kulkarni,31,India,Allrounder,78,4,3034,109.1,82,7.6,30.27,RCB,6.98
9059,Rahul Malik,18,India,Batter,16,1,9385,154.0,9,7.99,27.61,SRH,13.12
9060,Amit Sharma,28,Australia,Bowler,98,6,2836,137.9,210,7.75,48.91,PBKS,7.22
9061,Rahul Reddy,26,Australia,Allrounder,127,5,4224,113.0,166,5.31,22.02,MI,9.64
9062,Vikas Deshmukh,32,Sri Lanka,Bowler,22,1,3292,153.9,267,5.41,23.68,GT,8.03
9063,Harshit Deshmukh,38,South Africa,Bowler,176,8,1800,95.4,105,6.14,44.94,KKR,5.99
9064,Vikas Malik,37,India,Allrounder,451,18,7178,102.8,436,5.69,31.8,SRH,18.87
9065,Rahul Yadav,20,West Indies,Batter,47,2,4495,101.4,5,8.7,28.04,DC,5.39
9066,Sameer Shetty,21,India,Allrounder,38,2,6080,153.1,335,5.03,40.73,DC,11.86
9067,Sameer Shetty,37,Sri Lanka,Batter,135,8,6343,134.1,0,8.52,25.05,GT,10.33
9068,Rahul Malik,42,West Indies,Wicketkeeper,61,4,7557,130.7,0,0.0,24.6,GT,10.71
9069,Aditya Iyer,42,India,Batter,69,3,5008,129.1,1,7.4,39.56,MI,10.13
9070,Aditya Patel,36,India,Wicketkeeper,27,1,10227,102.1,0,0.0,21.21,CSK,11.35
9071,Karthik Chopra,26,India,Wicketkeeper,141,7,11861,142.9,0,0.0,45.41,CSK,15.27
9072,Harshit Yadav,24,India,Wicketkeeper,24,1,11409,99.9,0,0.0,24.46,PBKS,9.24
9073,Karthik Verma,25,India,Allrounder,79,3,4298,141.1,265,8.12,54.87,PBKS,13.56
9074,Karthik Naidu,27,England,Batter,162,8,9716,124.3,9,6.89,28.28,MI,14.74
9075,Vikas Iyer,34,Australia,Allrounder,295,13,6310,101.9,237,7.18,24.45,RCB,14.35
9076,Ankit Khan,25,South Africa,Batter,15,1,12608,136.6,6,6.25,37.29,GT,12.15
9077,Manoj Yadav,40,India,Bowler,341,21,2453,147.8,233,6.35,45.91,SRH,11.85
9078,Irfan Verma,31,India,Batter,61,3,3327,154.1,3,7.62,35.97,GT,8.37
9079,Karthik Shetty,29,West Indies,Batter,52,3,3831,154.6,2,6.39,20.8,KKR,5.88
9080,Vikas Deshmukh,39,India,Wicketkeeper,400,17,10319,128.0,0,0.0,30.82,KKR,16.99
9081,Ankit Chopra,21,South Africa,Bowler,54,2,1947,128.5,319,5.91,28.4,PBKS,9.87
9082,Rahul Shetty,37,Sri Lanka,Bowler,54,2,722,140.4,612,6.12,29.33,RR,11.03
9083,Pranav Malik,21,Australia,Allrounder,47,3,5244,111.1,163,6.34,48.72,GT,9.41
9084,Nikhil Sharma,27,England,Batter,100,4,10339,147.3,6,8.54,25.95,GT,13.92
9085,Aditya Naidu,26,West Indies,Wicketkeeper,209,7,10261,99.4,0,0.0,24.18,DC,11.31
9086,Aditya Deshmukh,19,India,Allrounder,19,1,6918,127.0,361,5.56,53.98,SRH,15.05
9087,Ankit Naidu,33,India,Allrounder,16,1,8763,152.5,479,6.25,21.34,LSG,16.15
9088,Manoj Shetty,19,West Indies,Bowler,16,1,2269,105.9,670,7.52,51.94,GT,10.64
9089,Ankit Khan,31,West Indies,Bowler,97,5,130,151.9,184,4.21,27.03,KKR,7.48
9090,Manoj Naidu,35,India,Wicketkeeper,463,16,11865,113.2,0,0.0,37.18,MI,19.3
9091,Sameer Patel,26,India,Batter,75,5,13086,135.1,3,7.33,54.12,DC,15.69
9092,Harshit Naidu,22,South Africa,Batter,85,4,5926,138.3,1,8.12,23.08,KKR,7.29
9093,Karthik Iyer,31,Australia,Bowler,281,11,3814,122.2,92,6.39,51.0,SRH,10.41
9094,Rohan Singh,36,Sri Lanka,Wicketkeeper,226,14,9573,118.3,0,0.0,43.78,CSK,15.09
9095,Sameer Khan,22,India,Bowler,43,2,2769,110.6,435,4.87,33.16,DC,11.39
9096,Aditya Kulkarni,39,England,Allrounder,293,12,4840,110.2,495,6.06,21.74,LSG,12.33
9097,Rahul Iyer,39,India,Batter,438,17,9871,98.9,10,8.93,51.06,CSK,15.56
9098,Sameer Yadav,39,Australia,Allrounder,170,11,5449,98.9,448,5.44,39.71,CSK,12.96
9099,Pranav Khan,41,India,Bowler,270,9,1878,124.5,241,5.91,40.11,PBKS,10.5
9100,Karthik Kulkarni,39,India,Batter,283,15,8766,134.8,5,7.0,37.58,DC,15.02
9101,Arjun Verma,27,West Indies,Bowler,53,3,1011,144.6,784,5.27,45.47,SRH,15.68
9102,Aditya Naidu,22,India,Batter,27,1,6298,145.9,15,7.38,52.21,MI,12.06
9103,Arjun Reddy,34,India,Batter,79,3,6456,107.9,10,7.88,52.05,GT,12.13
9104,Rohan Kulkarni,42,Sri Lanka,Bowler,154,9,547,97.9,652,4.72,31.46,DC,12.48
9105,Harshit Chopra,27,India,Bowler,26,1,2263,150.4,622,6.76,42.3,SRH,12.37
9106,Rohan Malik,32,India,Batter,340,13,6252,100.5,3,9.33,22.13,PBKS,13.32
9107,Sandeep Yadav,35,England,Bowler,251,15,2322,153.0,416,6.3,37.6,KKR,13.23
9108,Vikas Malik,19,Australia,Bowler,23,1,105,108.3,771,4.2,28.57,KKR,15.22
9109,Irfan Chopra,29,West Indies,Bowler,210,10,995,97.6,281,5.28,51.67,PBKS,11.09
9110,Vikas Kulkarni,24,England,Wicketkeeper,107,4,11091,125.9,0,0.0,43.48,KKR,14.78
9111,Nikhil Kulkarni,19,West Indies,Bowler,25,1,2328,98.2,845,4.26,40.53,PBKS,15.14
9112,Arjun Chopra,34,England,Allrounder,84,3,4238,126.7,74,8.11,50.72,CSK,9.65
9113,Karthik Verma,29,Australia,Wicketkeeper,107,6,5497,143.7,0,0.0,22.65,RR,9.28
9114,Amit Reddy,32,South Africa,Batter,78,4,10589,134.5,1,6.71,35.52,KKR,12.09
9115,Rohan Malik,26,West Indies,Batter,236,8,13258,120.1,1,7.02,35.58,RCB,16.36
9116,Nikhil Verma,26,Sri Lanka,Bowler,43,2,878,101.2,280,7.46,29.79,SRH,8.58
9117,Harshit Mehta,38,India,Wicketkeeper,355,15,2810,127.3,0,0.0,44.44,PBKS,13.9
9118,Rahul Yadav,26,India,Batter,178,8,10042,151.5,0,8.21,47.85,CSK,15.86
9119,Aditya Naidu,26,Sri Lanka,Batter,30,2,8435,107.9,14,7.95,35.78,PBKS,10.73
9120,Rahul Sharma,36,India,Bowler,412,15,709,145.3,579,6.63,53.59,GT,14.73
9121,Manoj Iyer,41,England,Bowler,68,3,1991,126.6,612,6.3,20.62,RCB,9.39
9122,Vikas Iyer,27,India,Batter,32,2,4914,104.4,7,6.25,21.92,RCB,8.51
9123,Nikhil Kulkarni,40,West Indies,Wicketkeeper,462,17,9600,119.1,0,0.0,31.79,MI,15.63
9124,Nikhil Shetty,18,India,Batter,25,1,11125,127.1,5,8.23,40.86,SRH,13.17
9125,Sameer Reddy,42,England,Batter,264,9,13830,111.7,8,7.65,53.35,GT,15.89
9126,Nikhil Chopra,29,India,Wicketkeeper,120,4,8222,100.2,0,0.0,52.86,MI,12.91
9127,Amit Singh,24,Australia,Allrounder,153,6,8395,125.8,186,6.09,23.81,KKR,10.65
9128,Amit Kulkarni,36,India,Bowler,96,6,1929,120.8,822,4.27,45.96,GT,17.81
9129,Rohan Singh,37,England,Bowler,321,19,3558,128.7,309,5.02,29.75,RR,14.21
9130,Pranav Iyer,36,Sri Lanka,Wicketkeeper,24,1,7781,118.3,0,0.0,51.73,RR,10.91
9131,Nikhil Reddy,25,England,Bowler,163,6,2430,126.0,658,7.25,28.33,RCB,15.59
9132,Pranav Deshmukh,20,Sri Lanka,Batter,33,2,8199,152.2,5,6.68,27.1,RCB,10.29
9133,Karthik Malik,22,India,Bowler,118,4,1694,117.1,284,7.07,54.5,RCB,9.72
9134,Rahul Khan,42,India,Wicketkeeper,449,17,11708,117.1,0,0.0,32.3,LSG,16.03
9135,Ankit Chopra,20,Sri Lanka,Bowler,18,1,119,152.7,876,6.42,54.17,MI,13.37
9136,Pranav Singh,29,India,Allrounder,65,3,5216,140.3,369,7.48,39.72,CSK,12.32
9137,Rohan Iyer,35,India,Allrounder,195,7,8664,146.6,142,7.65,37.01,MI,14.86
9138,Nikhil Shetty,38,India,Wicketkeeper,244,11,6789,132.2,0,0.0,38.81,RR,12.77
9139,Ankit Naidu,27,Sri Lanka,Batter,24,1,6614,148.4,2,7.97,32.45,PBKS,10.26
9140,Karthik Deshmukh,28,India,Bowler,52,3,53,122.4,774,4.79,27.28,PBKS,15.66
9141,Ankit Singh,32,South Africa,Wicketkeeper,122,5,6377,124.9,0,0.0,51.62,CSK,10.41
9142,Amit Reddy,18,South Africa,Batter,26,1,13676,146.3,5,8.16,25.82,GT,12.9
9143,Rohan Iyer,24,Australia,Batter,35,2,5426,131.1,8,9.15,21.11,CSK,6.86
9144,Rohan Iyer,32,Australia,Batter,338,14,8180,152.1,1,8.22,22.77,GT,13.9
9145,Karthik Iyer,20,England,Wicketkeeper,15,1,11685,129.9,0,0.0,52.04,SRH,9.85
9146,Aditya Sharma,37,West Indies,Bowler,160,8,3665,132.9,839,4.04,36.62,CSK,16.72
9147,Ankit Iyer,40,India,Wicketkeeper,351,18,8778,115.8,0,0.0,41.96,MI,15.35
9148,Pranav Reddy,37,India,Allrounder,175,10,1660,140.2,104,5.18,20.16,SRH,10.3
9149,Amit Mehta,36,South Africa,Bowler,101,4,1398,125.2,612,5.17,33.2,LSG,12.95
9150,Karthik Patel,24,West Indies,Allrounder,144,6,2614,144.9,46,6.08,52.72,LSG,10.57
9151,Nikhil Mehta,34,India,Wicketkeeper,122,6,11614,147.4,0,0.0,38.29,LSG,15.33
9152,Arjun Sharma,24,Australia,Allrounder,34,2,4793,150.3,297,8.09,34.32,LSG,10.96
9153,Karthik Singh,37,India,Batter,29,1,10828,100.9,11,6.99,36.77,CSK,11.87
9154,Amit Yadav,26,South Africa,Allrounder,233,8,6682,128.7,452,8.31,43.36,MI,13.72
9155,Ankit Naidu,40,South Africa,Batter,474,17,8096,103.6,0,6.4,36.26,KKR,13.87
9156,Arjun Sharma,39,India,Wicketkeeper,313,20,2809,152.1,0,0.0,32.63,MI,13.88
9157,Irfan Chopra,24,Sri Lanka,Batter,82,5,13993,102.2,9,9.07,41.6,MI,13.86
9158,Nikhil Singh,32,Australia,Allrounder,109,7,6076,146.6,316,7.1,20.12,SRH,13.17
9159,Sameer Sharma,35,Sri Lanka,Allrounder,338,17,2052,108.2,448,5.66,53.25,KKR,16.24
9160,Rohan Malik,36,West Indies,Batter,205,7,3279,97.2,9,6.54,38.71,MI,7.11
9161,Amit Deshmukh,35,South Africa,Wicketkeeper,95,5,3413,126.7,0,0.0,49.54,SRH,8.42
9162,Irfan Chopra,35,India,Bowler,275,16,687,127.3,182,7.61,52.55,SRH,11.6
9163,Harshit Verma,29,Sri Lanka,Bowler,158,7,3481,110.9,595,6.76,52.49,KKR,14.32
9164,Irfan Yadav,22,India,Bowler,66,3,3139,119.8,368,6.54,43.81,GT,11.21
9165,Aditya Iyer,33,England,Bowler,116,5,3307,101.9,538,5.52,45.16,PBKS,11.88
9166,Harshit Malik,29,India,Bowler,136,6,127,138.7,526,7.13,28.02,GT,11.27
9167,Vikas Shetty,29,India,Batter,135,5,13485,96.5,8,9.35,31.64,PBKS,13.04
9168,Nikhil Naidu,26,India,Bowler,104,4,3162,97.9,82,4.99,34.2,PBKS,8.29
9169,Rahul Shetty,23,India,Bowler,51,2,3050,148.0,543,6.37,54.64,RCB,12.71
9170,Sandeep Kulkarni,39,West Indies,Bowler,30,1,3258,123.1,140,7.07,45.33,RCB,3.51
9171,Amit Sharma,39,India,Wicketkeeper,97,6,9438,145.6,0,0.0,36.29,DC,13.23
9172,Harshit Malik,42,Australia,Batter,66,4,3396,124.0,12,8.75,33.53,GT,7.18
9173,Karthik Kulkarni,42,England,Wicketkeeper,381,19,4785,126.6,0,0.0,43.65,LSG,11.75
9174,Vikas Kulkarni,25,Sri Lanka,Wicketkeeper,101,5,9104,138.6,0,0.0,32.49,LSG,12.9
9175,Rahul Naidu,41,England,Bowler,270,10,657,149.6,253,6.17,54.17,GT,9.53
9176,Aditya Deshmukh,34,South Africa,Allrounder,17,1,5096,106.6,419,5.8,43.68,KKR,11.77
9177,Arjun Khan,27,West Indies,Bowler,72,3,2468,96.5,170,5.58,32.14,CSK,6.22
9178,Nikhil Khan,36,India,Batter,75,3,7905,142.8,10,8.82,37.31,GT,10.56
9179,Harshit Singh,28,Sri Lanka,Wicketkeeper,45,3,2895,123.4,0,0.0,40.28,KKR,6.85
9180,Sandeep Deshmukh,26,India,Batter,57,2,9334,126.6,5,6.77,20.39,KKR,11.2
9181,Rahul Patel,35,India,Allrounder,320,13,5362,115.2,373,6.66,43.62,RR,15.32
9182,Pranav Deshmukh,19,India,Bowler,28,1,2686,117.9,344,6.43,20.25,MI,8.56
9183,Manoj Deshmukh,36,Sri Lanka,Bowler,17,1,1734,133.0,620,4.96,22.53,DC,11.84
9184,Nikhil Kulkarni,34,India,Bowler,393,16,123,133.8,157,4.41,46.45,KKR,13.08
9185,Ankit Verma,19,England,Allrounder,30,1,7673,124.4,172,6.13,53.1,CSK,9.89
9186,Irfan Sharma,27,West Indies,Wicketkeeper,156,9,10643,151.7,0,0.0,30.76,KKR,11.9
9187,Karthik Verma,21,India,Allrounder,55,2,8346,130.6,434,7.83,54.14,PBKS,14.13
9188,Vikas Iyer,33,England,Bowler,201,10,961,141.5,575,5.81,46.88,GT,13.64
9189,Vikas Sharma,25,Sri Lanka,Bowler,85,4,618,142.7,896,5.89,29.14,DC,17.57
9190,Sandeep Reddy,40,India,Wicketkeeper,33,2,11234,102.3,0,0.0,34.88,RR,10.22
9191,Sandeep Deshmukh,40,West Indies,Allrounder,291,12,2663,125.0,229,8.3,42.23,MI,9.19
9192,Sameer Reddy,25,Australia,Allrounder,143,5,5530,103.0,184,7.18,33.66,KKR,10.59
9193,Vikas Deshmukh,23,India,Allrounder,48,2,8321,153.3,481,7.47,25.88,SRH,14.26
9194,Manoj Shetty,24,India,Bowler,71,3,907,100.7,394,5.56,28.48,PBKS,9.42
9195,Amit Verma,26,India,Bowler,122,5,1262,127.4,425,5.43,28.07,MI,10.29
9196,Amit Patel,38,India,Wicketkeeper,487,17,10533,108.7,0,0.0,47.22,PBKS,20.0
9197,Karthik Singh,23,South Africa,Wicketkeeper,143,5,2886,152.8,0,0.0,31.33,RR,10.67
9198,Ankit Deshmukh,33,India,Allrounder,61,4,5302,110.5,93,7.41,52.48,LSG,7.14
9199,Manoj Singh,32,India,Batter,179,9,10002,143.2,9,8.36,21.73,DC,13.76
9200,Vikas Patel,33,South Africa,Bowler,88,3,1201,126.7,888,6.27,30.25,SRH,17.1
9201,Amit Khan,22,South Africa,Bowler,26,1,1996,129.8,667,5.0,44.73,LSG,11.8
9202,Ankit Chopra,31,India,Wicketkeeper,143,7,6236,97.0,0,0.0,39.86,MI,10.33
9203,Karthik Malik,42,South Africa,Allrounder,193,10,3399,103.4,243,5.6,41.81,LSG,10.33
9204,Manoj Kulkarni,40,Sri Lanka,Wicketkeeper,566,19,9503,113.7,0,0.0,35.43,KKR,15.47
9205,Irfan Verma,21,Sri Lanka,Batter,30,1,9718,133.9,15,7.26,36.45,DC,8.49
9206,Amit Verma,41,England,Allrounder,330,21,4743,116.1,443,8.37,45.91,PBKS,16.2
9207,Ankit Malik,38,India,Bowler,344,20,1421,125.5,756,4.98,39.34,MI,17.74
9208,Harshit Shetty,29,India,Allrounder,163,7,6976,123.3,324,6.15,29.77,RCB,14.31
9209,Manoj Iyer,21,West Indies,Bowler,45,3,3162,107.9,804,4.02,44.5,SRH,15.91
9210,Karthik Khan,26,India,Wicketkeeper,130,7,11611,141.3,0,0.0,29.81,PBKS,13.15
9211,Harshit Deshmukh,25,India,Allrounder,134,5,6090,97.2,237,6.43,28.3,CSK,10.55
9212,Vikas Malik,39,Australia,Wicketkeeper,101,6,6243,141.8,0,0.0,41.21,MI,11.63
9213,Aditya Malik,28,Sri Lanka,Bowler,25,1,333,110.4,386,4.78,48.59,PBKS,9.86
9214,Irfan Khan,20,India,Batter,15,1,9305,115.0,15,6.73,43.25,MI,10.35
9215,Arjun Singh,33,India,Wicketkeeper,89,4,7580,128.7,0,0.0,36.13,RCB,13.04
9216,Rahul Singh,32,West Indies,Batter,198,7,7637,108.2,15,9.15,45.95,DC,12.67
9217,Amit Sharma,42,India,Allrounder,114,7,8284,131.9,71,5.56,50.47,GT,12.72
9218,Sandeep Verma,29,Sri Lanka,Batter,72,3,14854,138.5,13,7.6,48.71,CSK,14.34
9219,Aditya Shetty,33,West Indies,Wicketkeeper,234,9,8747,103.2,0,0.0,44.7,MI,11.85
9220,Vikas Chopra,27,Sri Lanka,Bowler,119,6,835,129.6,205,7.5,26.51,KKR,7.51
9221,Karthik Reddy,19,India,Allrounder,17,1,1827,110.6,280,5.44,23.62,CSK,8.68
9222,Pranav Singh,32,India,Bowler,193,8,1677,99.2,350,5.95,27.82,KKR,12.91
9223,Rahul Iyer,20,England,Allrounder,45,2,8186,123.4,466,6.54,39.79,LSG,10.22
9224,Sandeep Naidu,36,India,Batter,370,18,8424,97.8,5,8.47,22.82,RCB,12.55
9225,Amit Mehta,29,Sri Lanka,Bowler,56,2,1467,120.4,428,4.23,21.46,GT,10.54
9226,Irfan Deshmukh,27,India,Wicketkeeper,141,7,10276,139.8,0,0.0,27.81,CSK,13.61
9227,Amit Malik,29,India,Wicketkeeper,297,11,2816,151.4,0,0.0,37.02,MI,12.29
9228,Vikas Verma,35,India,Batter,325,15,6213,141.8,13,7.56,44.96,MI,13.07
9229,Amit Chopra,20,India,Batter,18,1,9086,151.1,6,8.13,34.78,KKR,11.95
9230,Arjun Sharma,28,England,Wicketkeeper,71,3,3113,143.5,0,0.0,33.3,CSK,8.13
9231,Harshit Chopra,34,India,Bowler,363,14,3927,110.6,473,7.19,30.12,SRH,16.01
9232,Harshit Mehta,22,Australia,Batter,73,3,7613,107.8,12,8.37,28.02,SRH,8.56
9233,Karthik Mehta,37,India,Allrounder,20,1,6928,135.7,414,6.07,51.13,RCB,12.82
9234,Karthik Reddy,20,England,Allrounder,21,1,5832,144.7,350,7.36,39.02,GT,11.67
9235,Manoj Iyer,25,India,Allrounder,49,2,4341,101.0,82,5.24,39.4,SRH,7.91
9236,Vikas Patel,32,India,Wicketkeeper,313,13,10992,114.7,0,0.0,27.72,GT,16.58
9237,Manoj Chopra,30,South Africa,Allrounder,266,10,7249,135.0,143,6.63,33.47,LSG,10.98
9238,Manoj Chopra,32,India,Allrounder,312,12,4140,139.3,418,7.81,45.72,GT,14.94
9239,Manoj Singh,40,India,Wicketkeeper,495,20,6076,154.1,0,0.0,30.33,RCB,15.54
9240,Arjun Naidu,40,South Africa,Allrounder,452,21,8598,146.3,487,7.26,40.28,GT,19.75
9241,Amit Singh,34,India,Batter,24,1,5272,119.9,12,8.76,40.67,MI,8.77
9242,Sandeep Iyer,27,England,Batter,47,2,6920,154.1,10,6.19,48.0,CSK,10.93
9243,Harshit Chopra,36,India,Wicketkeeper,301,11,6159,147.1,0,0.0,44.3,GT,13.31
9244,Irfan Iyer,29,India,Wicketkeeper,87,3,11329,106.2,0,0.0,21.09,LSG,11.88
9245,Irfan Sharma,23,Sri Lanka,Wicketkeeper,62,4,9019,146.9,0,0.0,33.87,RR,10.34
9246,Sameer Mehta,22,Sri Lanka,Batter,86,3,13095,128.7,5,6.92,34.73,MI,13.6
9247,Nikhil Deshmukh,30,India,Batter,49,2,8339,124.0,13,8.28,44.4,GT,10.48
9248,Pranav Mehta,40,India,Wicketkeeper,53,2,5460,146.2,0,0.0,26.84,PBKS,11.24
9249,Manoj Naidu,25,South Africa,Bowler,52,2,1393,121.2,783,5.25,53.67,KKR,12.15
9250,Harshit Mehta,26,India,Batter,18,1,4142,117.9,2,7.28,42.87,LSG,7.47
9251,Irfan Deshmukh,42,Sri Lanka,Batter,111,6,5913,152.1,3,7.47,51.31,RCB,12.71
9252,Karthik Verma,30,India,Batter,95,4,12317,133.7,4,7.8,22.03,MI,13.52
9253,Vikas Verma,39,England,Bowler,362,15,1618,137.4,330,6.64,32.57,CSK,10.59
9254,Nikhil Iyer,28,India,Wicketkeeper,124,5,9534,108.2,0,0.0,52.03,KKR,13.66
9255,Nikhil Deshmukh,22,South Africa,Bowler,69,3,3356,134.2,308,5.62,21.17,PBKS,7.82
9256,Rohan Iyer,36,South Africa,Wicketkeeper,21,1,5954,119.8,0,0.0,48.6,RR,7.34
9257,Sandeep Chopra,34,India,Bowler,56,3,3375,131.2,307,5.47,27.34,CSK,8.44
9258,Pranav Shetty,38,India,Batter,399,16,14229,150.7,6,7.46,39.83,RR,20.0
9259,Karthik Kulkarni,20,India,Batter,42,2,4844,149.1,5,9.16,53.05,KKR,10.22
9260,Vikas Chopra,25,West Indies,Bowler,150,5,1052,95.2,431,7.4,52.69,MI,7.69
9261,Ankit Malik,38,England,Wicketkeeper,175,9,6451,103.2,0,0.0,21.4,MI,10.96
9262,Arjun Mehta,42,India,Allrounder,433,17,1672,115.9,445,5.19,41.73,LSG,17.3
9263,Aditya Patel,42,India,Wicketkeeper,229,13,6106,119.1,0,0.0,20.89,KKR,10.79
9264,Nikhil Sharma,32,India,Batter,271,14,8063,121.5,12,7.67,46.49,KKR,13.96
9265,Nikhil Sharma,27,England,Bowler,104,5,907,108.1,671,5.06,28.96,MI,14.41
9266,Irfan Khan,28,India,Bowler,243,9,1477,130.9,120,5.15,36.5,KKR,10.22
9267,Sandeep Chopra,37,West Indies,Batter,24,1,13684,117.5,7,7.18,32.98,MI,9.59
9268,Ankit Mehta,38,India,Allrounder,367,13,1927,109.0,431,8.4,48.63,CSK,16.88
9269,Sameer Khan,19,India,Wicketkeeper,21,1,7153,137.5,0,0.0,20.19,PBKS,9.17
9270,Manoj Kulkarni,31,South Africa,Batter,223,9,9480,140.4,2,9.48,43.89,CSK,15.83
9271,Irfan Verma,22,India,Wicketkeeper,28,1,10446,119.3,0,0.0,39.43,LSG,13.46
9272,Irfan Sharma,23,West Indies,Allrounder,47,2,7372,97.1,265,5.89,49.26,RR,9.16
9273,Harshit Khan,33,India,Wicketkeeper,80,3,9343,148.8,0,0.0,25.69,DC,13.83
9274,Aditya Sharma,30,India,Wicketkeeper,211,9,4550,142.2,0,0.0,45.94,LSG,12.11
9275,Aditya Shetty,21,India,Batter,51,3,9511,120.3,4,6.62,34.8,GT,9.42
9276,Nikhil Shetty,24,England,Wicketkeeper,121,6,7438,140.6,0,0.0,49.32,PBKS,11.25
9277,Manoj Reddy,22,India,Allrounder,29,1,3336,128.8,223,5.33,46.66,GT,10.98
9278,Ankit Reddy,23,India,Wicketkeeper,99,4,11332,142.2,0,0.0,25.18,DC,13.16
9279,Pranav Khan,18,India,Bowler,27,1,485,146.5,89,6.0,31.15,CSK,5.6
9280,Pranav Khan,18,England,Wicketkeeper,18,1,2535,120.5,0,0.0,48.15,CSK,7.72
9281,Amit Sharma,18,West Indies,Allrounder,30,1,2889,146.6,242,5.31,30.89,PBKS,8.93
9282,Karthik Patel,26,Sri Lanka,Bowler,149,7,3278,109.0,213,4.01,23.13,RR,8.42
9283,Sameer Shetty,18,Australia,Bowler,17,1,1512,136.6,589,4.35,27.49,DC,12.14
9284,Nikhil Naidu,41,India,Bowler,122,6,3256,126.0,554,7.55,36.1,SRH,12.54
9285,Arjun Mehta,27,England,Allrounder,84,3,8795,136.6,491,6.52,35.83,MI,10.56
9286,Manoj Singh,33,West Indies,Allrounder,270,13,4968,147.8,388,5.45,34.99,MI,15.37
9287,Sameer Deshmukh,29,South Africa,Bowler,108,7,3249,126.8,288,4.28,42.66,MI,10.57
9288,Pranav Chopra,23,Sri Lanka,Allrounder,146,5,8284,143.0,353,5.96,43.44,PBKS,13.61
9289,Sandeep Reddy,27,England,Wicketkeeper,34,2,11004,134.0,0,0.0,34.73,KKR,12.69
9290,Pranav Kulkarni,35,India,Batter,102,5,4595,111.5,9,9.37,40.22,GT,8.44
9291,Pranav Iyer,24,India,Batter,95,6,3189,139.7,4,7.08,21.67,DC,9.34
9292,Rohan Iyer,42,West Indies,Batter,308,19,11884,143.7,15,6.16,35.2,RR,14.86
9293,Vikas Verma,35,Sri Lanka,Allrounder,174,6,1503,131.5,340,6.19,44.57,RR,11.5
9294,Pranav Sharma,36,India,Allrounder,323,15,2051,106.1,167,5.7,53.54,RR,16.03
9295,Rahul Naidu,21,West Indies,Bowler,87,3,2959,118.4,627,6.24,48.05,GT,10.91
9296,Manoj Kulkarni,40,South Africa,Batter,471,17,9595,109.5,15,7.84,27.24,RCB,14.12
9297,Sameer Yadav,26,West Indies,Bowler,63,3,1247,146.6,399,5.51,22.15,KKR,8.76
9298,Karthik Mehta,30,Australia,Batter,49,2,14910,148.6,11,6.76,24.26,DC,14.42
9299,Pranav Malik,41,Sri Lanka,Batter,424,15,3171,107.8,9,8.2,41.21,MI,9.74
9300,Pranav Kulkarni,37,England,Allrounder,184,9,4663,101.1,102,6.34,40.39,MI,10.38
9301,Pranav Kulkarni,26,India,Batter,99,6,6755,135.8,4,8.39,42.3,GT,13.07
9302,Aditya Reddy,21,India,Batter,64,3,12555,126.2,3,7.75,42.25,LSG,14.81
9303,Amit Sharma,29,India,Batter,160,7,4014,134.3,14,8.42,40.54,LSG,8.94
9304,Rahul Reddy,30,India,Allrounder,243,9,3858,107.6,57,5.55,29.11,SRH,12.92
9305,Rohan Singh,19,India,Allrounder,20,1,5450,140.6,440,8.22,39.35,MI,12.87
9306,Sameer Chopra,22,West Indies,Bowler,49,3,451,101.7,512,4.96,51.46,PBKS,11.74
9307,Harshit Malik,31,Sri Lanka,Allrounder,236,13,6994,101.6,178,8.12,47.9,PBKS,12.78
9308,Ankit Shetty,34,England,Bowler,183,8,1229,114.4,795,5.7,45.87,PBKS,16.08
9309,Harshit Yadav,35,Sri Lanka,Batter,270,12,12519,141.8,6,8.15,22.6,KKR,16.75
9310,Harshit Chopra,25,India,Allrounder,80,3,5867,114.2,85,6.12,31.54,RCB,12.61
9311,Manoj Mehta,34,South Africa,Batter,430,16,10194,112.0,11,7.76,35.55,SRH,14.59
9312,Harshit Mehta,31,Australia,Bowler,251,9,1665,139.1,611,5.4,41.12,RCB,16.18
9313,Ankit Naidu,19,Sri Lanka,Bowler,26,1,3449,107.6,727,6.48,31.39,PBKS,11.96
9314,Ankit Deshmukh,20,South Africa,Batter,21,1,9933,101.5,15,6.07,29.28,SRH,8.77
9315,Rahul Yadav,38,India,Bowler,320,14,604,131.2,710,4.25,54.93,RR,17.03
9316,Karthik Kulkarni,27,Sri Lanka,Allrounder,92,5,4050,144.3,221,5.35,24.16,RCB,10.1
9317,Nikhil Mehta,28,West Indies,Wicketkeeper,218,8,10683,135.2,0,0.0,42.51,PBKS,13.27
9318,Nikhil Verma,28,India,Batter,51,2,6314,101.8,7,9.16,31.04,GT,8.43
9319,Amit Patel,30,Australia,Wicketkeeper,91,4,4356,100.4,0,0.0,34.26,SRH,6.24
9320,Karthik Kulkarni,29,Australia,Wicketkeeper,326,11,6976,149.7,0,0.0,47.35,MI,14.04
9321,Aditya Mehta,28,India,Allrounder,217,10,1816,127.0,488,7.53,50.92,RR,14.12
9322,Irfan Verma,37,West Indies,Wicketkeeper,297,15,4189,122.0,0,0.0,25.24,MI,10.91
9323,Irfan Sharma,22,India,Allrounder,83,4,2607,111.8,346,7.93,21.88,DC,8.15
9324,Sandeep Naidu,25,Sri Lanka,Bowler,129,7,2849,131.5,753,4.48,41.25,RR,13.92
9325,Sandeep Patel,19,South Africa,Wicketkeeper,23,1,8026,110.6,0,0.0,45.45,GT,9.38
9326,Pranav Reddy,39,South Africa,Bowler,199,8,313,150.2,559,6.94,40.47,MI,11.35
9327,Ankit Kulkarni,26,India,Allrounder,88,4,7311,140.2,343,7.73,29.02,RCB,14.3
9328,Ankit Singh,21,Sri Lanka,Batter,48,3,3911,123.7,13,7.09,20.67,SRH,6.55
9329,Vikas Shetty,42,India,Wicketkeeper,483,18,4617,112.8,0,0.0,36.59,CSK,15.25
9330,Pranav Yadav,18,South Africa,Wicketkeeper,23,1,3285,101.5,0,0.0,24.42,KKR,6.74
9331,Manoj Iyer,42,India,Wicketkeeper,511,19,3895,122.8,0,0.0,45.58,GT,14.93
9332,Sameer Shetty,39,India,Bowler,105,6,80,127.8,829,7.17,36.62,RR,14.78
9333,Sameer Iyer,36,Australia,Wicketkeeper,206,13,9708,118.1,0,0.0,26.75,DC,13.66
9334,Arjun Khan,33,India,Allrounder,301,13,8577,142.5,299,5.51,36.28,GT,17.73
9335,Vikas Iyer,22,India,Allrounder,19,1,5282,137.2,288,7.77,26.79,GT,10.22
9336,Harshit Naidu,24,India,Wicketkeeper,30,1,11283,125.6,0,0.0,35.54,SRH,14.24
9337,Karthik Chopra,37,Sri Lanka,Bowler,175,9,1105,127.6,221,5.61,54.37,GT,8.71
9338,Rohan Sharma,32,England,Batter,97,6,14863,149.2,10,8.85,21.04,RR,14.87
9339,Vikas Patel,35,Australia,Allrounder,29,1,1888,100.1,231,5.49,29.21,RR,7.34
9340,Ankit Yadav,37,India,Wicketkeeper,258,9,6043,121.5,0,0.0,42.47,SRH,11.72
9341,Ankit Reddy,23,West Indies,Allrounder,148,5,3426,149.2,113,6.75,52.89,GT,10.41
9342,Rahul Malik,22,West Indies,Wicketkeeper,20,1,4843,104.8,0,0.0,49.85,CSK,9.04
9343,Amit Yadav,35,Australia,Allrounder,96,4,7220,122.2,285,6.69,47.47,KKR,11.91
9344,Vikas Reddy,32,West Indies,Bowler,119,6,1462,147.9,606,4.35,43.48,LSG,13.7
9345,Rohan Mehta,35,West Indies,Allrounder,254,10,5498,154.7,364,8.06,38.13,CSK,13.51
9346,Arjun Kulkarni,34,India,Bowler,104,4,2826,105.0,187,4.35,31.33,RCB,9.7
9347,Harshit Deshmukh,40,South Africa,Wicketkeeper,102,4,7106,101.2,0,0.0,48.54,LSG,10.12
9348,Sameer Yadav,32,South Africa,Bowler,138,6,1008,153.6,610,5.13,44.59,DC,14.24
9349,Sandeep Naidu,34,South Africa,Bowler,176,6,3623,123.6,726,4.66,36.34,CSK,14.99
9350,Karthik Naidu,36,India,Wicketkeeper,376,16,7616,124.6,0,0.0,38.75,KKR,16.11
9351,Sameer Sharma,23,Sri Lanka,Allrounder,79,5,6712,136.2,111,5.11,37.05,LSG,11.08
9352,Pranav Sharma,24,South Africa,Batter,110,4,6791,143.9,12,8.77,28.07,SRH,8.82
9353,Aditya Sharma,39,England,Bowler,224,8,1225,137.2,464,4.18,54.22,MI,13.11
9354,Rohan Deshmukh,20,India,Batter,20,1,13483,110.6,5,7.56,25.48,PBKS,9.94
9355,Vikas Patel,35,Australia,Wicketkeeper,396,14,4477,112.2,0,0.0,31.48,PBKS,12.45
9356,Irfan Mehta,38,South Africa,Allrounder,448,19,7064,134.3,93,6.48,29.56,RCB,15.68
9357,Aditya Chopra,21,India,Allrounder,45,3,2983,117.4,372,5.18,49.95,CSK,12.55
9358,Pranav Shetty,24,India,Allrounder,15,1,6164,152.9,250,6.74,37.63,RCB,11.1
9359,Sameer Mehta,20,India,Allrounder,18,1,6000,106.6,408,5.97,44.31,RCB,12.14
9360,Aditya Deshmukh,27,Sri Lanka,Allrounder,110,4,3339,131.2,46,6.88,46.43,PBKS,10.59
9361,Manoj Singh,42,India,Batter,547,20,6088,97.6,1,8.54,48.09,LSG,17.54
9362,Arjun Verma,21,South Africa,Allrounder,36,2,2993,118.5,389,6.86,38.81,DC,9.32
9363,Aditya Sharma,26,India,Allrounder,145,6,1506,104.0,244,7.14,34.61,DC,10.66
9364,Harshit Singh,28,India,Batter,181,7,11529,116.0,11,7.17,23.2,SRH,15.63
9365,Karthik Deshmukh,39,India,Batter,171,6,12274,104.7,13,6.56,33.06,LSG,12.14
9366,Vikas Deshmukh,22,South Africa,Bowler,45,2,438,107.4,632,7.4,34.57,SRH,10.32
9367,Rahul Kulkarni,27,India,Wicketkeeper,92,5,9914,113.7,0,0.0,47.56,LSG,14.82
9368,Pranav Naidu,27,South Africa,Batter,88,4,13711,106.8,8,6.18,27.37,RR,13.91
9369,Rahul Kulkarni,38,Australia,Batter,29,1,13955,129.2,13,9.48,24.86,GT,12.45
9370,Vikas Singh,30,South Africa,Allrounder,156,10,5135,105.1,84,5.95,24.36,PBKS,8.1
9371,Arjun Verma,22,South Africa,Batter,67,3,14479,124.7,4,8.79,42.09,LSG,13.83
9372,Sandeep Iyer,18,Sri Lanka,Wicketkeeper,18,1,11225,114.9,0,0.0,39.38,SRH,9.74
9373,Harshit Kulkarni,19,India,Batter,29,1,4691,113.5,1,6.9,42.83,SRH,8.69
9374,Manoj Sharma,27,South Africa,Bowler,94,6,3585,132.0,106,4.57,49.83,PBKS,6.65
9375,Amit Naidu,41,Sri Lanka,Allrounder,311,15,7868,148.8,485,5.42,22.78,PBKS,15.2
9376,Karthik Chopra,22,South Africa,Batter,43,2,11090,131.6,14,7.22,39.58,CSK,9.26
9377,Arjun Mehta,27,India,Batter,152,9,9534,142.9,6,6.34,54.06,KKR,17.11
9378,Arjun Verma,40,South Africa,Wicketkeeper,453,22,5970,105.9,0,0.0,51.33,RCB,14.09
9379,Vikas Singh,31,South Africa,Batter,41,2,10492,151.2,5,7.95,26.16,DC,11.79
9380,Irfan Chopra,32,West Indies,Wicketkeeper,61,3,4374,142.5,0,0.0,22.09,MI,7.99
9381,Manoj Iyer,41,West Indies,Wicketkeeper,159,10,5085,148.0,0,0.0,43.6,KKR,9.54
9382,Harshit Malik,30,Australia,Batter,172,8,4141,106.4,13,7.3,48.58,PBKS,7.74
9383,Rahul Khan,32,Australia,Wicketkeeper,183,11,11002,131.2,0,0.0,32.61,RR,12.61
9384,Amit Verma,21,India,Wicketkeeper,34,2,6140,121.6,0,0.0,48.93,PBKS,9.36
9385,Sandeep Chopra,31,India,Bowler,98,4,1834,100.4,695,5.29,51.89,CSK,15.52
9386,Vikas Shetty,34,Sri Lanka,Batter,19,1,3693,115.9,13,7.36,27.15,SRH,4.73
9387,Arjun Deshmukh,33,South Africa,Bowler,348,15,1412,108.1,149,7.41,42.28,RR,11.8
9388,Vikas Naidu,37,Sri Lanka,Allrounder,216,14,3485,97.1,486,8.08,49.01,RR,14.01
9389,Rohan Mehta,37,India,Wicketkeeper,128,6,6296,119.6,0,0.0,43.03,PBKS,12.25
9390,Pranav Singh,35,England,Wicketkeeper,233,8,6096,117.3,0,0.0,44.34,CSK,11.01
9391,Irfan Reddy,18,India,Bowler,24,1,1758,96.3,581,4.97,53.17,CSK,14.15
9392,Rahul Kulkarni,21,West Indies,Batter,46,2,12116,144.4,5,6.06,25.92,GT,11.94
9393,Sandeep Deshmukh,33,Australia,Bowler,17,1,969,144.3,465,5.49,27.21,RCB,9.49
9394,Karthik Verma,19,England,Bowler,29,1,2641,124.9,484,7.29,32.82,DC,9.02
9395,Nikhil Malik,31,India,Bowler,332,13,348,115.5,664,6.52,32.16,SRH,18.17
9396,Arjun Shetty,22,West Indies,Allrounder,118,4,2786,113.6,290,7.57,27.03,SRH,9.77
9397,Sameer Malik,32,India,Allrounder,111,6,5303,143.3,383,7.83,37.42,LSG,12.65
9398,Rohan Kulkarni,19,Sri Lanka,Bowler,26,1,2507,136.8,402,6.0,37.82,RR,7.9
9399,Vikas Yadav,33,India,Wicketkeeper,386,14,3669,120.0,0,0.0,54.82,LSG,14.95
9400,Rahul Malik,37,India,Allrounder,175,7,5233,130.6,96,5.52,51.01,LSG,13.24
9401,Arjun Shetty,31,Sri Lanka,Batter,96,6,6339,147.9,14,8.41,31.77,MI,9.81
9402,Ankit Iyer,30,India,Bowler,47,2,3965,146.1,185,5.03,33.79,SRH,6.83
9403,Ankit Yadav,31,Australia,Allrounder,230,10,4312,103.9,192,7.48,46.45,GT,11.0
9404,Rohan Verma,23,England,Bowler,108,4,830,111.1,890,6.09,37.31,LSG,16.21
9405,Pranav Kulkarni,37,India,Wicketkeeper,287,18,3971,136.8,0,0.0,20.42,PBKS,14.82
9406,Sameer Mehta,27,India,Bowler,258,9,2500,127.5,894,6.42,27.71,RCB,17.83
9407,Arjun Reddy,23,India,Wicketkeeper,69,3,9339,140.2,0,0.0,30.62,DC,11.88
9408,Manoj Singh,18,West Indies,Batter,27,1,8797,123.3,3,6.97,43.67,DC,9.25
9409,Vikas Singh,20,England,Batter,47,2,4686,103.5,1,9.25,33.88,DC,7.92
9410,Manoj Kulkarni,39,England,Wicketkeeper,43,2,10422,99.0,0,0.0,46.55,CSK,10.03
9411,Pranav Patel,33,South Africa,Bowler,169,11,164,137.4,630,5.7,31.28,KKR,12.95
9412,Sameer Sharma,26,India,Batter,106,4,12976,127.1,7,8.96,53.03,RR,16.45
9413,Harshit Malik,33,South Africa,Bowler,164,9,54,125.9,697,4.3,46.83,KKR,14.81
9414,Pranav Chopra,39,India,Wicketkeeper,333,20,11944,131.0,0,0.0,20.81,LSG,15.88
9415,Pranav Sharma,21,India,Bowler,43,2,1353,112.9,173,7.69,28.72,PBKS,5.37
9416,Amit Verma,31,India,Batter,161,9,8351,127.5,6,7.7,46.82,LSG,15.94
9417,Amit Mehta,28,England,Batter,185,8,10372,121.4,2,7.38,38.72,KKR,13.79
9418,Sameer Iyer,33,India,Batter,394,15,14912,149.9,11,7.38,49.79,CSK,20.0
9419,Pranav Khan,28,West Indies,Batter,147,6,11667,95.0,0,7.59,51.53,MI,12.76
9420,Nikhil Mehta,19,India,Bowler,22,1,536,109.7,443,4.47,25.33,SRH,11.08
9421,Sameer Shetty,29,India,Allrounder,230,11,6490,143.2,127,5.63,40.28,KKR,14.85
9422,Pranav Shetty,39,India,Bowler,191,7,1238,108.9,283,7.63,37.0,MI,10.01
9423,Arjun Kulkarni,18,India,Allrounder,15,1,3286,144.6,244,8.42,45.5,KKR,9.81
9424,Sandeep Iyer,38,South Africa,Bowler,82,3,60,141.2,341,4.72,32.16,LSG,10.0
9425,Rohan Naidu,38,India,Allrounder,394,16,6684,131.5,409,6.86,41.33,KKR,17.73
9426,Irfan Sharma,34,West Indies,Batter,60,4,14929,134.7,15,8.54,22.39,LSG,12.48
9427,Arjun Verma,31,India,Wicketkeeper,130,7,7255,122.4,0,0.0,43.24,DC,11.67
9428,Ankit Kulkarni,38,West Indies,Bowler,143,7,897,113.8,546,5.12,24.36,LSG,9.78
9429,Arjun Shetty,19,India,Batter,21,1,9532,154.2,2,7.47,29.99,CSK,14.51
9430,Karthik Deshmukh,24,India,Bowler,86,4,89,139.6,400,6.02,20.47,DC,11.87
9431,Aditya Khan,19,India,Bowler,18,1,1618,118.2,321,7.42,50.42,DC,7.09
9432,Arjun Shetty,41,England,Wicketkeeper,560,22,6349,97.3,0,0.0,25.1,SRH,13.96
9433,Ankit Khan,31,India,Bowler,257,13,1095,115.7,758,5.23,49.67,KKR,17.78
9434,Harshit Malik,38,India,Wicketkeeper,131,5,6371,95.7,0,0.0,42.44,CSK,12.13
9435,Sameer Mehta,23,India,Wicketkeeper,60,2,9877,102.9,0,0.0,48.81,PBKS,10.25
9436,Sandeep Iyer,22,Australia,Batter,107,4,3230,125.0,0,8.73,27.44,PBKS,7.08
9437,Rahul Malik,36,India,Allrounder,439,16,3027,104.4,331,7.22,26.65,MI,15.06
9438,Amit Mehta,25,South Africa,Allrounder,120,5,4924,154.5,279,7.19,51.19,PBKS,12.83
9439,Rohan Khan,35,West Indies,Wicketkeeper,348,12,3998,130.6,0,0.0,38.85,DC,11.76
9440,Vikas Khan,42,India,Batter,266,15,12718,127.8,4,9.49,34.7,CSK,14.79
9441,Sandeep Deshmukh,35,India,Allrounder,204,10,5963,109.1,189,8.18,23.41,RCB,11.64
9442,Sandeep Patel,41,India,Bowler,202,7,152,100.8,142,6.41,33.06,KKR,7.23
9443,Aditya Khan,38,England,Allrounder,42,2,1511,127.9,137,6.48,54.71,RCB,7.8
9444,Pranav Sharma,18,England,Bowler,30,1,2630,117.5,267,4.84,24.63,PBKS,9.0
9445,Harshit Naidu,18,India,Batter,16,1,3325,138.7,5,8.13,36.87,DC,5.85
9446,Nikhil Yadav,28,West Indies,Wicketkeeper,145,6,2615,109.7,0,0.0,41.73,MI,7.22
9447,Vikas Malik,31,Australia,Bowler,241,12,2157,105.3,571,6.05,34.2,MI,13.47
9448,Karthik Malik,27,India,Bowler,119,5,933,154.0,440,5.65,49.73,KKR,12.06
9449,Karthik Reddy,37,India,Bowler,218,14,3013,148.3,680,6.79,45.74,KKR,17.43
9450,Sameer Shetty,33,England,Bowler,122,7,1875,98.3,752,7.43,35.96,RCB,13.44
9451,Sameer Reddy,25,Australia,Wicketkeeper,145,5,11483,139.8,0,0.0,40.42,LSG,14.2
9452,Rohan Iyer,20,India,Batter,30,1,8938,115.4,12,6.61,31.12,CSK,9.68
9453,Harshit Verma,37,India,Batter,226,10,3475,115.6,3,6.91,38.02,KKR,10.74
9454,Aditya Chopra,25,India,Wicketkeeper,122,5,6447,146.3,0,0.0,45.97,SRH,13.57
9455,Rahul Chopra,40,Australia,Wicketkeeper,201,7,5570,145.1,0,0.0,50.93,PBKS,10.55
9456,Harshit Chopra,35,West Indies,Batter,243,10,9743,115.8,7,7.46,22.02,GT,13.24
9457,Pranav Chopra,34,India,Bowler,17,1,622,98.9,857,7.54,45.94,DC,14.45
9458,Pranav Patel,19,Australia,Allrounder,26,1,7308,151.9,87,6.32,34.69,RR,10.49
9459,Rohan Chopra,29,India,Wicketkeeper,114,6,4718,144.0,0,0.0,29.89,LSG,10.81
9460,Amit Yadav,21,England,Wicketkeeper,47,3,11479,112.9,0,0.0,40.84,PBKS,11.74
9461,Sandeep Shetty,35,England,Allrounder,390,17,1571,126.1,109,8.49,52.77,KKR,12.23
9462,Nikhil Chopra,41,South Africa,Wicketkeeper,80,3,3637,142.2,0,0.0,47.86,CSK,8.28
9463,Vikas Kulkarni,25,India,Wicketkeeper,54,3,6928,121.2,0,0.0,33.53,RR,10.82
9464,Harshit Iyer,39,England,Wicketkeeper,243,10,9242,106.5,0,0.0,53.74,RR,13.63
9465,Pranav Naidu,21,India,Wicketkeeper,40,2,8141,152.6,0,0.0,46.15,RCB,10.86
9466,Karthik Verma,20,Australia,Bowler,44,2,3801,109.7,689,5.13,54.6,GT,14.58
9467,Amit Khan,39,Australia,Wicketkeeper,125,6,8691,99.0,0,0.0,49.52,DC,8.34
9468,Ankit Yadav,21,India,Bowler,43,2,2893,120.1,592,5.35,49.12,RR,12.16
9469,Aditya Kulkarni,27,South Africa,Wicketkeeper,137,5,7535,100.4,0,0.0,32.4,CSK,9.71
9470,Manoj Sharma,18,West Indies,Bowler,29,1,3755,136.9,733,7.62,46.42,RCB,12.35
9471,Harshit Patel,19,India,Wicketkeeper,28,1,7354,140.5,0,0.0,22.12,MI,11.95
9472,Harshit Yadav,34,England,Bowler,51,2,3089,124.5,600,4.77,32.89,RCB,9.8
9473,Amit Shetty,30,West Indies,Batter,175,10,7663,141.9,9,7.44,20.51,GT,11.03
9474,Pranav Malik,35,Australia,Wicketkeeper,168,10,3615,134.6,0,0.0,20.0,DC,6.38
9475,Sandeep Mehta,23,India,Bowler,72,3,3137,119.5,715,4.24,49.43,RR,15.6
9476,Harshit Deshmukh,20,Sri Lanka,Bowler,20,1,3038,128.3,871,4.55,43.75,MI,15.26
9477,Aditya Patel,37,South Africa,Bowler,275,11,1816,125.7,609,4.87,51.9,GT,17.17
9478,Karthik Singh,22,Sri Lanka,Wicketkeeper,43,2,8576,125.7,0,0.0,25.51,RR,9.53
9479,Vikas Naidu,36,Sri Lanka,Wicketkeeper,285,10,8227,132.7,0,0.0,40.73,GT,14.65
9480,Sameer Patel,28,West Indies,Wicketkeeper,273,10,4645,96.6,0,0.0,23.17,MI,10.43
9481,Arjun Deshmukh,27,India,Batter,245,9,6260,103.2,6,6.55,29.08,LSG,11.24
9482,Rohan Naidu,33,South Africa,Wicketkeeper,278,11,5968,122.2,0,0.0,33.01,RCB,9.99
9483,Vikas Reddy,23,England,Batter,102,4,14993,131.7,7,9.12,50.67,MI,15.75
9484,Karthik Deshmukh,30,India,Batter,80,5,14451,100.4,5,7.84,36.22,RR,12.88
9485,Irfan Deshmukh,39,Sri Lanka,Bowler,427,18,2577,106.6,681,7.12,23.19,CSK,18.53
9486,Sandeep Deshmukh,28,India,Wicketkeeper,212,10,4843,114.8,0,0.0,33.61,SRH,11.56
9487,Aditya Iyer,26,India,Batter,126,6,13819,103.1,2,7.07,28.78,KKR,16.07
9488,Harshit Singh,26,India,Batter,66,3,7181,118.2,10,8.39,42.14,GT,10.33
9489,Rohan Yadav,41,India,Batter,607,22,5428,127.9,11,7.88,28.7,SRH,16.95
9490,Pranav Mehta,19,India,Wicketkeeper,16,1,8212,126.3,0,0.0,20.83,PBKS,10.08
9491,Rohan Deshmukh,20,England,Bowler,24,1,3079,129.4,715,5.64,26.37,MI,12.39
9492,Aditya Chopra,42,Australia,Bowler,626,22,1160,108.2,235,4.97,22.47,KKR,14.35
9493,Irfan Malik,34,Sri Lanka,Allrounder,127,8,4934,153.7,45,6.22,32.39,RCB,10.59
9494,Rohan Mehta,32,South Africa,Batter,157,8,5339,134.2,7,7.61,42.7,LSG,9.39
9495,Karthik Khan,30,India,Batter,183,10,8119,146.5,5,9.32,47.79,CSK,13.39
9496,Rahul Naidu,23,India,Allrounder,54,2,7148,108.8,422,8.33,41.6,LSG,13.69
9497,Amit Sharma,20,India,Wicketkeeper,24,1,7648,148.2,0,0.0,41.84,DC,12.28
9498,Nikhil Sharma,37,India,Batter,387,13,10731,101.0,3,9.42,35.38,MI,16.02
9499,Nikhil Kulkarni,33,Australia,Batter,46,3,5562,117.8,14,9.42,45.88,GT,10.28
9500,Vikas Patel,42,India,Allrounder,33,2,2257,136.7,427,5.11,52.71,DC,11.37
9501,Karthik Chopra,37,India,Batter,328,16,13689,96.3,12,7.34,20.98,RR,18.28
9502,Manoj Yadav,40,West Indies,Allrounder,79,3,4765,138.4,179,8.12,23.73,RR,8.59
9503,Pranav Sharma,39,England,Allrounder,291,13,6209,143.3,238,5.19,48.35,SRH,13.21
9504,Arjun Singh,18,South Africa,Bowler,30,1,3359,113.1,396,4.46,47.3,KKR,11.45
9505,Arjun Naidu,37,India,Batter,178,6,6304,152.4,13,7.84,36.84,MI,13.77
9506,Vikas Patel,25,India,Allrounder,52,3,2255,125.6,395,7.37,53.0,KKR,11.35
9507,Manoj Deshmukh,22,England,Batter,79,4,10866,108.8,6,7.4,31.43,SRH,11.74
9508,Irfan Mehta,36,India,Allrounder,15,1,3458,124.9,60,7.98,32.4,LSG,7.31
9509,Irfan Naidu,41,India,Bowler,156,7,290,103.0,605,6.07,20.19,PBKS,14.59
9510,Nikhil Naidu,28,Sri Lanka,Bowler,16,1,3196,131.3,518,5.07,44.91,RR,8.05
9511,Nikhil Yadav,26,England,Batter,136,5,10210,150.6,13,8.89,34.42,CSK,11.93
9512,Rohan Sharma,40,India,Batter,515,21,3363,99.5,1,8.59,22.01,RR,14.07
9513,Arjun Reddy,29,England,Bowler,137,5,1150,121.9,119,4.47,27.39,KKR,7.39
9514,Rahul Naidu,35,Australia,Allrounder,407,17,3876,133.9,78,6.0,32.55,SRH,13.64
9515,Ankit Chopra,25,India,Bowler,204,7,2707,119.7,439,6.12,25.91,RCB,11.4
9516,Vikas Naidu,28,India,Wicketkeeper,79,3,3467,99.4,0,0.0,28.27,KKR,10.27
9517,Karthik Mehta,30,West Indies,Wicketkeeper,48,2,3234,98.5,0,0.0,41.65,PBKS,7.97
9518,Sameer Sharma,27,South Africa,Batter,73,4,4763,115.4,0,8.79,33.55,CSK,7.5
9519,Amit Naidu,28,India,Allrounder,215,10,1538,108.4,383,7.86,24.17,RR,11.89
9520,Rahul Malik,26,India,Wicketkeeper,166,7,6455,125.1,0,0.0,42.62,RR,13.7
9521,Harshit Patel,25,India,Bowler,81,5,188,137.8,716,6.28,21.99,CSK,17.02
9522,Nikhil Deshmukh,21,India,Allrounder,18,1,7121,109.3,235,6.5,46.57,GT,12.1
9523,Nikhil Khan,35,Australia,Batter,298,12,13192,111.9,6,9.05,23.33,GT,17.59
9524,Pranav Reddy,37,South Africa,Bowler,260,17,2575,101.2,511,4.96,31.28,SRH,13.27
9525,Nikhil Reddy,38,India,Batter,117,4,6833,153.4,4,7.88,33.98,CSK,10.89
9526,Arjun Kulkarni,42,India,Bowler,105,5,1531,105.0,296,4.84,26.06,RCB,8.43
9527,Pranav Naidu,32,Sri Lanka,Allrounder,178,6,1804,140.7,210,5.67,22.14,RCB,10.64
9528,Amit Kulkarni,37,West Indies,Allrounder,143,5,5139,126.4,117,8.49,39.05,MI,9.4
9529,Ankit Malik,19,Sri Lanka,Wicketkeeper,27,1,10477,116.5,0,0.0,44.16,LSG,10.28
9530,Rahul Yadav,41,West Indies,Wicketkeeper,385,15,6664,123.3,0,0.0,31.52,CSK,14.07
9531,Sandeep Sharma,34,South Africa,Wicketkeeper,195,7,9465,110.9,0,0.0,52.4,CSK,14.15
9532,Manoj Chopra,24,West Indies,Allrounder,42,2,4398,121.2,264,6.02,32.26,PBKS,7.49
9533,Manoj Naidu,27,South Africa,Bowler,151,9,2323,106.2,797,4.33,26.63,CSK,15.81
9534,Amit Sharma,41,West Indies,Allrounder,259,16,8150,119.4,408,7.43,47.37,KKR,15.99
9535,Vikas Khan,27,West Indies,Allrounder,15,1,2223,106.5,221,7.48,39.7,GT,6.89
9536,Sameer Sharma,24,England,Allrounder,21,1,4538,133.0,383,7.6,41.0,CSK,9.02
9537,Pranav Khan,24,Australia,Allrounder,56,3,4206,98.4,208,7.59,45.6,GT,9.72
9538,Sameer Khan,30,Sri Lanka,Allrounder,60,2,5765,129.3,194,5.95,28.48,MI,8.17
9539,Amit Patel,24,India,Wicketkeeper,71,4,8381,145.3,0,0.0,36.82,GT,12.18
9540,Aditya Reddy,33,England,Batter,224,11,13562,142.6,11,8.25,51.34,PBKS,17.54
9541,Harshit Malik,22,India,Wicketkeeper,88,3,9505,138.9,0,0.0,25.21,PBKS,11.63
9542,Ankit Mehta,19,India,Bowler,23,1,3035,132.1,777,7.25,41.33,PBKS,14.77
9543,Nikhil Khan,39,England,Batter,17,1,14581,109.9,9,9.22,28.39,KKR,10.94
9544,Rohan Malik,25,England,Bowler,153,6,2915,140.1,398,5.95,35.65,SRH,12.48
9545,Ankit Mehta,25,India,Bowler,55,3,3853,122.2,239,6.41,41.36,DC,8.58
9546,Sandeep Mehta,35,West Indies,Allrounder,236,13,2344,105.8,65,7.88,44.34,KKR,10.47
9547,Arjun Shetty,31,India,Wicketkeeper,51,3,3203,142.2,0,0.0,35.65,DC,10.21
9548,Ankit Mehta,19,India,Bowler,21,1,751,95.8,830,5.23,47.9,CSK,14.33
9549,Amit Kulkarni,38,Australia,Wicketkeeper,201,12,6751,114.7,0,0.0,32.51,SRH,8.4
9550,Rohan Shetty,34,India,Bowler,98,5,3606,124.9,427,5.28,44.59,KKR,12.5
9551,Sameer Khan,37,Sri Lanka,Allrounder,218,11,6366,118.6,473,7.7,43.21,DC,13.93
9552,Rohan Iyer,25,India,Wicketkeeper,144,5,8380,138.2,0,0.0,30.39,RR,13.57
9553,Pranav Reddy,29,England,Bowler,18,1,1088,148.7,857,4.37,43.7,RCB,14.94
9554,Vikas Shetty,39,England,Allrounder,196,8,8076,98.5,203,7.27,48.63,PBKS,11.1
9555,Karthik Iyer,31,Sri Lanka,Batter,165,10,7051,145.9,13,7.98,54.11,CSK,15.34
9556,Karthik Yadav,40,India,Bowler,470,16,3348,146.4,129,7.64,20.38,RR,10.14
9557,Karthik Khan,21,India,Bowler,44,2,1158,99.5,814,7.37,49.79,LSG,15.25
9558,Arjun Verma,35,West Indies,Batter,76,3,11747,131.6,0,6.98,21.33,SRH,10.92
9559,Arjun Malik,29,Australia,Batter,48,3,12325,101.7,0,8.7,34.37,SRH,11.0
9560,Harshit Singh,19,Sri Lanka,Allrounder,19,1,4154,136.7,483,7.86,20.21,GT,9.24
9561,Vikas Sharma,32,India,Batter,115,4,3510,97.5,7,7.41,43.57,RCB,7.52
9562,Sameer Kulkarni,32,Australia,Bowler,205,13,3511,134.3,880,7.68,27.85,DC,17.66
9563,Vikas Kulkarni,29,India,Bowler,189,11,1710,153.6,364,5.35,27.84,SRH,14.75
9564,Pranav Sharma,39,India,Allrounder,384,15,8822,119.0,408,6.97,46.89,RR,18.58
9565,Rahul Mehta,25,South Africa,Wicketkeeper,41,2,10786,147.0,0,0.0,31.93,GT,11.92
9566,Sandeep Deshmukh,28,Australia,Batter,42,2,8285,127.9,8,8.31,29.75,MI,8.52
9567,Sandeep Shetty,35,India,Bowler,110,4,3284,127.3,480,5.03,25.39,RCB,13.22
9568,Pranav Singh,20,India,Bowler,49,2,3320,99.1,160,7.08,23.31,CSK,9.24
9569,Nikhil Singh,32,Australia,Wicketkeeper,179,8,3019,115.5,0,0.0,24.13,CSK,7.7
9570,Sandeep Singh,18,India,Bowler,29,1,3334,119.0,585,5.81,45.26,CSK,11.78
9571,Karthik Kulkarni,28,West Indies,Batter,159,10,12832,140.2,5,9.34,26.28,SRH,14.15
9572,Manoj Khan,24,Australia,Bowler,110,5,1985,118.5,98,7.55,36.6,CSK,4.99
9573,Manoj Reddy,32,England,Batter,306,12,13104,111.8,12,7.48,51.33,CSK,13.38
9574,Vikas Mehta,28,India,Wicketkeeper,49,3,4064,114.9,0,0.0,40.25,GT,9.65
9575,Sandeep Khan,23,West Indies,Bowler,90,3,2448,142.8,628,4.91,47.1,MI,12.01
9576,Rahul Reddy,32,Australia,Batter,370,13,7173,135.9,8,7.04,44.64,RCB,12.59
9577,Nikhil Reddy,29,India,Wicketkeeper,45,2,2737,128.8,0,0.0,41.02,MI,9.67
9578,Irfan Chopra,25,Sri Lanka,Batter,78,3,8295,99.9,7,8.01,43.46,SRH,8.29
9579,Harshit Malik,21,Sri Lanka,Batter,50,2,7773,121.3,7,7.64,50.1,RCB,9.44
9580,Irfan Mehta,36,South Africa,Batter,165,8,7545,110.1,10,6.08,24.25,MI,11.62
9581,Manoj Iyer,36,England,Batter,168,9,11104,111.5,10,6.12,54.6,CSK,12.02
9582,Karthik Iyer,34,India,Batter,347,13,6113,134.8,6,6.95,24.14,DC,12.03
9583,Sandeep Sharma,38,West Indies,Batter,143,8,5334,154.1,0,8.11,30.21,RR,10.46
9584,Ankit Shetty,28,West Indies,Allrounder,67,4,3192,154.9,168,7.97,40.6,RCB,10.78
9585,Irfan Malik,36,England,Allrounder,446,15,2726,135.4,470,6.08,49.57,LSG,14.52
9586,Manoj Patel,25,India,Wicketkeeper,47,2,5047,105.3,0,0.0,35.84,CSK,9.32
9587,Sandeep Sharma,21,India,Wicketkeeper,19,1,8595,114.2,0,0.0,29.92,DC,10.86
9588,Amit Khan,28,South Africa,Bowler,56,2,706,120.3,703,7.27,31.87,PBKS,9.7
9589,Rohan Kulkarni,27,Sri Lanka,Wicketkeeper,76,3,2771,131.2,0,0.0,27.68,PBKS,8.26
9590,Rohan Singh,33,India,Bowler,17,1,1458,126.2,447,4.87,34.32,RR,12.07
9591,Sameer Verma,28,India,Wicketkeeper,70,3,11833,112.7,0,0.0,21.89,RCB,12.29
9592,Harshit Naidu,21,Australia,Allrounder,52,3,6930,144.0,330,6.82,49.8,DC,13.09
9593,Ankit Verma,41,India,Allrounder,28,1,4139,131.0,194,5.82,49.96,PBKS,11.52
9594,Nikhil Iyer,41,India,Bowler,407,16,2518,150.9,593,5.55,51.6,SRH,18.14
9595,Manoj Patel,34,West Indies,Wicketkeeper,308,13,3441,107.5,0,0.0,29.06,MI,9.55
9596,Nikhil Shetty,18,India,Allrounder,15,1,4904,106.8,86,5.63,51.78,GT,8.06
9597,Irfan Sharma,35,India,Bowler,41,2,1514,98.1,522,7.54,40.78,KKR,10.66
9598,Sandeep Patel,32,India,Allrounder,167,8,6574,118.4,449,6.97,42.11,RR,15.44
9599,Rohan Shetty,23,India,Allrounder,73,3,5059,105.2,205,8.32,24.21,DC,9.2
9600,Harshit Singh,27,India,Batter,199,8,11771,116.8,14,6.12,31.82,DC,12.56
9601,Irfan Verma,33,England,Batter,154,6,3344,125.2,15,7.51,46.52,RCB,10.34
9602,Sandeep Patel,41,India,Bowler,199,10,3196,114.8,560,5.49,48.94,RCB,14.91
9603,Amit Sharma,41,Australia,Wicketkeeper,146,7,5557,146.0,0,0.0,28.15,MI,9.36
9604,Sandeep Shetty,25,India,Bowler,54,2,1180,144.5,216,5.2,22.78,PBKS,9.71
9605,Harshit Patel,38,India,Allrounder,52,2,6191,121.9,207,6.14,26.55,LSG,12.34
9606,Vikas Sharma,25,India,Allrounder,140,5,3988,120.5,250,5.63,46.41,LSG,9.04
9607,Vikas Deshmukh,31,India,Batter,23,1,12787,153.8,1,8.94,22.59,DC,14.47
9608,Sameer Yadav,38,India,Bowler,177,7,799,140.4,470,4.82,38.92,MI,11.68
9609,Aditya Naidu,41,India,Allrounder,51,2,5191,107.3,143,6.15,29.82,RCB,9.84
9610,Irfan Kulkarni,20,Sri Lanka,Allrounder,28,1,7100,105.6,129,6.5,53.75,RR,9.11
9611,Ankit Chopra,25,South Africa,Wicketkeeper,104,5,2928,101.5,0,0.0,54.5,RCB,8.69
9612,Irfan Patel,21,India,Wicketkeeper,57,3,3063,145.5,0,0.0,34.81,GT,8.54
9613,Harshit Mehta,39,India,Wicketkeeper,155,7,5959,139.4,0,0.0,43.5,SRH,9.85
9614,Aditya Singh,39,Sri Lanka,Batter,241,10,9102,115.3,2,6.75,37.96,SRH,11.92
9615,Sameer Iyer,28,India,Bowler,194,7,3314,127.6,640,6.42,36.55,RCB,16.03
9616,Nikhil Patel,20,India,Batter,29,1,10697,124.9,0,7.55,35.2,PBKS,13.22
9617,Karthik Kulkarni,20,Sri Lanka,Wicketkeeper,25,1,9125,127.5,0,0.0,51.08,MI,9.07
9618,Pranav Chopra,33,South Africa,Allrounder,246,9,2506,138.4,119,7.21,40.91,LSG,11.97
9619,Aditya Deshmukh,20,Australia,Wicketkeeper,39,2,4275,133.6,0,0.0,40.24,SRH,7.08
9620,Karthik Verma,29,Sri Lanka,Allrounder,147,7,8636,155.0,347,5.09,21.18,KKR,14.47
9621,Arjun Patel,34,India,Allrounder,158,6,7958,101.3,99,6.38,23.39,KKR,10.87
9622,Sandeep Mehta,34,England,Batter,23,1,13936,120.6,8,8.78,48.04,DC,13.24
9623,Ankit Iyer,28,Australia,Bowler,124,8,3286,110.4,537,5.04,28.79,RR,13.92
9624,Irfan Kulkarni,21,India,Allrounder,57,3,2381,143.9,61,7.16,35.83,PBKS,7.46
9625,Sandeep Naidu,26,India,Allrounder,198,7,3648,153.4,222,6.33,24.09,SRH,12.05
9626,Rohan Shetty,31,India,Allrounder,97,5,6210,119.5,68,6.7,23.43,KKR,10.65
9627,Manoj Singh,25,India,Bowler,150,5,1045,96.7,541,5.02,50.69,MI,16.79
9628,Manoj Shetty,23,India,Bowler,132,5,133,143.9,750,6.31,38.25,KKR,14.54
9629,Rahul Yadav,19,India,Batter,20,1,5384,137.1,4,8.1,51.78,PBKS,12.41
9630,Rahul Singh,32,Australia,Wicketkeeper,218,12,8187,100.5,0,0.0,31.58,GT,14.02
9631,Sameer Khan,40,Sri Lanka,Batter,89,3,7849,152.5,5,8.48,54.33,GT,11.4
9632,Arjun Singh,23,India,Batter,32,2,14444,106.6,6,8.23,24.17,GT,12.91
9633,Ankit Naidu,23,India,Wicketkeeper,112,5,2971,151.8,0,0.0,35.19,CSK,9.42
9634,Aditya Malik,37,India,Batter,293,15,11762,151.0,11,6.68,23.66,GT,17.34
9635,Sandeep Kulkarni,27,Australia,Wicketkeeper,93,4,4238,138.8,0,0.0,41.88,LSG,7.61
9636,Rahul Naidu,35,England,Bowler,259,15,2426,115.3,570,4.33,25.25,GT,15.2
9637,Irfan Khan,31,Australia,Bowler,124,5,2252,123.6,404,6.3,20.15,GT,11.8
9638,Manoj Patel,21,England,Bowler,88,3,2211,116.0,488,7.71,29.04,LSG,8.75
9639,Aditya Deshmukh,37,India,Wicketkeeper,81,5,3369,108.3,0,0.0,25.56,SRH,7.62
9640,Manoj Patel,25,India,Batter,140,5,4343,112.7,3,9.5,34.19,CSK,7.41
9641,Amit Verma,21,Australia,Wicketkeeper,30,1,11415,147.3,0,0.0,42.47,CSK,12.6
9642,Karthik Verma,38,India,Bowler,335,16,555,148.9,200,5.4,46.24,GT,12.93
9643,Aditya Sharma,41,India,Wicketkeeper,585,22,6464,108.7,0,0.0,42.53,RCB,17.28
9644,Pranav Patel,36,India,Batter,271,16,9929,124.8,4,9.23,45.68,RR,15.94
9645,Sameer Sharma,36,Sri Lanka,Batter,193,11,12532,136.4,12,9.4,23.59,LSG,13.99
9646,Karthik Malik,39,India,Wicketkeeper,415,16,9093,109.7,0,0.0,40.83,SRH,16.88
9647,Rohan Chopra,30,West Indies,Wicketkeeper,24,1,7612,111.5,0,0.0,53.51,DC,9.51
9648,Ankit Sharma,26,West Indies,Allrounder,77,3,4809,122.4,189,6.42,44.56,SRH,10.18
9649,Arjun Deshmukh,29,England,Wicketkeeper,66,4,5320,126.5,0,0.0,33.38,SRH,9.04
9650,Karthik Khan,31,South Africa,Bowler,146,6,3853,130.8,323,4.29,50.37,RR,12.14
9651,Sandeep Singh,21,India,Allrounder,52,2,5318,117.9,464,7.4,24.47,SRH,12.5
9652,Rahul Patel,35,South Africa,Bowler,173,7,3901,151.5,191,7.1,33.59,RCB,8.19
9653,Amit Malik,35,India,Allrounder,286,14,4169,119.6,309,7.55,37.58,RR,16.15
9654,Aditya Deshmukh,39,Sri Lanka,Wicketkeeper,289,11,3538,145.2,0,0.0,22.92,PBKS,11.0
9655,Pranav Reddy,18,West Indies,Allrounder,20,1,5057,107.9,397,6.86,31.89,GT,10.8
9656,Irfan Verma,25,India,Bowler,68,3,2524,96.6,269,6.45,40.78,RCB,9.65
9657,Sameer Sharma,34,India,Batter,329,16,4344,135.2,6,6.99,24.96,DC,10.83
9658,Sameer Malik,30,England,Wicketkeeper,79,3,9102,139.1,0,0.0,42.6,RCB,13.21
9659,Rahul Patel,21,India,Bowler,90,3,2247,149.7,359,7.69,29.92,SRH,9.74
9660,Rohan Iyer,41,India,Wicketkeeper,432,17,7605,96.6,0,0.0,42.94,RR,15.21
9661,Rahul Shetty,32,India,Bowler,45,2,1532,96.6,545,6.29,24.29,RR,12.03
9662,Sameer Deshmukh,38,India,Bowler,108,7,1720,149.7,177,6.22,51.73,RCB,8.31
9663,Manoj Chopra,21,England,Bowler,54,3,2513,118.1,791,4.58,21.51,PBKS,14.6
9664,Harshit Shetty,39,India,Allrounder,283,16,8585,140.2,407,6.64,47.65,GT,16.95
9665,Sandeep Yadav,24,West Indies,Allrounder,50,2,3579,100.8,388,6.75,33.35,DC,10.86
9666,Vikas Shetty,29,India,Wicketkeeper,282,10,7546,150.9,0,0.0,28.04,GT,14.77
9667,Rohan Mehta,30,South Africa,Wicketkeeper,18,1,7690,114.2,0,0.0,46.14,MI,8.84
9668,Rahul Yadav,28,South Africa,Wicketkeeper,179,6,3341,139.0,0,0.0,51.93,PBKS,9.32
9669,Pranav Singh,39,India,Wicketkeeper,224,10,5525,118.3,0,0.0,38.01,MI,12.23
9670,Arjun Verma,26,England,Allrounder,78,3,6352,150.7,337,6.64,46.93,RR,12.34
9671,Harshit Shetty,24,Sri Lanka,Bowler,32,2,1834,103.0,523,7.16,47.71,DC,10.17
9672,Arjun Malik,35,Australia,Bowler,185,12,2143,96.4,832,5.65,22.1,SRH,15.28
9673,Sandeep Naidu,26,Sri Lanka,Wicketkeeper,139,8,10874,135.7,0,0.0,33.02,PBKS,11.33
9674,Karthik Deshmukh,18,Australia,Wicketkeeper,15,1,2899,147.1,0,0.0,45.7,MI,8.11
9675,Sameer Verma,39,West Indies,Wicketkeeper,277,10,11377,96.3,0,0.0,44.04,CSK,15.46
9676,Manoj Patel,21,West Indies,Bowler,40,2,1843,120.4,845,4.73,41.87,GT,13.52
9677,Sameer Singh,28,India,Allrounder,69,3,3895,122.4,500,8.05,48.3,RCB,14.68
9678,Rahul Deshmukh,23,India,Batter,20,1,14250,119.9,10,8.74,37.53,GT,14.43
9679,Rahul Deshmukh,26,India,Bowler,104,6,3941,96.9,790,6.66,51.18,MI,16.05
9680,Harshit Reddy,29,India,Allrounder,213,10,6104,110.0,94,7.69,54.34,KKR,12.38
9681,Nikhil Kulkarni,42,Australia,Wicketkeeper,435,24,9673,105.8,0,0.0,51.99,GT,14.88
9682,Rahul Naidu,31,India,Batter,246,10,13185,140.8,1,7.14,35.97,LSG,18.93
9683,Sameer Yadav,40,India,Bowler,196,11,2455,104.3,728,6.8,29.43,LSG,14.98
9684,Nikhil Shetty,25,West Indies,Bowler,111,4,3229,146.9,787,4.38,30.37,PBKS,14.68
9685,Sameer Patel,31,India,Allrounder,284,12,3554,144.2,260,7.43,51.55,SRH,15.97
9686,Aditya Deshmukh,23,India,Wicketkeeper,119,5,7612,101.4,0,0.0,51.26,PBKS,9.47
9687,Rahul Mehta,40,India,Bowler,266,11,1942,139.2,207,4.75,45.51,CSK,9.84
9688,Amit Verma,23,South Africa,Allrounder,48,3,5655,108.2,376,5.03,37.22,LSG,10.82
9689,Karthik Yadav,25,Australia,Batter,158,7,3784,150.1,0,7.47,32.59,DC,10.0
9690,Aditya Verma,41,Sri Lanka,Wicketkeeper,441,16,9660,151.2,0,0.0,36.08,CSK,17.19
9691,Rohan Verma,34,India,Wicketkeeper,260,12,8067,152.9,0,0.0,45.81,PBKS,15.41
9692,Rohan Chopra,36,South Africa,Bowler,192,8,1307,101.3,395,7.15,40.51,GT,13.18
9693,Amit Iyer,31,India,Batter,248,9,9912,112.9,8,6.5,41.82,RCB,14.62
9694,Rahul Deshmukh,30,England,Bowler,178,6,3641,97.4,711,6.76,38.58,LSG,14.01
9695,Sandeep Kulkarni,28,Australia,Wicketkeeper,182,10,6041,128.9,0,0.0,22.76,LSG,9.77
9696,Sameer Malik,25,West Indies,Batter,89,3,6941,137.8,9,7.75,21.86,RCB,9.49
9697,Amit Yadav,25,England,Wicketkeeper,113,6,8929,140.6,0,0.0,40.17,LSG,12.87
9698,Karthik Singh,37,India,Allrounder,307,14,6766,108.1,351,7.92,49.16,KKR,17.06
9699,Manoj Chopra,21,India,Allrounder,22,1,2544,119.2,287,5.33,26.98,PBKS,7.94
9700,Manoj Yadav,30,West Indies,Batter,140,7,11576,137.3,3,9.07,20.89,PBKS,12.73
9701,Harshit Shetty,21,England,Bowler,33,2,714,112.5,899,4.04,25.01,RCB,15.93
9702,Arjun Patel,28,India,Allrounder,142,8,4020,134.8,261,7.21,52.97,DC,13.82
9703,Irfan Yadav,38,West Indies,Wicketkeeper,33,2,11091,152.1,0,0.0,43.06,PBKS,12.16
9704,Rohan Iyer,18,South Africa,Allrounder,15,1,6500,116.5,361,5.02,37.96,CSK,11.04
9705,Amit Sharma,37,West Indies,Wicketkeeper,193,8,6727,125.0,0,0.0,41.12,LSG,10.14
9706,Harshit Sharma,36,India,Allrounder,167,7,5212,148.1,132,8.36,23.81,RR,13.24
9707,Amit Naidu,24,India,Bowler,89,5,981,145.0,387,5.01,48.85,DC,12.85
9708,Karthik Mehta,35,West Indies,Allrounder,238,14,1598,138.8,164,5.96,43.52,RR,9.98
9709,Sandeep Verma,23,India,Bowler,30,1,910,107.1,775,5.8,51.1,CSK,13.29
9710,Ankit Mehta,23,Australia,Batter,101,5,4056,105.1,4,8.37,44.67,DC,6.39
9711,Rohan Sharma,26,Australia,Wicketkeeper,105,7,7427,139.5,0,0.0,51.04,CSK,12.69
9712,Irfan Verma,25,India,Batter,97,4,9134,154.3,14,6.78,25.37,MI,11.6
9713,Sameer Sharma,40,India,Wicketkeeper,153,8,3155,131.0,0,0.0,43.0,RR,9.9
9714,Amit Sharma,29,Sri Lanka,Bowler,35,2,954,123.5,658,5.59,51.18,DC,12.94
9715,Karthik Mehta,29,West Indies,Bowler,70,4,928,124.8,305,6.45,24.49,MI,8.04
9716,Rahul Reddy,21,South Africa,Wicketkeeper,60,2,11519,95.4,0,0.0,24.37,RCB,10.26
9717,Rohan Chopra,20,Australia,Allrounder,39,2,8194,140.8,106,8.35,53.85,MI,8.42
9718,Ankit Malik,38,India,Bowler,160,8,1660,135.8,130,4.14,21.55,RCB,10.24
9719,Rohan Khan,22,Australia,Bowler,59,2,1623,117.9,619,6.97,23.35,LSG,10.26
9720,Karthik Patel,33,England,Bowler,240,10,3017,111.8,153,6.16,43.09,GT,8.48
9721,Vikas Deshmukh,25,Sri Lanka,Batter,116,4,12821,137.3,14,8.3,54.74,DC,15.14
9722,Arjun Kulkarni,35,India,Wicketkeeper,29,1,10888,118.2,0,0.0,36.29,SRH,12.06
9723,Nikhil Shetty,31,South Africa,Bowler,196,8,901,129.7,664,7.06,21.3,KKR,13.78
9724,Sandeep Sharma,27,India,Wicketkeeper,116,6,7684,145.6,0,0.0,21.8,RCB,11.47
9725,Rohan Chopra,23,India,Batter,23,1,9838,101.1,2,6.6,22.73,MI,9.72
9726,Vikas Patel,25,West Indies,Bowler,130,5,814,98.3,781,4.1,35.49,KKR,15.52
9727,Vikas Shetty,39,India,Bowler,221,10,2487,102.6,281,4.96,43.05,DC,10.1
9728,Amit Khan,33,India,Batter,298,12,9519,96.1,5,6.79,34.64,SRH,13.79
9729,Irfan Sharma,35,India,Batter,183,11,9746,114.1,8,7.09,35.58,KKR,14.32
9730,Vikas Mehta,19,South Africa,Batter,19,1,4890,132.0,3,8.34,52.8,LSG,6.55
9731,Nikhil Sharma,34,India,Wicketkeeper,17,1,4266,126.1,0,0.0,36.54,SRH,9.98
9732,Rahul Mehta,27,India,Bowler,178,9,0,140.3,464,4.81,24.93,PBKS,15.47
9733,Rahul Chopra,22,India,Allrounder,49,3,6974,120.3,253,6.72,43.04,DC,10.24
9734,Pranav Patel,42,India,Allrounder,364,14,6517,151.8,228,8.21,25.87,DC,16.8
9735,Manoj Chopra,33,India,Allrounder,345,12,3373,143.7,169,5.92,38.14,MI,14.42
9736,Vikas Malik,25,India,Allrounder,18,1,3623,137.6,339,6.59,41.07,RCB,11.67
9737,Sameer Deshmukh,25,India,Bowler,95,5,851,130.0,455,7.69,36.31,GT,10.47
9738,Vikas Verma,40,India,Wicketkeeper,519,20,5225,127.6,0,0.0,48.3,LSG,17.74
9739,Rahul Khan,41,India,Wicketkeeper,159,9,9391,131.8,0,0.0,42.65,PBKS,14.29
9740,Pranav Khan,28,India,Wicketkeeper,45,3,11415,153.3,0,0.0,41.64,LSG,13.56
9741,Pranav Verma,33,India,Bowler,281,12,1174,136.5,617,5.45,43.08,CSK,15.43
9742,Sameer Deshmukh,42,England,Batter,56,2,13841,123.0,9,6.05,46.0,RCB,11.32
9743,Sameer Malik,18,Sri Lanka,Allrounder,28,1,4496,141.8,73,6.75,35.78,RR,7.97
9744,Aditya Naidu,33,India,Wicketkeeper,55,3,11971,154.0,0,0.0,30.25,DC,14.84
9745,Pranav Reddy,21,England,Bowler,28,1,1198,120.8,344,4.35,38.96,DC,9.39
9746,Amit Sharma,21,England,Bowler,49,2,4,109.5,303,5.33,43.52,MI,7.67
9747,Amit Yadav,35,India,Allrounder,107,6,7015,132.9,299,6.32,47.27,CSK,12.12
9748,Vikas Reddy,25,Australia,Allrounder,152,7,4643,117.5,257,7.66,39.88,SRH,9.95
9749,Manoj Reddy,24,England,Batter,16,1,7700,147.2,8,7.57,50.76,PBKS,11.97
9750,Irfan Verma,18,South Africa,Wicketkeeper,26,1,3591,115.6,0,0.0,23.21,SRH,5.12
9751,Karthik Kulkarni,28,India,Batter,208,8,6798,117.0,1,6.59,39.75,PBKS,12.91
9752,Harshit Verma,18,India,Bowler,23,1,3301,114.9,383,6.5,43.36,PBKS,8.07
9753,Karthik Verma,28,West Indies,Batter,108,6,11926,134.1,0,9.28,25.55,RCB,13.41
9754,Nikhil Kulkarni,24,Australia,Wicketkeeper,93,6,3357,129.8,0,0.0,38.97,SRH,7.88
9755,Sameer Singh,18,West Indies,Batter,30,1,10767,116.0,1,9.05,34.8,RR,11.34
9756,Irfan Verma,25,South Africa,Wicketkeeper,128,6,7439,130.9,0,0.0,38.35,PBKS,11.98
9757,Irfan Reddy,22,South Africa,Batter,56,2,14196,97.4,5,8.52,39.72,PBKS,11.7
9758,Nikhil Naidu,40,Sri Lanka,Wicketkeeper,374,17,7307,102.3,0,0.0,31.03,PBKS,12.71
9759,Sameer Yadav,34,Sri Lanka,Wicketkeeper,197,11,4606,134.7,0,0.0,25.51,DC,9.53
9760,Ankit Iyer,39,India,Batter,151,7,14275,137.2,14,7.08,42.78,RR,15.12
9761,Ankit Naidu,36,West Indies,Batter,180,10,3388,129.6,1,6.32,25.15,DC,7.53
9762,Rohan Naidu,20,India,Allrounder,35,2,3639,122.6,230,5.88,23.83,DC,9.96
9763,Pranav Mehta,33,Australia,Wicketkeeper,92,4,3121,154.6,0,0.0,25.79,GT,8.68
9764,Harshit Sharma,40,India,Bowler,57,2,3996,144.8,610,6.97,54.81,KKR,12.69
9765,Karthik Chopra,33,South Africa,Batter,392,14,4111,147.4,15,7.5,53.51,PBKS,13.49
9766,Pranav Khan,34,England,Bowler,205,8,237,123.8,692,4.66,22.1,RCB,16.22
9767,Aditya Malik,40,Sri Lanka,Allrounder,74,4,2800,129.9,131,7.17,27.14,DC,7.66
9768,Aditya Iyer,22,India,Bowler,32,2,1857,97.2,447,7.03,48.22,RR,10.95
9769,Nikhil Deshmukh,27,West Indies,Wicketkeeper,58,3,5237,96.6,0,0.0,42.99,GT,5.77
9770,Rohan Iyer,19,Australia,Bowler,21,1,2679,110.1,715,4.3,45.27,KKR,8.3
9771,Rahul Deshmukh,38,Australia,Wicketkeeper,54,2,7936,111.8,0,0.0,37.89,GT,9.31
9772,Sandeep Naidu,30,England,Wicketkeeper,302,12,5725,149.9,0,0.0,21.74,GT,10.87
9773,Pranav Deshmukh,18,Australia,Bowler,24,1,1966,98.9,794,7.08,24.44,PBKS,12.0
9774,Manoj Naidu,32,India,Allrounder,50,2,6325,154.6,411,5.42,26.31,KKR,13.0
9775,Rahul Yadav,41,India,Bowler,33,2,2138,154.5,297,7.41,33.43,LSG,9.87
9776,Amit Khan,23,India,Allrounder,87,4,6335,141.7,187,7.21,33.74,KKR,12.16
9777,Vikas Verma,38,West Indies,Allrounder,375,16,2403,121.0,429,5.57,47.02,MI,15.22
9778,Pranav Reddy,42,India,Wicketkeeper,275,12,3496,141.8,0,0.0,28.07,DC,12.79
9779,Rohan Khan,22,West Indies,Wicketkeeper,19,1,3908,105.5,0,0.0,52.22,DC,7.43
9780,Ankit Patel,36,South Africa,Batter,212,10,11382,139.1,13,6.15,21.62,LSG,13.35
9781,Rohan Khan,20,India,Allrounder,16,1,3095,149.3,113,7.93,30.41,CSK,9.88
9782,Ankit Singh,29,England,Allrounder,72,4,6394,123.8,269,5.26,30.45,PBKS,9.7
9783,Irfan Reddy,23,India,Allrounder,28,1,7304,134.9,425,6.46,27.34,CSK,13.05
9784,Nikhil Iyer,27,England,Batter,81,3,11057,142.0,7,7.25,42.53,RCB,11.21
9785,Harshit Sharma,37,India,Wicketkeeper,220,14,8875,114.6,0,0.0,43.25,LSG,14.62
9786,Aditya Shetty,40,India,Batter,15,1,6669,130.5,4,8.68,28.38,MI,9.27
9787,Vikas Singh,23,India,Bowler,36,2,2818,143.2,585,4.0,48.79,SRH,15.76
9788,Vikas Malik,41,England,Allrounder,237,9,1808,99.6,444,7.44,40.48,RR,9.36
9789,Aditya Verma,22,India,Wicketkeeper,65,4,8979,144.3,0,0.0,33.64,MI,11.78
9790,Rohan Singh,25,South Africa,Bowler,98,5,686,130.3,312,4.75,48.92,PBKS,10.52
9791,Rohan Deshmukh,37,Australia,Bowler,295,16,2343,130.8,517,4.19,42.51,GT,15.71
9792,Nikhil Khan,41,South Africa,Batter,372,23,10514,134.0,6,8.11,42.1,PBKS,17.17
9793,Ankit Patel,36,India,Batter,74,3,4142,109.1,1,6.46,41.66,DC,7.36
9794,Harshit Malik,34,India,Wicketkeeper,89,3,8093,96.1,0,0.0,42.22,DC,10.09
9795,Aditya Kulkarni,36,England,Allrounder,372,18,6623,109.4,476,7.33,40.93,MI,17.71
9796,Arjun Yadav,22,India,Bowler,23,1,617,110.6,746,6.03,36.2,DC,13.81
9797,Aditya Patel,26,India,Batter,177,6,11723,120.6,0,9.18,42.04,DC,15.6
9798,Irfan Chopra,19,India,Allrounder,25,1,5160,99.7,376,5.12,22.85,RR,10.55
9799,Sameer Malik,32,Australia,Bowler,298,13,2903,116.0,716,6.96,27.97,RCB,14.71
9800,Nikhil Malik,38,West Indies,Allrounder,345,13,5050,105.2,142,7.62,28.63,RCB,12.82
9801,Arjun Sharma,42,India,Wicketkeeper,470,17,8679,120.9,0,0.0,31.6,MI,17.14
9802,Amit Singh,36,Sri Lanka,Batter,156,7,7581,115.3,5,8.05,33.75,SRH,13.01
9803,Rohan Iyer,41,India,Allrounder,288,10,2240,148.1,499,8.02,48.97,GT,13.85
9804,Ankit Singh,34,India,Bowler,153,7,1619,129.2,889,7.29,42.62,MI,18.21
9805,Karthik Kulkarni,41,India,Batter,524,20,5575,142.1,14,7.95,39.29,GT,15.17
9806,Manoj Mehta,23,West Indies,Bowler,27,1,1753,143.6,99,4.42,46.62,CSK,6.18
9807,Vikas Patel,23,England,Wicketkeeper,57,2,3286,144.2,0,0.0,26.67,RR,8.62
9808,Rohan Malik,21,Australia,Bowler,87,3,40,112.7,847,5.03,37.78,CSK,12.49
9809,Sameer Patel,39,South Africa,Allrounder,105,7,6946,118.1,384,5.47,26.38,LSG,11.58
9810,Vikas Khan,37,Sri Lanka,Batter,362,16,13214,137.4,6,6.93,49.92,LSG,17.78
9811,Amit Verma,34,India,Allrounder,264,13,8251,129.0,117,5.08,21.26,LSG,13.77
9812,Aditya Verma,19,West Indies,Wicketkeeper,28,1,5589,100.1,0,0.0,44.68,LSG,7.73
9813,Vikas Sharma,29,India,Allrounder,183,10,4675,143.8,349,7.57,36.6,MI,15.54
9814,Vikas Kulkarni,27,Australia,Allrounder,56,2,3123,105.0,102,8.01,28.74,DC,6.77
9815,Pranav Kulkarni,34,India,Batter,398,16,12004,142.9,5,6.47,28.0,DC,19.06
9816,Irfan Iyer,22,India,Wicketkeeper,20,1,5462,104.3,0,0.0,41.81,DC,8.86
9817,Pranav Sharma,26,Australia,Allrounder,21,1,5848,97.7,164,5.27,23.74,LSG,8.32
9818,Sandeep Khan,26,India,Wicketkeeper,40,2,4676,95.0,0,0.0,44.39,KKR,7.33
9819,Rohan Khan,34,India,Allrounder,385,16,2420,107.6,140,6.97,28.16,CSK,14.71
9820,Karthik Reddy,24,India,Bowler,48,2,3920,125.1,264,7.08,44.45,CSK,8.85
9821,Sameer Reddy,21,West Indies,Batter,47,3,9364,109.3,8,7.58,53.96,DC,11.08
9822,Harshit Singh,24,India,Allrounder,168,6,6266,102.9,299,6.98,34.21,MI,11.75
9823,Irfan Patel,31,India,Bowler,146,7,2082,107.8,330,5.25,52.67,GT,11.08
9824,Nikhil Sharma,18,South Africa,Wicketkeeper,21,1,7677,147.9,0,0.0,26.97,SRH,8.98
9825,Vikas Deshmukh,18,West Indies,Wicketkeeper,25,1,6365,116.1,0,0.0,46.68,MI,6.42
9826,Vikas Yadav,32,Australia,Allrounder,201,8,1864,130.5,331,5.73,44.49,DC,9.86
9827,Sameer Iyer,28,India,Bowler,72,4,3487,137.4,816,6.49,44.73,SRH,15.45
9828,Nikhil Shetty,28,Australia,Wicketkeeper,24,1,6485,152.9,0,0.0,32.13,GT,10.21
9829,Sandeep Singh,24,Sri Lanka,Batter,101,6,13877,96.3,5,9.08,30.09,SRH,11.82
9830,Irfan Shetty,33,South Africa,Batter,199,9,8066,134.1,11,6.17,23.53,RR,10.51
9831,Harshit Chopra,38,West Indies,Wicketkeeper,362,14,5296,145.7,0,0.0,42.63,RR,12.52
9832,Aditya Singh,30,India,Allrounder,302,12,7780,137.9,491,5.1,50.17,MI,18.16
9833,Arjun Deshmukh,19,South Africa,Batter,16,1,9478,96.8,7,8.31,50.03,KKR,8.84
9834,Harshit Deshmukh,41,England,Batter,318,16,8852,117.7,13,8.56,31.5,DC,15.98
9835,Ankit Verma,40,Australia,Batter,210,11,6614,147.0,13,7.68,28.82,MI,12.76
9836,Amit Mehta,20,India,Allrounder,37,2,6726,146.9,374,5.35,20.92,SRH,13.77
9837,Harshit Singh,35,India,Bowler,124,6,2912,113.3,114,7.46,37.79,GT,8.76
9838,Pranav Patel,20,India,Batter,26,1,3569,149.1,9,6.46,46.24,PBKS,8.08
9839,Pranav Chopra,41,South Africa,Bowler,228,10,3905,136.0,404,7.51,26.46,MI,9.24
9840,Amit Kulkarni,34,India,Batter,59,2,8431,124.2,11,7.08,41.25,RR,10.17
9841,Harshit Iyer,21,India,Wicketkeeper,63,3,6968,150.6,0,0.0,33.44,RR,13.04
9842,Ankit Malik,29,India,Wicketkeeper,127,6,10595,137.2,0,0.0,53.64,GT,14.52
9843,Aditya Deshmukh,31,West Indies,Bowler,199,9,1462,146.8,683,4.58,34.72,DC,14.12
9844,Amit Singh,33,India,Bowler,88,3,351,112.6,472,6.78,31.69,CSK,10.59
9845,Manoj Chopra,18,South Africa,Bowler,30,1,1877,153.3,586,4.1,48.47,SRH,11.52
9846,Nikhil Iyer,31,India,Batter,328,12,10634,155.0,12,6.33,41.18,CSK,18.47
9847,Ankit Singh,25,Sri Lanka,Wicketkeeper,99,4,7368,146.2,0,0.0,22.33,DC,10.61
9848,Pranav Kulkarni,41,India,Batter,228,8,9274,135.2,12,7.36,23.73,PBKS,12.55
9849,Manoj Iyer,32,India,Batter,40,2,5931,121.6,4,7.71,27.56,DC,9.92
9850,Sandeep Malik,37,India,Wicketkeeper,188,8,10304,113.0,0,0.0,53.85,PBKS,13.76
9851,Sameer Kulkarni,38,England,Bowler,412,19,2562,107.8,544,5.1,38.77,LSG,16.31
9852,Ankit Patel,38,India,Wicketkeeper,116,5,11021,135.3,0,0.0,45.38,KKR,15.02
9853,Irfan Sharma,41,India,Bowler,247,13,3497,97.2,616,6.87,33.78,LSG,14.54
9854,Pranav Naidu,36,England,Wicketkeeper,211,9,3348,141.4,0,0.0,51.67,GT,10.03
9855,Sameer Singh,32,India,Allrounder,220,10,2194,98.1,92,7.11,33.88,KKR,11.31
9856,Rohan Malik,23,India,Wicketkeeper,50,2,11399,99.5,0,0.0,46.2,RR,11.4
9857,Nikhil Reddy,28,India,Wicketkeeper,15,1,9008,98.8,0,0.0,26.5,LSG,9.6
9858,Rohan Sharma,42,England,Wicketkeeper,139,9,6164,120.0,0,0.0,36.19,DC,10.35
9859,Rahul Khan,33,India,Batter,131,6,8970,122.8,15,7.42,44.96,RR,15.66
9860,Irfan Naidu,41,Sri Lanka,Allrounder,51,2,2016,127.9,107,6.29,30.62,GT,7.64
9861,Arjun Naidu,25,England,Bowler,91,4,1640,131.8,611,5.34,37.17,KKR,13.21
9862,Sandeep Mehta,29,England,Allrounder,132,7,7703,128.6,442,7.53,48.13,RR,14.31
9863,Nikhil Singh,37,Sri Lanka,Batter,326,19,11137,124.5,14,7.55,43.45,SRH,15.06
9864,Arjun Reddy,26,Australia,Wicketkeeper,52,2,7050,108.3,0,0.0,33.51,LSG,8.77
9865,Aditya Khan,34,India,Batter,363,13,13710,96.7,13,8.19,35.29,DC,17.53
9866,Rohan Verma,18,England,Batter,22,1,8625,153.0,3,8.1,50.7,KKR,11.43
9867,Pranav Malik,18,India,Wicketkeeper,29,1,9572,111.8,0,0.0,37.75,LSG,11.02
9868,Harshit Singh,18,India,Allrounder,16,1,6864,109.4,454,5.2,47.12,KKR,13.1
9869,Rohan Patel,40,India,Bowler,347,15,1131,110.5,855,4.47,53.04,DC,20.0
9870,Sandeep Chopra,39,India,Batter,100,5,3969,141.9,9,8.88,50.26,MI,10.42
9871,Rahul Shetty,25,India,Batter,174,7,11052,102.2,11,8.62,38.08,GT,12.41
9872,Rohan Patel,42,South Africa,Wicketkeeper,107,7,2902,121.7,0,0.0,30.89,RCB,6.8
9873,Rohan Singh,23,South Africa,Wicketkeeper,64,4,11054,145.0,0,0.0,36.24,GT,14.08
9874,Harshit Sharma,36,India,Bowler,210,9,2195,111.5,627,4.23,28.0,RR,16.52
9875,Sameer Kulkarni,32,India,Bowler,171,9,1428,133.8,279,7.37,39.61,CSK,10.37
9876,Harshit Singh,42,India,Allrounder,215,14,4069,134.0,136,6.77,46.42,RCB,15.04
9877,Vikas Sharma,35,England,Batter,176,10,8637,151.3,14,7.94,54.19,RCB,12.35
9878,Irfan Khan,42,England,Wicketkeeper,105,4,7377,154.7,0,0.0,43.43,MI,9.64
9879,Vikas Mehta,31,Australia,Bowler,158,8,435,119.3,639,7.54,50.09,CSK,14.99
9880,Karthik Patel,29,India,Batter,293,11,6272,149.2,11,9.18,49.08,MI,15.26
9881,Vikas Singh,20,Sri Lanka,Wicketkeeper,42,2,8522,119.4,0,0.0,25.56,SRH,8.71
9882,Sameer Verma,35,South Africa,Allrounder,180,9,1515,141.0,257,6.17,28.15,LSG,9.14
9883,Harshit Chopra,36,Sri Lanka,Allrounder,147,8,5232,128.9,48,6.67,41.14,RR,10.39
9884,Aditya Mehta,39,South Africa,Batter,105,6,10839,134.7,8,9.28,47.52,LSG,13.45
9885,Rohan Deshmukh,24,Sri Lanka,Wicketkeeper,35,2,5535,129.9,0,0.0,49.18,MI,7.69
9886,Rohan Singh,29,West Indies,Batter,132,6,3365,107.6,3,6.92,52.42,GT,8.29
9887,Nikhil Patel,35,India,Batter,97,6,5795,135.3,12,8.43,36.36,CSK,10.44
9888,Amit Kulkarni,25,India,Batter,162,7,14779,128.3,7,7.32,24.22,MI,16.71
9889,Rohan Sharma,36,India,Bowler,243,9,2772,122.3,80,5.73,38.84,KKR,8.01
9890,Irfan Malik,32,West Indies,Wicketkeeper,283,11,5383,133.1,0,0.0,53.51,MI,14.29
9891,Vikas Verma,37,India,Batter,413,16,9102,148.0,5,8.28,39.47,DC,18.83
9892,Rohan Verma,39,Australia,Bowler,50,2,3396,99.2,292,6.38,24.66,RR,6.59
9893,Sandeep Iyer,37,Sri Lanka,Allrounder,365,16,6362,118.7,412,7.03,47.96,DC,15.56
9894,Rohan Malik,34,India,Batter,155,8,8263,147.9,6,7.9,54.03,RCB,14.45
9895,Vikas Iyer,34,India,Bowler,94,6,280,118.7,687,4.56,43.27,MI,14.34
9896,Sameer Kulkarni,24,India,Wicketkeeper,92,5,9008,113.3,0,0.0,29.35,GT,11.19
9897,Ankit Reddy,32,India,Bowler,83,3,3578,153.8,374,7.09,47.08,MI,10.12
9898,Rohan Naidu,24,South Africa,Batter,68,4,12608,121.6,14,7.83,38.89,DC,14.73
9899,Ankit Singh,35,India,Bowler,143,5,3828,125.2,736,5.76,27.12,KKR,16.95
9900,Rohan Malik,40,South Africa,Allrounder,622,21,1846,140.3,193,8.16,43.83,SRH,16.78
9901,Manoj Yadav,34,Sri Lanka,Allrounder,117,7,8164,112.1,260,8.32,22.84,SRH,11.13
9902,Rahul Malik,35,Sri Lanka,Batter,299,17,3949,154.9,13,8.89,40.25,LSG,11.29
9903,Rohan Sharma,37,England,Allrounder,201,13,1923,141.8,114,5.21,22.58,RR,10.36
9904,Aditya Verma,24,Australia,Wicketkeeper,47,3,10223,127.4,0,0.0,29.71,MI,11.97
9905,Irfan Iyer,32,India,Allrounder,40,2,4018,122.1,165,8.2,51.45,MI,8.29
9906,Karthik Patel,28,India,Bowler,52,2,1068,118.2,685,5.14,53.15,GT,15.33
9907,Harshit Iyer,38,India,Bowler,255,16,2943,129.7,639,4.76,33.6,PBKS,20.0
9908,Arjun Malik,19,West Indies,Wicketkeeper,25,1,3903,141.5,0,0.0,24.53,DC,8.18
9909,Arjun Mehta,39,India,Bowler,536,20,1776,136.9,681,5.66,34.25,RCB,20.0
9910,Sameer Yadav,31,India,Batter,261,13,11044,137.3,13,6.2,37.61,GT,17.23
9911,Manoj Shetty,22,South Africa,Allrounder,67,4,4218,131.8,373,5.04,52.2,MI,12.72
9912,Arjun Reddy,38,England,Batter,30,2,6884,130.4,10,6.39,45.5,CSK,8.27
9913,Arjun Shetty,19,India,Wicketkeeper,18,1,6678,99.2,0,0.0,20.79,RR,9.0
9914,Karthik Sharma,18,Australia,Wicketkeeper,29,1,2836,122.9,0,0.0,47.69,KKR,7.47
9915,Vikas Naidu,19,South Africa,Wicketkeeper,24,1,8646,104.6,0,0.0,49.28,SRH,9.59
9916,Amit Kulkarni,22,Australia,Allrounder,44,2,5066,114.9,125,7.3,38.05,LSG,9.68
9917,Aditya Kulkarni,20,India,Bowler,15,1,307,108.0,482,7.67,37.48,DC,9.0
9918,Amit Naidu,34,India,Wicketkeeper,227,9,10419,132.5,0,0.0,24.83,MI,14.45
9919,Karthik Patel,28,Australia,Batter,57,2,14339,95.8,0,6.15,31.36,SRH,12.5
9920,Arjun Malik,24,England,Bowler,85,3,1657,143.2,532,4.28,54.91,LSG,10.95
9921,Aditya Patel,24,India,Batter,149,6,9294,121.0,12,6.21,20.9,CSK,12.68
9922,Nikhil Patel,18,South Africa,Wicketkeeper,17,1,8133,103.0,0,0.0,31.3,RCB,5.91
9923,Manoj Mehta,26,India,Allrounder,22,1,6332,151.4,490,6.38,33.85,MI,14.77
9924,Amit Sharma,24,India,Batter,64,3,13474,109.7,10,7.74,20.0,KKR,13.19
9925,Rahul Kulkarni,24,Australia,Bowler,91,5,591,99.9,175,7.42,53.75,LSG,5.64
9926,Rahul Singh,31,India,Batter,115,6,9340,131.3,14,6.46,54.98,LSG,13.26
9927,Vikas Malik,39,India,Allrounder,285,17,4696,120.4,494,5.48,47.31,LSG,16.61
9928,Pranav Chopra,25,Australia,Wicketkeeper,141,5,3719,96.9,0,0.0,44.14,RCB,8.91
9929,Nikhil Naidu,33,India,Bowler,212,13,378,109.2,776,4.31,25.6,MI,19.03
9930,Ankit Sharma,28,Australia,Bowler,189,9,1141,105.8,761,7.45,21.42,GT,13.98
9931,Sandeep Patel,23,India,Batter,20,1,12621,115.8,3,8.06,34.2,GT,11.79
9932,Sameer Malik,26,India,Allrounder,172,6,6914,139.9,203,5.42,41.05,LSG,14.77
9933,Sandeep Patel,27,England,Bowler,97,4,2876,105.3,447,5.38,40.77,RCB,9.94
9934,Sandeep Khan,38,Australia,Bowler,205,10,3029,113.7,704,6.96,20.91,SRH,14.35
9935,Karthik Chopra,23,India,Batter,40,2,14859,135.9,0,6.75,54.62,MI,16.51
9936,Aditya Chopra,35,South Africa,Batter,253,9,5632,113.4,7,6.05,22.17,MI,10.17
9937,Nikhil Yadav,42,India,Wicketkeeper,199,7,3216,114.0,0,0.0,34.21,DC,10.58
9938,Rahul Singh,32,Australia,Allrounder,100,4,3239,99.8,225,8.22,47.2,KKR,7.21
9939,Rahul Singh,31,India,Allrounder,233,8,6541,143.7,194,6.38,37.97,SRH,11.99
9940,Rohan Singh,31,South Africa,Wicketkeeper,36,2,10506,97.4,0,0.0,53.12,DC,10.08
9941,Arjun Naidu,35,England,Batter,32,2,6719,130.9,0,6.29,50.72,MI,11.67
9942,Rohan Sharma,18,South Africa,Bowler,18,1,716,128.2,740,4.3,48.85,PBKS,15.61
9943,Harshit Iyer,36,South Africa,Wicketkeeper,104,6,11400,154.2,0,0.0,45.35,KKR,16.0
9944,Karthik Mehta,42,Sri Lanka,Allrounder,86,4,3853,137.0,107,5.97,44.7,LSG,8.61
9945,Amit Naidu,24,India,Allrounder,101,4,6691,146.3,197,7.45,23.06,PBKS,9.66
9946,Sandeep Yadav,32,India,Allrounder,116,6,7170,133.4,395,5.38,53.39,CSK,12.19
9947,Sandeep Yadav,28,India,Batter,16,1,4695,152.6,3,7.63,52.83,RCB,10.0
9948,Nikhil Yadav,40,India,Allrounder,170,6,4405,149.6,391,8.16,51.44,SRH,13.3
9949,Rahul Malik,34,India,Bowler,122,5,311,136.7,185,7.12,20.85,RCB,9.64
9950,Sameer Sharma,19,South Africa,Allrounder,26,1,6424,103.1,443,5.46,20.82,RR,11.19
9951,Manoj Malik,40,Australia,Allrounder,230,8,1979,150.2,52,5.41,43.23,MI,10.53
9952,Pranav Singh,35,West Indies,Allrounder,85,4,1592,142.6,246,6.09,37.09,RCB,8.24
9953,Karthik Deshmukh,35,Australia,Batter,137,5,14848,148.1,0,6.5,31.85,SRH,14.37
9954,Sandeep Iyer,33,Australia,Allrounder,144,5,6247,112.4,266,7.45,37.5,SRH,11.15
9955,Manoj Sharma,30,Sri Lanka,Batter,85,4,12319,104.4,9,8.86,54.2,CSK,13.77
9956,Pranav Chopra,20,India,Allrounder,53,2,8810,127.0,77,5.25,52.06,LSG,12.27
9957,Amit Shetty,29,India,Allrounder,66,3,3932,108.9,96,8.31,25.04,RR,7.45
9958,Arjun Kulkarni,38,India,Wicketkeeper,216,14,7034,138.5,0,0.0,21.47,DC,13.95
9959,Karthik Shetty,27,West Indies,Wicketkeeper,177,6,3535,124.1,0,0.0,47.87,DC,10.25
9960,Irfan Iyer,35,India,Bowler,245,13,1305,106.3,88,6.13,37.05,SRH,8.28
9961,Irfan Patel,35,Sri Lanka,Batter,246,12,11392,132.0,3,9.22,45.25,RCB,14.33
9962,Aditya Shetty,30,West Indies,Wicketkeeper,68,3,5342,115.2,0,0.0,26.6,PBKS,8.75
9963,Pranav Reddy,18,England,Wicketkeeper,21,1,4896,110.3,0,0.0,38.66,CSK,6.58
9964,Harshit Verma,38,England,Wicketkeeper,70,3,5885,111.8,0,0.0,38.97,RR,10.1
9965,Ankit Reddy,38,India,Bowler,335,17,3167,139.1,618,6.69,25.76,PBKS,17.73
9966,Rahul Shetty,32,Sri Lanka,Wicketkeeper,270,11,11300,140.0,0,0.0,43.54,PBKS,15.07
9967,Amit Iyer,20,West Indies,Batter,30,1,14727,98.5,9,6.04,42.62,CSK,12.42
9968,Irfan Reddy,19,India,Bowler,16,1,3016,103.8,763,5.46,21.55,DC,14.25
9969,Arjun Singh,25,West Indies,Batter,20,1,8191,152.5,8,6.56,45.46,LSG,10.11
9970,Arjun Khan,22,England,Batter,34,2,3869,151.5,14,7.85,41.67,RR,7.09
9971,Amit Iyer,33,South Africa,Wicketkeeper,104,5,10283,138.5,0,0.0,29.89,DC,12.84
9972,Irfan Deshmukh,34,India,Batter,88,3,12961,103.6,14,8.06,34.16,RR,14.41
9973,Sandeep Kulkarni,22,England,Bowler,83,4,3450,108.0,873,4.13,22.62,GT,16.76
9974,Nikhil Khan,33,Australia,Wicketkeeper,337,13,6668,118.3,0,0.0,49.51,LSG,15.31
9975,Sandeep Shetty,41,West Indies,Allrounder,28,1,2206,144.9,347,6.32,42.98,RCB,8.48
9976,Sandeep Reddy,34,South Africa,Wicketkeeper,118,5,10333,125.6,0,0.0,28.29,CSK,13.58
9977,Harshit Deshmukh,31,South Africa,Bowler,255,9,601,98.3,615,7.5,44.11,PBKS,12.52
9978,Irfan Deshmukh,23,Sri Lanka,Batter,77,3,14941,121.5,12,8.17,28.41,PBKS,12.34
9979,Sandeep Chopra,34,Sri Lanka,Allrounder,46,2,7086,147.4,345,6.51,49.29,GT,9.68
9980,Sameer Naidu,23,Australia,Wicketkeeper,52,3,8357,151.5,0,0.0,30.77,RCB,10.17
9981,Karthik Patel,27,South Africa,Allrounder,35,2,4811,96.1,331,6.35,53.0,LSG,9.38
9982,Harshit Chopra,30,India,Bowler,166,8,1989,119.2,518,5.25,51.77,PBKS,14.95
9983,Irfan Singh,42,Australia,Allrounder,290,12,8972,129.0,224,6.84,26.17,MI,13.81
9984,Rahul Verma,37,India,Bowler,461,19,937,150.1,242,5.89,39.56,KKR,13.11
9985,Rahul Malik,21,India,Bowler,47,3,1339,96.9,760,4.97,31.77,DC,14.46
9986,Rohan Chopra,34,India,Allrounder,366,13,5622,97.6,327,7.0,41.34,KKR,15.03
9987,Rahul Mehta,19,Sri Lanka,Wicketkeeper,24,1,5341,126.4,0,0.0,47.42,MI,6.03
9988,Nikhil Naidu,29,South Africa,Wicketkeeper,42,2,10270,96.7,0,0.0,47.33,DC,9.35
9989,Irfan Deshmukh,21,Australia,Allrounder,57,2,8182,117.2,384,6.82,53.79,RCB,10.91
9990,Arjun Reddy,19,India,Allrounder,22,1,3741,127.5,280,5.56,31.23,MI,11.96
9991,Amit Verma,26,India,Batter,159,6,8865,128.1,1,7.85,23.13,SRH,12.9
9992,Vikas Sharma,18,West Indies,Batter,24,1,6907,133.1,12,8.31,46.93,LSG,9.84
9993,Arjun Reddy,25,England,Allrounder,197,7,5009,112.8,203,5.32,42.75,MI,9.84
9994,Nikhil Shetty,35,Australia,Wicketkeeper,270,17,6707,103.2,0,0.0,43.72,KKR,13.83
9995,Arjun Deshmukh,35,India,Bowler,246,13,1944,115.1,96,4.22,49.63,SRH,12.39
9996,Amit Yadav,32,India,Wicketkeeper,157,9,7081,141.5,0,0.0,42.57,KKR,11.02
9997,Sameer Reddy,20,South Africa,Bowler,16,1,3186,137.6,477,7.31,38.18,CSK,7.97
9998,Karthik Mehta,34,South Africa,Batter,124,6,13548,136.7,12,9.43,41.05,LSG,15.26
9999,Sameer Naidu,33,India,Allrounder,15,1,4319,149.1,56,6.43,30.35,SRH,10.01
10000,Sameer Sharma,38,India,Batter,46,2,13714,106.8,4,6.03,23.83,CSK,11.96
10001,Sandeep Sharma,31,India,Wicketkeeper,15,1,8780,114.1,0,0.0,48.91,MI,10.95
10002,Aditya Deshmukh,35,India,Batter,389,16,3887,105.1,9,8.28,47.61,PBKS,12.46
10003,Manoj Deshmukh,23,India,Bowler,52,2,1149,125.8,437,5.92,32.67,RR,10.93
10004,Amit Kulkarni,30,India,Allrounder,136,5,6348,114.1,388,8.03,23.29,SRH,14.13
10005,Irfan Mehta,27,India,Allrounder,45,3,2864,137.9,72,6.06,43.02,RCB,8.91
10006,Harshit Iyer,25,Sri Lanka,Allrounder,127,5,8885,101.7,174,5.66,43.13,CSK,12.73
10007,Nikhil Yadav,39,England,Allrounder,173,8,2501,117.0,369,7.37,49.5,RCB,10.08
10008,Amit Patel,34,Sri Lanka,Wicketkeeper,208,7,10371,153.7,0,0.0,27.2,DC,12.68
10009,Pranav Reddy,27,India,Batter,89,5,7691,95.3,10,8.02,44.96,RR,11.97
10010,Pranav Kulkarni,41,Australia,Allrounder,530,19,6791,106.6,80,6.45,46.33,GT,16.29
10011,Manoj Deshmukh,31,Sri Lanka,Bowler,247,11,1538,101.7,646,7.08,21.43,MI,15.3
10012,Sameer Shetty,23,India,Batter,120,4,8996,132.6,10,7.17,47.77,SRH,11.82
10013,Pranav Verma,39,Sri Lanka,Batter,15,1,3197,129.8,9,7.91,48.0,DC,6.05
10014,Karthik Yadav,39,Sri Lanka,Batter,25,1,12599,131.7,2,7.85,38.07,KKR,12.91
10015,Arjun Kulkarni,21,India,Bowler,59,3,490,109.1,860,7.35,29.24,RR,15.09
10016,Ankit Naidu,34,India,Allrounder,158,7,1734,144.2,89,5.45,34.41,CSK,9.64
10017,Irfan Mehta,31,India,Allrounder,41,2,7179,153.9,167,6.22,52.44,SRH,12.96
10018,Vikas Naidu,28,Australia,Allrounder,54,3,1735,103.5,466,8.4,51.19,CSK,8.87
10019,Nikhil Malik,40,England,Allrounder,361,13,6902,95.8,183,6.15,33.7,PBKS,15.22
10020,Aditya Mehta,26,England,Batter,19,1,13724,101.5,4,7.78,38.82,PBKS,13.77
10021,Harshit Verma,21,South Africa,Allrounder,57,3,1594,117.7,298,7.87,32.34,PBKS,8.74
10022,Karthik Iyer,25,India,Wicketkeeper,144,5,10705,115.3,0,0.0,52.31,DC,15.95
10023,Vikas Verma,25,India,Allrounder,31,2,2961,121.7,450,5.17,29.26,PBKS,11.75
10024,Rohan Mehta,30,England,Wicketkeeper,78,4,6727,148.6,0,0.0,23.36,KKR,10.87
10025,Karthik Singh,36,Australia,Batter,332,16,6122,119.4,5,7.44,51.09,DC,15.05
10026,Amit Mehta,22,Sri Lanka,Allrounder,31,2,7846,133.7,297,5.75,24.7,MI,11.02
10027,Sameer Khan,40,Australia,Allrounder,393,19,5810,130.6,113,8.34,41.92,LSG,13.33
10028,Arjun Iyer,31,England,Bowler,194,8,2127,115.5,543,5.65,27.44,LSG,11.01
10029,Karthik Mehta,30,India,Batter,146,9,8832,152.3,3,8.11,32.59,GT,14.21
10030,Rohan Reddy,40,India,Batter,194,8,13239,103.9,7,9.09,52.76,PBKS,16.73
10031,Aditya Kulkarni,24,Australia,Wicketkeeper,135,6,10762,116.0,0,0.0,33.29,KKR,13.23
10032,Manoj Shetty,33,South Africa,Bowler,54,3,2150,138.1,419,5.76,45.19,KKR,10.26
10033,Sameer Kulkarni,41,West Indies,Allrounder,382,23,2366,126.4,460,6.68,21.05,PBKS,14.33
10034,Karthik Singh,38,Sri Lanka,Allrounder,192,9,8834,115.8,312,6.07,39.56,GT,10.95
10035,Ankit Sharma,31,Australia,Batter,215,9,4579,137.6,3,7.95,45.1,LSG,10.44
10036,Karthik Malik,28,West Indies,Allrounder,73,3,7625,141.2,83,5.82,20.69,MI,9.68
10037,Harshit Yadav,18,India,Batter,22,1,8586,101.1,4,8.51,45.54,CSK,9.69
10038,Rahul Naidu,39,West Indies,Allrounder,340,16,3317,121.2,105,6.84,44.17,RCB,12.88
10039,Sameer Shetty,26,India,Wicketkeeper,129,5,3112,97.2,0,0.0,27.82,GT,10.76
10040,Sameer Iyer,40,West Indies,Batter,485,22,14794,145.8,11,8.16,33.34,PBKS,20.0
10041,Harshit Chopra,38,Australia,Bowler,283,12,2576,126.1,183,4.98,41.78,MI,9.97
10042,Irfan Malik,32,India,Bowler,231,14,2275,147.6,663,5.6,38.32,LSG,16.92
10043,Harshit Iyer,21,Sri Lanka,Wicketkeeper,19,1,11369,97.1,0,0.0,27.81,MI,9.7
10044,Manoj Mehta,25,South Africa,Batter,114,4,11828,136.9,8,7.58,27.69,RR,11.91
10045,Nikhil Verma,42,India,Wicketkeeper,157,9,9903,153.6,0,0.0,31.15,PBKS,14.41
10046,Sandeep Sharma,24,India,Bowler,38,2,2897,96.1,646,6.02,50.97,RR,13.83
10047,Sameer Naidu,18,India,Bowler,25,1,3429,106.7,602,7.0,52.66,SRH,12.04
10048,Nikhil Yadav,39,West Indies,Wicketkeeper,305,12,6851,114.0,0,0.0,44.23,RCB,12.95
10049,Sandeep Malik,40,England,Allrounder,122,8,2834,139.5,186,7.87,52.12,CSK,10.24
10050,Amit Chopra,19,Australia,Allrounder,26,1,1965,154.7,140,8.02,26.39,KKR,4.88
10051,Ankit Sharma,32,India,Bowler,361,13,1572,133.2,876,5.16,45.66,PBKS,20.0
10052,Aditya Khan,36,South Africa,Allrounder,98,6,5364,99.4,230,6.87,49.46,RCB,9.16
10053,Rahul Chopra,20,India,Allrounder,58,2,7323,119.3,131,8.36,27.87,GT,8.55
10054,Amit Sharma,39,India,Wicketkeeper,366,17,9533,96.2,0,0.0,28.31,RCB,13.77
10055,Vikas Mehta,42,India,Batter,421,21,5539,149.7,6,8.45,23.27,PBKS,15.74
10056,Irfan Deshmukh,36,Australia,Wicketkeeper,423,17,4054,128.2,0,0.0,44.34,SRH,13.1
10057,Manoj Kulkarni,23,Sri Lanka,Wicketkeeper,56,2,11252,111.6,0,0.0,39.95,CSK,9.15
10058,Karthik Khan,31,Australia,Batter,141,7,13626,145.3,4,8.5,35.84,RR,15.88
10059,Amit Naidu,42,India,Wicketkeeper,22,1,8572,139.9,0,0.0,30.56,LSG,8.99
10060,Aditya Yadav,39,India,Bowler,374,19,2241,106.2,715,4.81,32.56,KKR,19.74
10061,Rahul Patel,36,South Africa,Allrounder,256,17,4344,112.0,177,5.13,42.83,GT,13.03
10062,Sameer Patel,22,South Africa,Batter,59,2,5297,99.4,11,8.27,30.06,RCB,7.66
10063,Arjun Mehta,42,South Africa,Allrounder,327,15,7279,114.1,293,6.99,34.63,SRH,16.13
10064,Ankit Sharma,27,Sri Lanka,Allrounder,145,7,6880,95.6,72,7.49,29.67,DC,7.88
10065,Rohan Iyer,36,Australia,Bowler,263,9,576,102.7,729,4.54,53.57,DC,16.26
10066,Aditya Shetty,28,India,Allrounder,26,1,4009,126.6,446,6.32,45.68,MI,11.97
10067,Aditya Malik,36,India,Wicketkeeper,210,9,9431,97.8,0,0.0,28.44,DC,13.29
10068,Irfan Iyer,29,Australia,Allrounder,101,4,2751,146.7,117,7.91,33.05,DC,9.01
10069,Pranav Yadav,42,South Africa,Batter,256,17,5785,140.4,15,7.31,30.33,RCB,11.47
10070,Irfan Singh,38,South Africa,Batter,291,10,10366,110.5,6,6.41,33.56,LSG,12.86
10071,Amit Patel,24,West Indies,Bowler,83,3,1860,123.7,484,4.2,45.9,GT,10.12
10072,Pranav Khan,20,Sri Lanka,Batter,28,1,6281,99.3,1,7.8,35.41,PBKS,8.1
10073,Manoj Malik,23,India,Wicketkeeper,121,5,11605,137.5,0,0.0,22.03,DC,14.44
10074,Nikhil Khan,20,Sri Lanka,Wicketkeeper,35,2,3818,98.6,0,0.0,32.97,MI,7.08
10075,Pranav Yadav,26,England,Bowler,149,7,494,151.1,765,4.74,40.35,GT,15.45
10076,Harshit Kulkarni,29,India,Batter,58,2,7134,137.3,12,7.01,33.12,PBKS,10.34
10077,Amit Chopra,31,India,Bowler,153,8,2223,109.2,759,4.5,42.5,GT,16.0
10078,Aditya Naidu,18,Sri Lanka,Bowler,23,1,1763,111.4,94,4.2,27.29,RCB,5.79
10079,Rahul Singh,19,South Africa,Batter,22,1,13349,136.0,3,6.7,48.9,RR,11.99
10080,Aditya Khan,41,Australia,Batter,79,3,9066,133.7,10,8.51,52.08,GT,13.44
10081,Irfan Mehta,32,West Indies,Bowler,205,12,3607,105.0,231,4.22,34.5,KKR,9.11
10082,Harshit Verma,26,South Africa,Batter,27,1,12545,120.1,12,7.3,27.23,LSG,11.82
10083,Rahul Malik,26,India,Wicketkeeper,78,5,4368,104.0,0,0.0,37.82,DC,11.12
10084,Sameer Mehta,27,India,Bowler,148,6,2717,118.5,287,7.53,21.52,LSG,10.6
10085,Vikas Kulkarni,41,India,Allrounder,21,1,5631,112.5,477,7.47,28.58,MI,11.29
10086,Sameer Mehta,32,India,Batter,171,6,3045,138.4,13,7.13,48.66,KKR,9.76
10087,Vikas Singh,40,Sri Lanka,Wicketkeeper,67,4,10337,130.3,0,0.0,31.29,DC,9.23
10088,Irfan Patel,33,South Africa,Bowler,156,8,241,102.5,892,5.18,52.67,RR,17.84
10089,Ankit Mehta,20,India,Bowler,60,2,1046,96.6,448,6.42,43.18,DC,12.28
10090,Sandeep Chopra,26,West Indies,Wicketkeeper,227,8,5687,121.8,0,0.0,54.04,CSK,11.25
10091,Nikhil Singh,33,India,Allrounder,70,3,7408,105.3,313,7.87,45.2,RR,10.59
10092,Irfan Naidu,37,India,Bowler,324,18,1252,106.2,646,5.85,44.46,DC,14.77
10093,Sameer Iyer,21,India,Batter,88,3,6914,96.8,12,7.92,42.63,LSG,8.69
10094,Aditya Naidu,26,India,Allrounder,199,7,6656,103.6,440,7.22,32.21,RR,14.17
10095,Irfan Naidu,19,India,Bowler,30,1,3340,103.3,433,6.23,49.85,RCB,12.12
10096,Rohan Naidu,27,West Indies,Allrounder,103,4,1958,101.2,100,5.1,24.06,LSG,8.65
10097,Irfan Kulkarni,28,Sri Lanka,Wicketkeeper,63,3,11239,126.7,0,0.0,41.7,CSK,12.64
10098,Ankit Chopra,30,India,Bowler,296,10,1985,112.3,816,5.53,48.33,GT,18.75
10099,Nikhil Patel,35,South Africa,Wicketkeeper,217,9,11856,99.1,0,0.0,29.81,RR,12.22
10100,Rohan Verma,38,India,Allrounder,59,3,2964,95.8,403,5.14,32.37,DC,12.48
10101,Rohan Kulkarni,24,India,Bowler,23,1,3371,111.1,242,4.74,48.73,GT,9.17
10102,Sameer Kulkarni,33,West Indies,Bowler,147,5,421,141.8,448,4.62,43.63,DC,9.08
10103,Rohan Singh,37,India,Allrounder,318,13,3277,127.8,274,6.14,35.56,GT,13.59
10104,Rohan Patel,40,West Indies,Batter,165,6,6281,149.4,8,6.45,39.94,RR,9.92
10105,Arjun Malik,23,India,Batter,63,3,11602,144.4,1,9.08,22.79,DC,12.73
10106,Manoj Naidu,18,West Indies,Batter,30,1,9532,103.7,4,6.73,49.08,CSK,10.36
10107,Arjun Yadav,26,India,Bowler,15,1,2759,126.7,671,7.28,23.65,KKR,12.57
10108,Vikas Chopra,23,India,Bowler,95,4,3657,143.8,695,4.52,52.52,DC,15.65
10109,Amit Malik,23,South Africa,Wicketkeeper,88,3,10630,107.0,0,0.0,20.39,RCB,11.8
10110,Ankit Naidu,23,England,Bowler,29,1,2011,96.8,317,5.26,48.98,MI,7.13
10111,Ankit Yadav,41,India,Wicketkeeper,98,4,9787,124.5,0,0.0,42.47,RR,14.77
10112,Vikas Reddy,35,West Indies,Batter,266,13,6928,115.7,13,7.44,27.78,MI,10.69
10113,Harshit Mehta,35,India,Bowler,116,6,1686,136.7,677,6.93,32.63,GT,14.39
10114,Rahul Naidu,20,India,Wicketkeeper,30,2,3339,114.3,0,0.0,20.04,GT,6.72
10115,Pranav Singh,40,Australia,Batter,137,7,4335,132.4,10,6.22,38.01,RR,9.01
10116,Irfan Verma,35,India,Wicketkeeper,363,13,11448,121.1,0,0.0,48.96,GT,18.22
10117,Sameer Kulkarni,32,India,Bowler,159,6,3632,118.1,750,5.91,25.64,KKR,16.81
10118,Aditya Deshmukh,25,India,Batter,131,6,14572,129.6,15,8.87,23.24,RCB,14.88
10119,Amit Chopra,25,South Africa,Bowler,117,7,3499,120.5,817,6.47,48.4,KKR,14.0
10120,Sandeep Chopra,30,Australia,Bowler,300,12,954,131.0,169,7.49,45.61,LSG,12.37
10121,Amit Malik,20,West Indies,Bowler,18,1,1664,128.6,177,4.22,46.44,SRH,6.07
10122,Manoj Iyer,20,West Indies,Bowler,26,1,1959,130.6,885,5.89,51.46,GT,15.31
10123,Ankit Chopra,38,South Africa,Batter,45,2,4770,100.9,13,6.69,44.17,PBKS,4.82
10124,Pranav Yadav,29,India,Wicketkeeper,87,3,9159,144.4,0,0.0,49.77,CSK,13.39
10125,Harshit Yadav,31,Sri Lanka,Batter,203,10,12223,145.0,13,8.25,44.52,RCB,15.74
10126,Nikhil Sharma,31,India,Bowler,131,7,1870,140.7,368,4.33,26.28,PBKS,12.95
10127,Aditya Mehta,20,Sri Lanka,Bowler,26,1,2735,118.7,467,4.9,31.01,MI,6.53
10128,Amit Kulkarni,33,India,Allrounder,68,4,7183,105.2,482,6.13,30.29,GT,13.46
10129,Pranav Kulkarni,18,India,Wicketkeeper,18,1,4639,96.2,0,0.0,36.55,KKR,6.11
10130,Rohan Chopra,26,India,Wicketkeeper,23,1,4121,141.1,0,0.0,50.18,GT,10.36
10131,Ankit Reddy,35,India,Bowler,108,7,1941,120.0,775,7.12,45.56,LSG,14.18
10132,Rahul Verma,39,India,Batter,62,3,5289,98.3,14,7.01,43.66,LSG,7.52
10133,Arjun Mehta,23,West Indies,Batter,51,2,3168,143.1,0,8.27,41.56,DC,7.29
10134,Harshit Khan,39,Sri Lanka,Allrounder,113,4,3822,146.2,379,5.55,41.95,MI,10.24
10135,Sandeep Iyer,35,South Africa,Wicketkeeper,469,17,10374,143.5,0,0.0,47.09,CSK,17.4
10136,Vikas Kulkarni,25,Australia,Allrounder,64,4,7798,99.5,230,6.04,26.18,GT,8.68
10137,Nikhil Chopra,23,India,Allrounder,57,2,2606,109.6,474,5.33,36.08,RCB,9.52
10138,Manoj Deshmukh,36,England,Batter,58,2,4728,147.3,11,9.17,45.15,RR,9.98
10139,Karthik Naidu,20,India,Allrounder,51,2,3805,115.5,147,5.08,43.88,RCB,8.46
10140,Pranav Reddy,39,Sri Lanka,Wicketkeeper,369,14,11113,102.7,0,0.0,48.04,SRH,15.13
10141,Sameer Singh,39,India,Wicketkeeper,211,10,8368,149.9,0,0.0,32.39,CSK,15.1
10142,Arjun Shetty,18,India,Wicketkeeper,25,1,4701,137.4,0,0.0,25.19,CSK,7.83
10143,Ankit Sharma,32,South Africa,Wicketkeeper,203,13,6537,136.4,0,0.0,20.75,PBKS,10.51
10144,Sameer Deshmukh,19,England,Allrounder,28,1,6483,137.6,380,5.53,44.91,GT,11.54
10145,Sameer Yadav,24,India,Wicketkeeper,165,6,4511,133.5,0,0.0,36.71,RCB,12.54
10146,Aditya Naidu,37,India,Allrounder,200,9,3290,141.4,485,7.36,53.83,RR,13.36
10147,Rahul Iyer,25,South Africa,Wicketkeeper,103,5,3109,148.3,0,0.0,47.81,KKR,9.21
10148,Sameer Malik,31,Sri Lanka,Bowler,50,2,252,129.4,485,6.64,24.22,LSG,7.51
10149,Irfan Chopra,21,India,Wicketkeeper,80,3,10130,104.9,0,0.0,48.71,CSK,11.88
10150,Sameer Reddy,39,India,Wicketkeeper,62,3,3938,143.2,0,0.0,41.51,PBKS,9.69
10151,Manoj Naidu,19,Australia,Allrounder,19,1,5190,96.6,455,6.54,31.45,RCB,8.54
10152,Sameer Kulkarni,26,West Indies,Batter,63,3,5921,124.1,14,7.47,52.53,LSG,8.98
10153,Vikas Naidu,21,South Africa,Batter,55,2,8004,126.1,13,6.38,32.88,DC,7.74
10154,Rohan Malik,32,South Africa,Batter,250,12,11721,146.7,7,9.47,35.36,KKR,15.87
10155,Ankit Khan,30,India,Wicketkeeper,58,2,10700,155.0,0,0.0,37.99,PBKS,15.21
10156,Amit Malik,34,England,Batter,267,16,11648,128.4,5,6.58,27.92,RCB,13.99
10157,Amit Iyer,35,India,Wicketkeeper,75,4,6794,133.2,0,0.0,52.81,DC,11.08
10158,Amit Iyer,27,India,Batter,32,2,6667,111.4,4,8.75,30.39,RCB,9.92
10159,Pranav Khan,20,India,Batter,34,2,11643,112.2,6,6.24,23.24,PBKS,13.16
10160,Sameer Iyer,32,India,Wicketkeeper,22,1,4933,125.0,0,0.0,44.79,RR,7.66
10161,Pranav Khan,36,India,Bowler,124,7,3318,98.6,288,6.85,31.9,CSK,9.51
10162,Sandeep Patel,23,Australia,Allrounder,76,5,1834,101.3,239,6.01,32.69,RCB,8.74
10163,Rahul Naidu,22,West Indies,Allrounder,42,2,1858,133.1,51,6.05,50.92,SRH,7.47
10164,Rohan Naidu,30,India,Bowler,96,5,2424,139.8,95,5.73,25.11,RR,4.94
10165,Manoj Mehta,41,India,Wicketkeeper,124,6,7665,148.7,0,0.0,25.34,PBKS,12.59
10166,Irfan Kulkarni,19,South Africa,Batter,19,1,10490,101.4,5,6.67,30.84,RCB,11.03
10167,Sandeep Malik,39,India,Wicketkeeper,595,20,11115,128.1,0,0.0,54.58,DC,20.0
10168,Rohan Singh,24,Sri Lanka,Wicketkeeper,124,6,3357,142.6,0,0.0,33.32,KKR,7.7
10169,Arjun Verma,20,India,Wicketkeeper,26,1,9322,129.6,0,0.0,41.82,PBKS,11.04
10170,Pranav Sharma,27,England,Bowler,99,4,3949,139.2,312,7.13,39.93,RR,10.75
10171,Arjun Yadav,21,India,Allrounder,29,1,6486,139.8,65,7.34,24.66,GT,10.53
10172,Harshit Malik,30,England,Allrounder,280,11,3448,136.3,174,5.7,49.76,SRH,13.67
10173,Rohan Patel,39,India,Allrounder,389,18,5071,153.8,235,6.43,27.56,KKR,16.67
10174,Irfan Singh,20,India,Bowler,31,2,3854,117.7,757,5.58,52.56,RCB,13.97
10175,Nikhil Kulkarni,42,India,Batter,428,22,14541,123.2,8,7.0,26.55,LSG,19.75
10176,Sandeep Shetty,37,Australia,Allrounder,241,10,7869,146.4,115,6.82,30.64,CSK,12.37
10177,Ankit Iyer,26,Sri Lanka,Batter,57,3,11492,149.7,0,8.84,22.55,RR,12.91
10178,Aditya Patel,38,India,Wicketkeeper,386,15,11482,140.4,0,0.0,28.94,KKR,19.6
10179,Vikas Kulkarni,42,England,Wicketkeeper,314,16,3185,105.5,0,0.0,41.04,PBKS,11.7
10180,Amit Deshmukh,18,South Africa,Bowler,29,1,2289,118.7,650,6.68,21.37,RCB,9.2
10181,Rahul Iyer,31,India,Allrounder,230,10,5506,138.8,54,8.18,29.51,LSG,12.47
10182,Vikas Kulkarni,40,India,Wicketkeeper,156,6,5505,124.8,0,0.0,20.97,CSK,11.03
10183,Pranav Sharma,19,India,Batter,17,1,4792,126.4,1,7.19,38.1,KKR,9.25
10184,Nikhil Iyer,35,India,Batter,33,2,3060,141.6,6,6.73,30.46,GT,7.36
10185,Arjun Patel,35,India,Wicketkeeper,403,17,4221,129.8,0,0.0,29.5,DC,17.6
10186,Manoj Singh,32,India,Bowler,155,9,3574,107.5,483,5.62,42.16,SRH,12.08
10187,Nikhil Singh,23,England,Bowler,59,3,2089,96.0,573,5.62,20.99,DC,9.89
10188,Ankit Kulkarni,19,India,Batter,20,1,14630,106.0,1,7.65,40.48,SRH,14.0
10189,Sandeep Deshmukh,29,India,Bowler,255,9,256,134.3,793,5.55,53.33,GT,20.0
10190,Ankit Verma,29,South Africa,Wicketkeeper,189,9,5474,126.7,0,0.0,47.56,SRH,10.34
10191,Sameer Khan,26,South Africa,Allrounder,48,3,4056,150.3,288,7.64,27.49,RR,9.42
10192,Arjun Verma,23,India,Allrounder,78,5,8360,149.3,354,7.9,33.75,RCB,14.91
10193,Aditya Verma,18,India,Batter,16,1,4107,152.1,13,7.1,41.97,KKR,9.24
10194,Aditya Sharma,38,Sri Lanka,Wicketkeeper,50,2,3236,117.8,0,0.0,47.71,RR,6.65
10195,Sandeep Verma,26,India,Batter,119,4,8707,105.6,1,7.07,39.04,MI,12.55
10196,Rohan Malik,34,India,Allrounder,22,1,7844,144.5,219,6.98,36.0,RCB,11.91
10197,Ankit Patel,33,India,Batter,105,5,7101,113.7,5,8.85,40.14,GT,12.24
10198,Ankit Patel,39,Sri Lanka,Batter,393,18,12292,118.1,0,6.73,50.01,SRH,19.12
10199,Nikhil Khan,28,India,Wicketkeeper,105,4,8163,108.0,0,0.0,48.36,PBKS,12.55
10200,Sandeep Chopra,39,South Africa,Wicketkeeper,305,11,7451,112.0,0,0.0,21.21,LSG,11.85
10201,Manoj Iyer,38,India,Batter,84,4,4885,139.8,6,6.38,29.17,GT,9.92
10202,Vikas Kulkarni,30,India,Allrounder,81,3,2193,137.0,277,7.29,32.08,SRH,11.23
10203,Aditya Shetty,39,England,Bowler,604,21,938,119.2,235,5.8,53.16,PBKS,14.63
10204,Rohan Deshmukh,36,England,Allrounder,261,12,3695,106.0,438,6.12,32.8,CSK,13.1
10205,Pranav Iyer,38,West Indies,Bowler,241,13,1816,136.8,101,6.54,52.34,MI,9.67
10206,Manoj Chopra,18,India,Bowler,16,1,2286,112.3,877,7.35,35.93,RR,16.45
10207,Irfan Naidu,42,India,Allrounder,275,10,5537,150.0,347,7.62,31.8,RR,12.81
10208,Arjun Reddy,34,Australia,Bowler,250,13,948,149.0,282,5.69,32.55,LSG,11.02
10209,Irfan Shetty,40,England,Allrounder,584,20,5692,149.3,69,6.68,48.08,RCB,15.61
10210,Ankit Iyer,27,England,Bowler,176,7,120,114.5,333,4.93,32.35,DC,10.19
10211,Vikas Mehta,40,India,Allrounder,64,4,7466,154.9,139,8.19,47.09,DC,11.99
10212,Irfan Iyer,20,Australia,Allrounder,25,1,6922,95.6,287,6.7,44.41,MI,10.22
10213,Rohan Yadav,28,India,Wicketkeeper,59,2,9227,118.4,0,0.0,42.15,MI,12.01
10214,Harshit Deshmukh,22,India,Wicketkeeper,24,1,8453,131.4,0,0.0,36.83,KKR,8.83
10215,Pranav Singh,32,India,Wicketkeeper,65,3,10924,151.7,0,0.0,20.81,SRH,12.08
10216,Amit Malik,39,Australia,Wicketkeeper,312,14,4184,137.7,0,0.0,34.34,MI,12.75
10217,Arjun Patel,21,Sri Lanka,Batter,39,2,13925,135.5,10,8.5,20.36,CSK,9.18
10218,Pranav Malik,23,South Africa,Allrounder,52,3,6783,106.3,474,6.0,25.84,GT,12.74
10219,Amit Khan,42,England,Allrounder,527,24,2409,109.4,87,7.55,36.62,GT,14.24
10220,Amit Reddy,19,England,Bowler,24,1,1959,129.8,175,4.94,45.22,MI,7.87
10221,Arjun Naidu,19,India,Wicketkeeper,29,1,4212,114.9,0,0.0,41.11,CSK,8.07
10222,Sameer Shetty,24,Australia,Batter,19,1,14355,100.7,14,8.89,44.87,PBKS,9.93
10223,Vikas Reddy,20,South Africa,Batter,15,1,10112,102.4,6,7.13,39.1,RR,9.95
10224,Harshit Singh,22,Australia,Batter,105,4,13999,144.3,10,6.79,21.5,PBKS,15.49
10225,Manoj Mehta,31,England,Batter,346,12,14752,126.3,3,6.35,40.61,DC,19.32
10226,Sandeep Naidu,28,India,Allrounder,83,3,1750,110.6,92,7.55,49.46,DC,8.31
10227,Ankit Yadav,30,Australia,Batter,236,11,6627,124.9,2,9.34,46.62,RR,12.38
10228,Amit Sharma,30,India,Bowler,46,3,1261,99.2,770,5.99,31.41,KKR,14.2
10229,Irfan Sharma,29,India,Bowler,216,11,1280,154.3,83,4.33,28.02,GT,9.47
10230,Rahul Patel,37,South Africa,Bowler,245,13,2822,112.1,601,6.42,42.86,SRH,15.42
10231,Arjun Verma,31,Australia,Wicketkeeper,128,8,4963,107.6,0,0.0,47.48,SRH,8.09
10232,Karthik Shetty,21,South Africa,Batter,54,3,5361,148.7,3,6.39,49.41,CSK,8.6
10233,Sandeep Khan,33,India,Allrounder,185,9,2737,99.0,47,7.38,27.3,RR,8.36
10234,Sandeep Mehta,18,England,Batter,24,1,5235,102.3,11,9.01,25.46,MI,3.92
10235,Arjun Yadav,37,West Indies,Bowler,176,10,451,111.5,225,6.07,27.77,PBKS,8.73
10236,Nikhil Naidu,21,India,Allrounder,20,1,7105,117.4,173,7.02,24.92,CSK,11.31
10237,Aditya Khan,39,South Africa,Bowler,136,9,2863,118.2,225,6.03,45.71,KKR,8.1
10238,Vikas Khan,28,India,Wicketkeeper,181,7,4513,101.2,0,0.0,41.72,RCB,8.98
10239,Vikas Deshmukh,32,India,Bowler,58,2,3667,119.4,692,5.66,28.13,RCB,15.27
10240,Sameer Verma,41,India,Allrounder,236,11,3378,145.9,500,5.11,31.42,CSK,17.4
10241,Nikhil Patel,30,West Indies,Wicketkeeper,194,12,6021,135.9,0,0.0,53.17,SRH,11.8
10242,Ankit Malik,18,India,Wicketkeeper,15,1,2943,128.9,0,0.0,33.9,RR,7.03
10243,Vikas Chopra,41,England,Batter,484,21,9802,151.0,14,6.94,43.87,LSG,18.86
10244,Rohan Iyer,30,India,Bowler,37,2,790,120.6,360,6.53,49.58,GT,11.61
10245,Aditya Verma,26,India,Batter,79,4,5819,112.0,15,8.5,40.99,LSG,9.42
10246,Rahul Deshmukh,22,England,Allrounder,24,1,8019,95.4,90,6.51,48.27,KKR,7.07
10247,Rahul Kulkarni,27,India,Wicketkeeper,34,2,11151,102.4,0,0.0,37.85,MI,12.86
10248,Sameer Malik,26,India,Allrounder,83,3,4734,115.5,462,6.18,36.71,RR,13.83
10249,Pranav Reddy,23,South Africa,Bowler,34,2,1505,119.5,171,7.79,26.38,GT,5.04
10250,Sandeep Naidu,24,India,Wicketkeeper,82,4,8422,131.8,0,0.0,28.27,RR,11.13
10251,Irfan Chopra,29,West Indies,Batter,202,10,4762,98.0,0,6.37,20.8,SRH,9.73
10252,Manoj Mehta,24,India,Allrounder,48,3,8995,120.6,270,6.51,26.49,SRH,12.9
10253,Amit Mehta,27,South Africa,Bowler,263,9,304,102.8,228,6.98,52.04,LSG,8.56
10254,Sameer Shetty,32,India,Batter,172,9,9643,96.7,11,8.06,53.7,MI,13.84
10255,Sandeep Mehta,20,Australia,Wicketkeeper,19,1,2926,113.5,0,0.0,35.75,SRH,4.26
10256,Irfan Yadav,29,South Africa,Batter,66,3,10968,138.7,3,6.99,37.0,CSK,13.29
10257,Aditya Yadav,22,Australia,Allrounder,92,4,1663,101.3,373,5.46,45.39,KKR,9.51
10258,Rahul Yadav,42,India,Batter,427,18,12229,103.3,9,6.83,37.48,RR,17.35
10259,Rahul Verma,33,England,Bowler,108,5,3027,111.7,789,7.05,29.68,RCB,14.0
10260,Karthik Patel,41,West Indies,Bowler,285,18,1205,103.9,407,7.17,41.59,GT,12.17
10261,Nikhil Iyer,32,South Africa,Wicketkeeper,235,13,8337,152.3,0,0.0,49.45,RCB,15.73
10262,Sameer Kulkarni,35,Sri Lanka,Wicketkeeper,189,10,4395,98.7,0,0.0,31.2,CSK,9.48
10263,Irfan Mehta,33,England,Wicketkeeper,369,14,3423,103.5,0,0.0,53.22,PBKS,11.63
10264,Rohan Verma,29,India,Batter,101,4,12996,109.1,14,9.45,43.44,KKR,15.5
10265,Vikas Khan,27,England,Wicketkeeper,16,1,10357,145.5,0,0.0,28.18,PBKS,11.57
10266,Sameer Verma,18,Sri Lanka,Wicketkeeper,22,1,6424,106.3,0,0.0,20.39,CSK,6.22
10267,Ankit Patel,36,India,Bowler,470,16,3449,149.0,674,5.57,51.6,CSK,19.83
10268,Rahul Chopra,24,West Indies,Bowler,120,6,2735,107.3,676,4.49,34.28,RR,14.07
10269,Irfan Verma,34,India,Batter,265,11,9166,131.7,12,8.73,37.98,RR,15.74
10270,Pranav Chopra,25,India,Batter,80,5,12544,100.8,3,8.07,36.72,PBKS,13.05
10271,Vikas Kulkarni,34,India,Wicketkeeper,26,1,4531,154.5,0,0.0,23.1,RCB,8.77
10272,Aditya Yadav,26,West Indies,Wicketkeeper,42,2,3026,126.2,0,0.0,30.35,SRH,9.22
10273,Karthik Shetty,32,England,Batter,239,11,8996,129.4,0,7.89,40.21,LSG,14.66
10274,Sameer Deshmukh,33,West Indies,Allrounder,274,11,5994,118.4,53,7.98,38.07,RR,10.33
10275,Sameer Deshmukh,27,India,Wicketkeeper,219,8,3444,95.7,0,0.0,47.63,PBKS,11.4
10276,Nikhil Naidu,20,Sri Lanka,Allrounder,17,1,6239,144.0,493,5.91,29.3,GT,11.66
10277,Rahul Patel,20,India,Bowler,25,1,2379,104.3,380,4.04,54.5,LSG,11.1
10278,Rahul Malik,30,Sri Lanka,Wicketkeeper,179,7,9972,114.2,0,0.0,23.81,SRH,12.02
10279,Sameer Chopra,39,India,Bowler,485,19,2440,113.6,353,4.45,21.32,PBKS,17.92
10280,Pranav Yadav,34,India,Bowler,82,3,2732,107.8,443,5.94,38.18,DC,11.71
10281,Pranav Kulkarni,41,England,Batter,209,9,8408,120.8,7,6.49,40.93,CSK,11.8
10282,Sameer Patel,18,India,Bowler,17,1,2820,118.9,508,4.24,30.59,SRH,13.06
10283,Rahul Chopra,41,Australia,Allrounder,216,14,3123,131.3,243,5.84,40.6,PBKS,12.18
10284,Sandeep Mehta,39,India,Batter,245,9,11291,104.5,15,8.21,30.0,GT,14.35
10285,Sandeep Reddy,35,India,Bowler,107,7,94,127.4,310,4.8,36.14,RCB,11.18
10286,Arjun Mehta,39,Sri Lanka,Allrounder,336,18,6133,142.2,101,6.16,23.29,SRH,13.3
10287,Ankit Kulkarni,28,India,Batter,165,6,11669,102.0,6,9.41,47.06,RCB,14.63
10288,Vikas Khan,31,West Indies,Bowler,200,12,3141,146.9,728,5.4,22.6,CSK,15.48
10289,Amit Naidu,32,India,Wicketkeeper,53,3,7025,117.5,0,0.0,31.74,RR,9.38
10290,Rohan Patel,22,South Africa,Allrounder,19,1,8427,154.1,412,8.48,26.64,DC,10.06
10291,Sandeep Naidu,38,Australia,Wicketkeeper,48,2,7056,132.8,0,0.0,38.74,PBKS,7.56
10292,Aditya Chopra,38,West Indies,Batter,48,2,5854,105.1,12,6.54,54.62,PBKS,7.07
10293,Harshit Shetty,31,Sri Lanka,Bowler,61,3,230,102.5,598,5.72,27.52,RR,11.29
10294,Manoj Deshmukh,38,India,Allrounder,413,14,2850,125.7,484,5.94,31.74,CSK,16.78
10295,Harshit Deshmukh,41,India,Allrounder,118,6,3945,105.0,342,6.59,31.44,LSG,10.91
10296,Vikas Verma,24,Sri Lanka,Allrounder,69,3,1984,148.4,285,5.25,26.96,MI,6.89
10297,Manoj Naidu,37,India,Wicketkeeper,469,17,11548,140.4,0,0.0,32.23,PBKS,20.0
10298,Sameer Mehta,42,India,Batter,322,20,12600,112.5,9,7.66,44.38,DC,19.27
10299,Sameer Verma,30,Sri Lanka,Bowler,299,12,1054,112.2,187,7.21,28.48,LSG,10.02
10300,Irfan Yadav,29,Australia,Wicketkeeper,113,5,4514,135.9,0,0.0,26.83,KKR,11.27
10301,Sandeep Chopra,37,India,Batter,48,2,4086,100.7,9,8.24,41.7,CSK,6.45
10302,Sandeep Shetty,24,Sri Lanka,Allrounder,108,5,5604,101.8,69,6.8,42.72,CSK,11.25
10303,Nikhil Naidu,20,India,Allrounder,41,2,4652,108.0,200,6.56,32.37,RCB,8.47
10304,Sameer Patel,22,India,Wicketkeeper,53,2,9371,124.5,0,0.0,23.2,PBKS,11.46
10305,Karthik Singh,38,India,Batter,468,18,10494,134.9,0,9.35,23.59,CSK,16.39
10306,Sameer Chopra,34,West Indies,Bowler,121,8,1756,114.4,656,7.13,40.89,GT,12.84
10307,Arjun Iyer,32,Sri Lanka,Bowler,92,4,2814,139.0,711,5.05,45.31,GT,14.61
10308,Pranav Naidu,38,India,Batter,473,20,5981,109.5,3,7.93,28.88,RCB,14.64
10309,Manoj Mehta,29,India,Bowler,46,2,2043,103.7,180,5.45,31.82,PBKS,8.93
10310,Sandeep Yadav,40,Sri Lanka,Batter,29,1,3262,144.9,8,8.4,31.64,PBKS,6.61
10311,Rohan Singh,25,India,Bowler,28,1,843,145.0,622,4.89,51.17,DC,12.89
10312,Arjun Mehta,34,Sri Lanka,Bowler,206,8,3218,96.6,820,5.56,44.32,PBKS,15.79
10313,Karthik Singh,21,West Indies,Allrounder,17,1,2447,96.1,78,7.74,40.83,SRH,6.84
10314,Nikhil Chopra,42,South Africa,Batter,493,18,14221,117.7,0,8.06,46.24,MI,18.49
10315,Aditya Patel,41,West Indies,Batter,327,18,7908,135.6,15,7.5,38.1,RCB,15.34
10316,Arjun Kulkarni,21,India,Bowler,33,2,3210,131.4,172,4.94,45.79,SRH,9.58
10317,Sameer Kulkarni,28,India,Batter,118,5,13037,117.8,13,9.41,22.26,KKR,12.24
10318,Sameer Malik,36,India,Batter,40,2,8143,132.4,6,9.46,53.13,LSG,13.17
10319,Aditya Naidu,18,India,Bowler,28,1,2396,115.5,609,4.39,24.69,LSG,15.43
10320,Amit Patel,31,Sri Lanka,Bowler,243,9,723,147.8,495,7.17,37.55,LSG,12.77
10321,Sameer Deshmukh,19,Australia,Bowler,26,1,1007,102.6,561,4.71,40.59,LSG,11.5
10322,Nikhil Malik,37,West Indies,Wicketkeeper,222,12,8990,125.4,0,0.0,44.32,RR,14.5
10323,Nikhil Iyer,40,India,Wicketkeeper,39,2,4443,113.3,0,0.0,34.08,GT,7.77
10324,Arjun Chopra,32,India,Allrounder,210,10,3339,131.6,214,5.07,34.81,KKR,13.45
10325,Karthik Reddy,19,India,Bowler,16,1,736,133.5,611,7.5,33.95,RR,9.82
10326,Vikas Chopra,28,Sri Lanka,Batter,100,6,3107,149.3,13,6.92,20.57,SRH,8.3
10327,Harshit Patel,34,India,Bowler,350,16,1834,151.6,232,5.24,42.89,LSG,14.17
10328,Amit Khan,25,India,Batter,169,6,7740,107.2,11,7.86,49.17,MI,13.14
10329,Pranav Patel,36,India,Allrounder,252,15,2856,109.9,45,5.71,26.71,KKR,12.95
10330,Irfan Chopra,33,South Africa,Batter,72,4,7733,152.2,3,6.55,41.07,MI,10.3
10331,Amit Iyer,20,India,Allrounder,25,1,6800,152.3,264,7.23,28.07,LSG,10.68
10332,Manoj Patel,32,England,Bowler,331,13,2913,130.9,396,4.02,37.77,PBKS,16.53
10333,Rahul Deshmukh,42,Sri Lanka,Wicketkeeper,144,8,8240,123.7,0,0.0,22.17,RCB,10.06
10334,Rohan Yadav,35,West Indies,Bowler,219,12,584,112.3,617,5.73,29.61,SRH,14.49
10335,Manoj Khan,18,India,Wicketkeeper,27,1,5298,108.3,0,0.0,31.64,RCB,8.07
10336,Manoj Deshmukh,25,India,Batter,118,5,3032,113.5,4,7.24,54.26,MI,8.6
10337,Irfan Khan,27,India,Allrounder,221,9,4702,129.5,303,8.26,54.34,DC,16.06
10338,Arjun Chopra,32,South Africa,Batter,358,12,6384,116.4,11,9.47,35.58,CSK,11.83
10339,Harshit Mehta,33,West Indies,Bowler,232,13,177,131.5,893,7.64,27.45,GT,15.68
10340,Vikas Naidu,29,West Indies,Batter,97,5,13077,107.3,3,8.41,31.88,RCB,12.16
10341,Manoj Khan,23,India,Batter,67,4,13287,109.7,12,6.8,20.16,SRH,10.77
10342,Amit Shetty,37,West Indies,Batter,232,11,4220,112.8,2,9.08,23.02,RR,7.94
10343,Pranav Sharma,31,India,Bowler,19,1,3559,128.4,188,4.33,54.75,MI,7.51
10344,Arjun Khan,42,Sri Lanka,Allrounder,94,5,3436,101.0,308,5.51,35.34,SRH,10.08
10345,Arjun Malik,32,West Indies,Allrounder,341,13,8873,112.7,395,6.97,30.59,SRH,14.84
10346,Nikhil Khan,25,India,Wicketkeeper,194,7,4604,120.5,0,0.0,31.0,GT,12.06
10347,Nikhil Patel,23,England,Batter,87,3,10653,97.5,2,9.2,28.21,KKR,11.73
10348,Sandeep Shetty,24,Australia,Allrounder,110,4,2143,145.0,202,7.83,23.9,MI,9.7
10349,Nikhil Mehta,42,India,Batter,460,16,5006,136.6,1,9.41,29.54,DC,14.17
10350,Harshit Sharma,42,West Indies,Wicketkeeper,176,9,9124,122.4,0,0.0,30.4,DC,11.65
10351,Pranav Verma,21,Sri Lanka,Batter,28,1,13960,112.5,3,6.53,40.3,SRH,10.59
10352,Vikas Verma,40,England,Allrounder,165,10,2148,116.8,158,7.89,32.18,CSK,8.63
10353,Irfan Mehta,42,England,Batter,326,14,8155,133.7,8,7.64,46.31,SRH,13.13
10354,Vikas Singh,40,West Indies,Bowler,334,12,1912,130.2,208,5.24,33.63,DC,11.52
10355,Amit Singh,36,India,Allrounder,236,11,2061,104.9,90,7.51,28.99,DC,13.56
10356,Ankit Verma,18,India,Batter,20,1,13116,148.4,6,7.49,40.07,CSK,15.04
10357,Sandeep Mehta,27,India,Wicketkeeper,151,7,7326,152.9,0,0.0,23.61,LSG,10.6
10358,Rohan Shetty,35,England,Allrounder,178,8,3031,120.1,260,6.61,41.01,DC,10.33
10359,Harshit Khan,24,India,Allrounder,48,3,2766,145.5,167,7.84,43.46,DC,10.14
10360,Sandeep Mehta,39,Sri Lanka,Wicketkeeper,20,1,11376,133.5,0,0.0,53.22,RR,11.88
10361,Nikhil Chopra,30,West Indies,Batter,146,7,13221,145.0,0,7.34,52.25,RCB,15.16
10362,Sandeep Sharma,26,Australia,Wicketkeeper,22,1,7128,124.5,0,0.0,45.52,PBKS,9.67
10363,Irfan Yadav,21,India,Bowler,21,1,208,104.5,839,5.43,40.53,CSK,13.67
10364,Sandeep Reddy,21,India,Bowler,28,1,2108,122.5,385,4.75,50.55,KKR,9.34
10365,Manoj Chopra,36,Sri Lanka,Wicketkeeper,261,14,7019,100.2,0,0.0,21.06,RR,11.71
10366,Irfan Singh,41,India,Batter,348,17,5757,114.9,2,8.12,34.63,KKR,12.17
10367,Vikas Deshmukh,37,India,Allrounder,25,1,4936,100.2,332,6.42,20.12,RR,10.48
10368,Manoj Shetty,19,Australia,Bowler,23,1,2967,108.1,849,7.41,34.91,SRH,11.38
10369,Rohan Iyer,39,India,Allrounder,198,13,4860,144.6,266,8.4,23.78,MI,15.08
10370,Vikas Kulkarni,18,India,Allrounder,20,1,4857,138.8,436,6.78,44.44,CSK,11.06
10371,Rahul Kulkarni,38,Sri Lanka,Allrounder,51,3,1770,122.4,171,7.66,26.16,GT,6.64
10372,Sameer Reddy,18,South Africa,Allrounder,22,1,5852,133.9,335,6.63,41.3,SRH,10.47
10373,Arjun Verma,35,India,Bowler,114,5,2982,98.9,342,4.27,53.78,CSK,10.83
10374,Nikhil Sharma,41,Sri Lanka,Wicketkeeper,427,21,7842,104.1,0,0.0,30.31,DC,14.3
10375,Rohan Patel,34,India,Allrounder,33,2,5688,119.6,348,7.69,26.35,RR,11.56
10376,Sameer Singh,40,India,Wicketkeeper,142,6,11768,123.0,0,0.0,39.91,CSK,15.33
10377,Vikas Mehta,23,India,Allrounder,25,1,1692,150.1,402,6.58,29.96,CSK,11.8
10378,Aditya Deshmukh,31,West Indies,Wicketkeeper,340,12,4526,134.7,0,0.0,23.93,SRH,11.6
10379,Vikas Kulkarni,42,India,Batter,450,15,6944,139.5,7,7.37,27.87,KKR,15.34
10380,Harshit Yadav,33,India,Batter,107,6,4469,104.2,14,8.06,23.59,CSK,11.23
10381,Nikhil Singh,18,India,Allrounder,17,1,3192,135.5,170,6.83,23.97,LSG,9.88
10382,Irfan Mehta,21,South Africa,Bowler,18,1,3681,108.5,477,7.49,24.2,CSK,7.47
10383,Vikas Reddy,36,India,Allrounder,86,4,5590,105.2,54,5.71,23.17,MI,9.64
10384,Karthik Sharma,32,England,Wicketkeeper,195,7,11164,142.9,0,0.0,37.34,RCB,13.78
10385,Karthik Shetty,37,Sri Lanka,Bowler,90,4,993,152.0,881,5.48,32.99,MI,15.31
10386,Aditya Khan,23,West Indies,Allrounder,108,4,8605,111.4,76,5.58,28.36,LSG,8.63
10387,Arjun Mehta,19,India,Bowler,28,1,3336,112.5,757,5.9,38.06,SRH,13.71
10388,Harshit Yadav,40,West Indies,Wicketkeeper,452,18,8586,135.2,0,0.0,47.21,MI,18.54
10389,Karthik Reddy,22,West Indies,Wicketkeeper,73,3,2544,137.6,0,0.0,27.2,LSG,7.75
10390,Sameer Patel,28,South Africa,Batter,86,5,4415,127.5,11,6.41,26.96,RR,5.14
10391,Pranav Khan,24,India,Batter,64,3,5274,126.6,13,6.3,31.44,DC,11.0
10392,Nikhil Khan,37,South Africa,Wicketkeeper,342,14,9499,140.4,0,0.0,31.0,LSG,16.22
10393,Amit Naidu,37,India,Batter,542,19,4951,140.5,12,9.43,22.02,GT,15.24
10394,Harshit Yadav,18,South Africa,Batter,23,1,13984,128.8,1,7.78,44.34,LSG,13.86
10395,Vikas Chopra,27,Australia,Batter,132,8,3046,124.0,7,7.74,32.88,KKR,7.12
10396,Ankit Singh,20,Sri Lanka,Batter,16,1,4139,151.8,7,6.95,31.12,LSG,6.88
10397,Nikhil Khan,18,West Indies,Allrounder,20,1,7645,105.0,168,5.22,50.0,CSK,11.28
10398,Pranav Malik,29,Australia,Batter,134,7,5492,141.7,0,8.05,48.31,PBKS,10.65
10399,Sandeep Shetty,21,India,Batter,22,1,13641,128.0,11,8.88,26.2,RCB,11.14
10400,Ankit Naidu,26,India,Bowler,21,1,3132,129.4,653,4.56,32.83,MI,13.94
10401,Sandeep Kulkarni,26,West Indies,Wicketkeeper,84,5,4642,128.5,0,0.0,37.45,LSG,8.82
10402,Sameer Kulkarni,21,Sri Lanka,Wicketkeeper,59,3,8559,131.1,0,0.0,21.12,DC,11.03
10403,Nikhil Reddy,20,South Africa,Allrounder,43,2,2007,138.3,269,5.11,26.76,CSK,8.81
10404,Rohan Naidu,40,India,Wicketkeeper,279,14,5928,134.1,0,0.0,39.13,MI,13.21
10405,Rohan Chopra,27,Australia,Bowler,180,7,1866,145.1,429,7.73,34.46,DC,11.96
10406,Irfan Naidu,21,West Indies,Allrounder,47,3,1703,102.0,200,7.16,33.52,PBKS,7.26
10407,Manoj Kulkarni,34,Sri Lanka,Bowler,201,8,975,132.4,494,6.79,36.96,PBKS,10.95
10408,Aditya Khan,19,India,Bowler,29,1,3427,143.2,701,4.67,29.56,CSK,15.67
10409,Aditya Sharma,34,England,Batter,97,5,11182,131.7,7,8.87,33.05,PBKS,12.51
10410,Arjun Singh,40,South Africa,Bowler,225,8,2297,108.9,315,4.15,51.12,PBKS,10.99
10411,Rahul Reddy,26,India,Batter,139,6,8666,129.5,2,8.86,36.32,MI,13.23
10412,Arjun Iyer,28,India,Bowler,43,2,629,123.0,709,6.46,42.55,RCB,12.73
10413,Harshit Singh,42,West Indies,Wicketkeeper,134,7,6996,113.4,0,0.0,49.35,GT,9.56
10414,Irfan Sharma,41,India,Wicketkeeper,317,20,7457,137.1,0,0.0,31.55,DC,15.35
10415,Sandeep Reddy,35,India,Allrounder,99,5,8069,124.2,298,7.91,26.11,LSG,12.13
10416,Ankit Chopra,34,Australia,Batter,189,12,13042,137.0,9,6.27,50.28,RR,17.89
10417,Arjun Chopra,34,India,Batter,387,15,10649,134.3,0,8.83,24.95,RCB,17.41
10418,Manoj Patel,42,Australia,Wicketkeeper,331,16,11001,100.6,0,0.0,32.08,DC,15.2
10419,Rahul Khan,41,Sri Lanka,Wicketkeeper,16,1,2946,146.3,0,0.0,53.66,GT,7.56
10420,Ankit Patel,20,India,Wicketkeeper,15,1,3539,109.5,0,0.0,46.67,RCB,9.19
10421,Karthik Reddy,31,India,Allrounder,75,4,4816,96.9,198,7.01,39.0,PBKS,10.83
10422,Irfan Kulkarni,38,West Indies,Bowler,435,15,1458,111.6,471,7.06,51.41,DC,14.42
10423,Harshit Patel,35,India,Bowler,266,9,3689,99.6,696,4.9,25.6,RCB,17.28
10424,Harshit Singh,34,India,Bowler,231,11,1002,120.0,117,7.18,47.89,SRH,8.06
10425,Sandeep Reddy,21,India,Allrounder,70,3,3079,123.8,498,6.86,48.24,LSG,13.05
10426,Ankit Yadav,22,India,Batter,90,3,7307,143.1,7,7.48,23.52,MI,11.05
10427,Ankit Yadav,18,India,Allrounder,16,1,2898,137.2,205,7.23,51.47,MI,9.01
10428,Karthik Singh,37,Sri Lanka,Allrounder,43,2,6392,131.3,84,5.79,35.16,SRH,10.18
10429,Ankit Mehta,32,India,Bowler,50,2,3918,101.4,599,5.45,24.7,DC,11.56
10430,Karthik Iyer,26,Australia,Batter,165,7,4400,140.0,4,8.93,33.38,GT,9.21
10431,Karthik Iyer,32,India,Bowler,49,2,3381,99.8,632,7.15,41.87,SRH,13.9
10432,Irfan Yadav,40,India,Bowler,254,16,1734,145.3,452,7.3,33.05,KKR,14.12
10433,Harshit Reddy,29,India,Wicketkeeper,256,11,8116,139.7,0,0.0,34.96,MI,14.92
10434,Aditya Khan,22,India,Batter,59,2,10268,126.8,13,8.94,46.77,RCB,13.19
10435,Karthik Kulkarni,21,India,Wicketkeeper,50,3,5320,99.7,0,0.0,40.65,CSK,9.12
10436,Harshit Deshmukh,35,India,Allrounder,44,2,2989,131.6,372,6.93,44.35,DC,9.35
10437,Vikas Deshmukh,36,India,Bowler,265,9,2342,142.1,523,7.49,27.69,MI,13.58
10438,Rohan Sharma,35,India,Allrounder,206,8,4155,102.3,368,7.89,41.78,DC,14.78
10439,Aditya Khan,30,India,Batter,118,5,9494,101.1,9,9.09,49.74,RR,11.93
10440,Amit Chopra,24,England,Batter,60,2,3167,125.2,2,8.8,30.81,GT,6.1
10441,Karthik Khan,28,India,Bowler,217,8,3163,153.1,521,5.54,27.06,DC,14.32
10442,Sandeep Iyer,40,West Indies,Wicketkeeper,235,8,5390,129.8,0,0.0,22.91,PBKS,9.87
10443,Amit Singh,42,West Indies,Allrounder,140,6,4119,140.8,481,5.76,30.59,KKR,11.45
10444,Vikas Singh,24,Australia,Bowler,23,1,630,125.0,142,7.75,38.08,GT,5.17
10445,Arjun Verma,36,Australia,Batter,245,9,14662,152.4,5,6.13,26.1,SRH,17.06
10446,Irfan Malik,42,Australia,Allrounder,40,2,7512,118.7,295,6.88,34.55,RCB,10.73
10447,Sandeep Naidu,38,India,Wicketkeeper,409,19,5162,133.6,0,0.0,43.17,KKR,14.22
10448,Pranav Chopra,40,West Indies,Batter,86,3,5616,125.0,7,6.54,47.67,CSK,8.4
10449,Rohan Yadav,35,England,Wicketkeeper,54,2,10010,121.6,0,0.0,25.8,GT,9.81
10450,Vikas Khan,23,India,Batter,130,5,8476,107.7,3,7.1,24.4,RCB,11.68
10451,Pranav Malik,28,India,Wicketkeeper,114,6,9690,117.7,0,0.0,38.93,LSG,12.3
10452,Karthik Iyer,30,Sri Lanka,Batter,51,2,14972,131.2,15,6.25,54.76,LSG,16.28
10453,Pranav Deshmukh,41,Sri Lanka,Allrounder,270,14,2743,144.8,188,8.37,29.32,PBKS,12.56
10454,Pranav Naidu,31,England,Allrounder,15,1,8760,145.0,109,5.08,21.95,CSK,8.81
10455,Nikhil Iyer,40,India,Batter,68,3,11373,127.7,6,6.72,26.24,DC,11.92
10456,Ankit Shetty,30,Sri Lanka,Bowler,192,12,2612,141.6,231,7.17,46.45,MI,8.77
10457,Pranav Malik,26,South Africa,Allrounder,148,6,8983,108.2,170,7.86,45.51,RCB,14.65
10458,Rohan Verma,31,India,Bowler,183,10,661,135.0,644,5.35,24.27,KKR,15.39
10459,Irfan Patel,24,India,Bowler,71,4,2755,153.3,586,6.68,21.53,KKR,14.93
10460,Harshit Sharma,24,Australia,Bowler,47,2,1181,102.4,89,4.36,35.07,SRH,4.37
10461,Rohan Singh,38,Australia,Batter,24,1,7494,143.4,12,7.02,36.58,KKR,8.17
10462,Aditya Khan,23,India,Wicketkeeper,46,2,3668,124.1,0,0.0,45.1,PBKS,8.23
10463,Sandeep Verma,33,India,Wicketkeeper,61,3,10162,116.7,0,0.0,32.36,KKR,10.98
10464,Rohan Malik,32,Australia,Batter,63,3,6926,141.8,15,8.65,20.5,GT,8.74
10465,Ankit Kulkarni,30,Australia,Bowler,80,3,1180,107.8,652,4.55,32.31,DC,12.28
10466,Nikhil Reddy,23,England,Allrounder,98,4,6016,135.1,292,6.02,48.98,DC,10.7
10467,Rahul Yadav,31,India,Allrounder,324,13,8058,128.8,431,5.67,32.87,CSK,19.14
10468,Amit Reddy,39,India,Batter,310,15,12964,132.2,3,7.77,51.28,RCB,20.0
10469,Harshit Patel,30,India,Bowler,217,10,3049,100.2,363,4.73,41.95,GT,14.52
10470,Nikhil Singh,42,South Africa,Allrounder,366,13,6939,104.8,210,6.38,24.1,RR,13.69
10471,Amit Iyer,30,Sri Lanka,Wicketkeeper,289,12,4819,128.5,0,0.0,30.52,CSK,11.7
10472,Sameer Yadav,26,South Africa,Batter,104,6,5306,119.4,14,9.49,27.43,CSK,7.79
10473,Aditya Chopra,41,Sri Lanka,Allrounder,223,8,6407,109.7,433,7.2,37.29,DC,11.63
10474,Rahul Shetty,39,Australia,Allrounder,226,10,2858,122.2,263,6.69,47.86,GT,11.87
10475,Vikas Naidu,28,England,Allrounder,135,5,8689,149.3,455,5.76,47.7,CSK,13.58
10476,Rahul Singh,29,Sri Lanka,Allrounder,114,5,3723,105.8,345,6.17,29.78,GT,9.24
10477,Sandeep Iyer,21,England,Batter,32,2,11923,128.4,11,7.16,21.62,RCB,12.42
10478,Manoj Chopra,39,India,Wicketkeeper,464,18,7669,149.9,0,0.0,23.45,MI,19.19
10479,Rohan Mehta,29,West Indies,Batter,29,1,9914,101.6,3,6.98,28.98,CSK,9.81
10480,Arjun Shetty,29,India,Allrounder,158,8,7483,131.9,298,7.93,27.96,CSK,15.02
10481,Arjun Kulkarni,39,India,Batter,306,14,11156,143.0,4,9.05,46.38,CSK,17.34
10482,Aditya Shetty,23,India,Batter,64,3,5151,132.2,15,8.97,37.55,PBKS,8.2
10483,Karthik Singh,26,India,Allrounder,184,8,7969,108.4,72,6.31,39.51,RCB,13.45
10484,Ankit Reddy,29,Australia,Batter,168,6,13095,130.6,7,9.11,52.19,RCB,16.14
10485,Nikhil Mehta,41,India,Bowler,248,16,1116,136.7,291,5.36,42.7,DC,12.71
10486,Amit Verma,19,South Africa,Wicketkeeper,22,1,10599,135.2,0,0.0,42.58,RCB,10.79
10487,Aditya Deshmukh,29,West Indies,Wicketkeeper,228,10,8897,108.3,0,0.0,25.03,RCB,13.18
10488,Arjun Shetty,38,Sri Lanka,Allrounder,465,17,1747,97.7,229,8.43,36.37,DC,11.44
10489,Ankit Mehta,18,Sri Lanka,Wicketkeeper,26,1,5724,120.5,0,0.0,32.6,PBKS,6.52
10490,Irfan Mehta,41,West Indies,Bowler,570,20,3156,139.7,720,6.97,51.68,MI,18.33
10491,Amit Singh,38,West Indies,Allrounder,113,4,3558,128.9,251,6.38,51.23,SRH,10.27
10492,Nikhil Khan,41,West Indies,Bowler,329,12,799,153.2,449,7.78,45.12,MI,11.02
10493,Arjun Khan,34,India,Allrounder,44,2,4657,96.4,456,5.5,48.88,KKR,11.34
10494,Sameer Singh,35,India,Batter,126,5,3387,139.8,4,8.94,29.8,SRH,8.54
10495,Sandeep Deshmukh,42,India,Allrounder,258,9,7379,114.0,156,7.24,35.77,MI,12.67
10496,Nikhil Reddy,42,Sri Lanka,Allrounder,389,17,3542,149.8,405,6.34,28.2,RCB,13.39
10497,Arjun Singh,40,Sri Lanka,Allrounder,215,14,2045,116.7,162,7.02,43.21,CSK,10.46
10498,Harshit Iyer,40,England,Bowler,231,10,3054,150.4,104,6.15,23.56,KKR,9.36
10499,Ankit Naidu,26,India,Batter,130,5,5116,141.0,1,6.77,32.91,MI,11.24
10500,Amit Patel,34,India,Bowler,38,2,361,125.2,227,4.63,42.82,MI,10.57
10501,Aditya Sharma,29,South Africa,Wicketkeeper,135,9,4734,97.7,0,0.0,30.21,SRH,10.18
10502,Amit Mehta,38,India,Allrounder,105,6,2361,126.2,355,7.83,21.24,RCB,11.58
10503,Ankit Iyer,35,India,Allrounder,505,17,2644,133.3,304,5.99,26.98,RR,16.86
10504,Karthik Sharma,42,South Africa,Bowler,406,23,529,135.6,462,7.14,36.5,RCB,14.67
10505,Nikhil Naidu,36,India,Wicketkeeper,107,5,3245,149.9,0,0.0,33.71,RR,10.95
10506,Arjun Malik,23,India,Batter,110,4,4911,134.7,0,6.82,40.07,KKR,10.08
10507,Sandeep Singh,19,India,Allrounder,15,1,7610,115.6,417,6.17,33.94,SRH,9.9
10508,Harshit Kulkarni,24,West Indies,Batter,86,3,13094,137.6,6,7.02,42.8,GT,14.6
10509,Manoj Malik,26,Australia,Wicketkeeper,146,6,10784,121.4,0,0.0,33.92,SRH,11.2
10510,Nikhil Iyer,39,India,Wicketkeeper,327,19,9139,116.9,0,0.0,29.92,RR,14.4
10511,Aditya Kulkarni,38,South Africa,Wicketkeeper,69,3,8938,100.1,0,0.0,29.39,SRH,8.98
10512,Sandeep Reddy,39,India,Bowler,356,21,2100,127.9,635,5.22,47.08,RR,18.58
10513,Manoj Chopra,22,Australia,Wicketkeeper,83,4,11014,118.7,0,0.0,53.07,RCB,10.64
10514,Rahul Reddy,38,India,Allrounder,259,10,3326,154.1,215,7.9,50.67,RR,13.73
10515,Rohan Deshmukh,32,Australia,Allrounder,279,13,2917,130.9,193,7.16,24.53,GT,12.79
10516,Harshit Patel,18,West Indies,Allrounder,21,1,7829,131.0,142,7.53,37.74,RR,7.58
10517,Rahul Kulkarni,21,Sri Lanka,Bowler,35,2,2687,121.6,323,6.63,38.34,SRH,9.07
10518,Sandeep Naidu,34,England,Bowler,40,2,1224,138.0,365,5.51,50.68,CSK,6.9
10519,Rohan Khan,18,India,Wicketkeeper,23,1,6166,145.5,0,0.0,47.51,MI,13.17
10520,Arjun Mehta,22,India,Allrounder,30,1,6493,149.7,470,5.05,29.62,RCB,13.0
10521,Manoj Khan,18,India,Bowler,22,1,1553,106.8,744,7.37,35.39,RR,13.15
10522,Rohan Kulkarni,32,England,Bowler,121,7,3626,133.4,630,6.85,34.56,GT,10.61
10523,Irfan Chopra,28,India,Allrounder,89,3,7109,127.9,88,7.38,29.65,CSK,10.86
10524,Vikas Deshmukh,22,Sri Lanka,Batter,27,1,11399,107.3,10,8.26,44.29,RCB,11.12
10525,Ankit Kulkarni,29,India,Wicketkeeper,172,10,10302,95.2,0,0.0,39.21,RCB,13.69
10526,Amit Iyer,33,India,Batter,224,14,8245,113.2,6,7.4,38.05,GT,13.23
10527,Amit Reddy,37,India,Bowler,27,1,2045,152.9,762,6.45,49.16,SRH,13.05
10528,Rohan Mehta,18,India,Batter,29,1,11408,123.7,6,8.51,33.73,RCB,13.5
10529,Amit Naidu,26,India,Batter,26,1,14084,116.5,0,6.11,49.69,LSG,14.86
10530,Nikhil Chopra,22,India,Batter,16,1,13383,122.7,13,7.34,29.51,DC,15.11
10531,Vikas Chopra,40,India,Allrounder,22,1,4563,98.7,498,5.96,41.48,RCB,10.79
10532,Irfan Patel,24,West Indies,Allrounder,136,5,2669,131.4,279,6.57,39.14,MI,9.87
10533,Vikas Shetty,26,Sri Lanka,Bowler,67,3,1771,140.1,151,7.04,47.0,MI,7.08
10534,Irfan Patel,24,England,Bowler,97,4,3752,116.2,469,5.9,52.67,MI,8.92
10535,Pranav Singh,38,India,Allrounder,534,20,6006,104.2,70,5.19,34.69,SRH,15.08
10536,Karthik Reddy,35,Australia,Allrounder,196,11,7637,95.5,401,7.15,45.18,KKR,14.67
10537,Vikas Patel,31,Australia,Allrounder,46,3,6805,124.1,128,6.96,34.82,RR,7.89
10538,Vikas Mehta,40,India,Wicketkeeper,197,7,6879,126.2,0,0.0,25.66,KKR,9.49
10539,Rahul Kulkarni,29,West Indies,Allrounder,174,8,1668,112.4,415,5.38,44.83,RCB,14.25
10540,Karthik Khan,39,India,Wicketkeeper,229,8,7994,130.3,0,0.0,36.8,PBKS,11.76
10541,Harshit Yadav,26,Sri Lanka,Allrounder,85,3,1692,128.6,106,7.0,30.75,MI,7.94
10542,Sandeep Patel,33,West Indies,Wicketkeeper,191,8,10561,100.8,0,0.0,51.39,LSG,13.07
10543,Arjun Iyer,41,England,Wicketkeeper,76,5,3278,131.0,0,0.0,44.42,RR,4.47
10544,Aditya Iyer,38,England,Batter,141,7,11406,140.4,7,7.62,40.46,KKR,13.31
10545,Ankit Yadav,31,South Africa,Bowler,167,7,461,148.4,643,4.2,30.69,PBKS,15.2
10546,Nikhil Singh,24,India,Bowler,34,2,289,100.3,429,4.52,45.22,KKR,11.57
10547,Sandeep Iyer,28,India,Allrounder,177,10,4272,137.0,345,7.46,52.05,KKR,15.44
10548,Amit Singh,40,West Indies,Batter,501,22,3688,128.7,15,7.22,41.68,MI,13.44
10549,Sandeep Chopra,36,India,Bowler,427,16,2284,113.7,672,7.72,53.47,MI,19.01
10550,Amit Khan,21,West Indies,Wicketkeeper,66,3,3295,103.9,0,0.0,46.74,GT,6.17
10551,Arjun Chopra,19,India,Bowler,18,1,3048,144.0,306,6.4,21.0,PBKS,6.79
10552,Manoj Sharma,22,South Africa,Bowler,15,1,783,99.2,312,4.3,40.75,PBKS,6.47
10553,Irfan Patel,33,South Africa,Wicketkeeper,149,5,2529,131.2,0,0.0,51.71,RCB,7.23
10554,Sameer Naidu,32,India,Batter,89,3,7698,99.1,9,7.64,27.33,PBKS,11.07
10555,Nikhil Sharma,31,India,Wicketkeeper,162,10,5061,95.5,0,0.0,47.19,PBKS,9.29
10556,Karthik Mehta,24,India,Bowler,23,1,1098,154.9,492,7.1,34.43,GT,11.03
10557,Nikhil Khan,18,Australia,Wicketkeeper,20,1,6033,96.2,0,0.0,28.22,MI,6.17
10558,Amit Iyer,28,India,Bowler,163,10,3235,152.7,396,6.23,23.63,LSG,12.68
10559,Ankit Singh,36,India,Batter,316,16,7554,137.1,7,6.43,43.35,CSK,17.38
10560,Sameer Patel,18,Sri Lanka,Batter,15,1,8655,143.8,3,6.88,24.51,RR,8.85
10561,Karthik Singh,22,England,Batter,21,1,8805,107.1,9,9.24,22.85,KKR,8.84
10562,Manoj Singh,39,Sri Lanka,Bowler,134,6,1525,106.3,625,5.29,38.44,KKR,12.91
10563,Pranav Chopra,26,South Africa,Bowler,55,2,3380,124.5,397,6.61,43.12,RCB,8.87
10564,Rohan Shetty,23,England,Batter,84,3,9531,96.7,3,7.28,54.09,GT,13.47
10565,Ankit Kulkarni,34,England,Wicketkeeper,215,10,9711,144.2,0,0.0,22.57,GT,11.49
10566,Pranav Sharma,25,South Africa,Bowler,120,7,3977,133.1,262,5.71,26.67,MI,10.6
10567,Rohan Iyer,33,India,Bowler,356,15,3485,127.0,161,6.2,27.29,RR,12.91
10568,Karthik Patel,20,West Indies,Batter,48,2,5077,140.5,6,6.49,31.29,RR,7.45
10569,Rahul Patel,22,South Africa,Wicketkeeper,29,1,7686,109.6,0,0.0,45.83,SRH,10.94
10570,Ankit Shetty,24,India,Batter,25,1,8818,111.6,14,8.58,50.54,LSG,9.06
10571,Rohan Yadav,41,India,Batter,54,2,10255,115.7,12,8.41,34.96,CSK,10.77
10572,Pranav Chopra,32,Australia,Batter,235,11,3131,107.7,8,8.54,36.41,RCB,7.44
10573,Rohan Iyer,22,India,Bowler,49,2,1354,127.4,352,6.48,41.29,CSK,9.99
10574,Sandeep Shetty,20,Sri Lanka,Allrounder,28,1,5381,107.0,240,6.91,34.36,PBKS,7.13
10575,Vikas Deshmukh,27,India,Wicketkeeper,52,3,5815,126.9,0,0.0,47.3,KKR,11.35
10576,Irfan Iyer,23,India,Wicketkeeper,85,3,10124,134.2,0,0.0,34.93,MI,12.73
10577,Amit Deshmukh,26,England,Allrounder,33,2,5055,101.5,382,8.41,27.24,DC,8.53
10578,Karthik Khan,42,India,Wicketkeeper,126,5,4526,115.5,0,0.0,28.0,RCB,9.52
10579,Sameer Malik,39,South Africa,Bowler,232,14,1887,97.4,396,6.38,26.21,SRH,11.08
10580,Pranav Deshmukh,30,India,Wicketkeeper,82,5,10242,112.6,0,0.0,43.92,GT,11.73
10581,Aditya Deshmukh,39,India,Allrounder,540,19,4272,142.9,281,8.07,26.37,RCB,20.0
10582,Rohan Chopra,18,Sri Lanka,Wicketkeeper,17,1,7710,128.9,0,0.0,21.05,KKR,7.63
10583,Karthik Reddy,24,India,Bowler,30,1,3985,143.4,364,5.18,35.98,KKR,7.74
10584,Karthik Verma,34,India,Wicketkeeper,110,4,4888,104.0,0,0.0,35.35,KKR,8.36
10585,Karthik Iyer,21,South Africa,Bowler,74,3,912,118.6,383,4.75,37.07,DC,8.0
10586,Irfan Yadav,39,Sri Lanka,Allrounder,444,16,6103,151.2,190,6.22,39.69,MI,16.56
10587,Pranav Verma,40,England,Wicketkeeper,69,3,2881,145.6,0,0.0,46.63,LSG,8.39
10588,Karthik Deshmukh,37,Australia,Allrounder,66,4,4558,124.8,272,7.31,20.08,DC,9.43
10589,Pranav Verma,37,West Indies,Batter,256,14,6783,116.4,8,8.15,24.12,RCB,10.66
10590,Nikhil Naidu,22,West Indies,Batter,43,2,5049,139.1,4,7.56,53.66,GT,8.75
10591,Irfan Yadav,25,India,Allrounder,109,6,2477,127.6,154,6.31,49.79,SRH,10.6
10592,Sameer Chopra,38,Sri Lanka,Wicketkeeper,102,5,5188,115.0,0,0.0,24.98,LSG,7.76
10593,Amit Mehta,28,India,Wicketkeeper,222,10,10597,111.9,0,0.0,51.47,PBKS,16.66
10594,Nikhil Chopra,29,India,Allrounder,212,9,3631,114.8,162,5.56,36.26,PBKS,12.94
10595,Nikhil Verma,22,Australia,Batter,26,1,4207,151.3,14,8.96,34.9,CSK,8.39
10596,Aditya Patel,32,India,Batter,238,10,7639,104.7,8,9.26,25.49,LSG,12.81
10597,Ankit Yadav,36,India,Batter,226,11,10064,125.6,0,9.32,26.51,RR,15.36
10598,Arjun Iyer,32,India,Wicketkeeper,323,14,7145,124.3,0,0.0,47.41,RR,15.66
10599,Arjun Malik,40,South Africa,Wicketkeeper,23,1,9276,144.6,0,0.0,50.24,DC,11.31
10600,Ankit Malik,29,India,Batter,63,3,11810,147.0,10,7.99,37.85,LSG,16.1
10601,Ankit Verma,30,Australia,Wicketkeeper,234,12,10854,131.4,0,0.0,46.56,RR,14.32
10602,Amit Deshmukh,36,India,Bowler,463,16,2,99.4,367,5.62,32.26,LSG,14.43
10603,Amit Deshmukh,30,India,Wicketkeeper,122,7,9226,132.4,0,0.0,26.73,DC,11.64
10604,Harshit Verma,41,India,Bowler,72,4,3604,112.6,102,4.56,21.12,LSG,7.69
10605,Manoj Verma,28,India,Batter,84,3,13594,110.5,2,8.6,24.35,CSK,11.62
10606,Manoj Reddy,41,India,Batter,306,15,7862,145.6,3,8.45,20.7,PBKS,15.07
10607,Irfan Iyer,40,India,Batter,450,21,15000,151.7,0,6.82,33.48,MI,20.0
10608,Ankit Shetty,36,India,Allrounder,70,3,5510,111.5,139,8.29,27.63,GT,10.69
10609,Nikhil Deshmukh,34,Sri Lanka,Bowler,105,7,3437,100.1,379,4.81,51.38,PBKS,9.71
10610,Ankit Reddy,37,India,Bowler,498,17,1927,152.3,128,7.72,49.82,KKR,12.32
10611,Harshit Shetty,24,India,Batter,69,4,11263,134.7,15,8.96,48.92,PBKS,15.71
10612,Karthik Reddy,28,Sri Lanka,Allrounder,67,3,6902,118.3,132,5.73,42.43,GT,11.87
10613,Karthik Khan,30,Sri Lanka,Bowler,150,5,2014,134.6,831,7.32,49.37,PBKS,14.38
10614,Rohan Iyer,28,Sri Lanka,Allrounder,50,3,7762,138.0,461,6.66,54.3,MI,13.48
10615,Arjun Verma,37,England,Wicketkeeper,96,4,11622,104.2,0,0.0,52.44,PBKS,12.42
10616,Sameer Khan,23,Australia,Bowler,101,4,1282,133.6,708,5.98,50.73,SRH,13.99
10617,Irfan Naidu,19,Australia,Bowler,16,1,1128,120.1,699,5.56,38.45,DC,11.69
10618,Harshit Patel,38,India,Batter,167,11,4288,124.8,0,6.07,30.19,SRH,11.97
10619,Manoj Mehta,35,England,Bowler,383,15,3217,100.3,394,7.53,36.08,CSK,10.62
10620,Karthik Yadav,32,India,Bowler,57,2,1540,149.1,788,7.6,44.55,PBKS,14.04
10621,Harshit Kulkarni,30,West Indies,Allrounder,114,7,6820,111.8,311,7.06,32.84,PBKS,11.99
10622,Vikas Mehta,24,Sri Lanka,Batter,107,4,6624,142.2,3,6.32,31.34,SRH,10.65
10623,Irfan Verma,42,Sri Lanka,Allrounder,95,6,5559,116.5,219,7.34,36.25,PBKS,11.06
10624,Manoj Naidu,21,India,Wicketkeeper,31,2,5011,128.3,0,0.0,48.06,SRH,11.23
10625,Rohan Deshmukh,35,South Africa,Wicketkeeper,202,13,9927,107.7,0,0.0,33.96,MI,12.36
10626,Nikhil Khan,25,England,Batter,110,7,7416,99.5,15,6.46,41.16,GT,11.38
10627,Ankit Reddy,35,India,Allrounder,98,5,8705,98.6,316,5.66,51.4,RR,12.67
10628,Amit Malik,38,India,Allrounder,161,6,8011,103.1,382,6.87,21.87,GT,14.3
10629,Karthik Kulkarni,32,India,Bowler,276,12,1273,123.3,590,4.46,43.4,SRH,19.11
10630,Rohan Verma,19,India,Batter,28,1,13890,103.7,0,8.24,42.17,PBKS,14.77
10631,Amit Shetty,33,Sri Lanka,Bowler,358,12,3744,122.9,451,5.54,48.05,RCB,14.47
10632,Nikhil Verma,38,India,Wicketkeeper,275,18,8364,114.9,0,0.0,25.14,KKR,13.87
10633,Harshit Shetty,19,Australia,Batter,21,1,9381,107.7,10,9.06,30.29,PBKS,6.84
10634,Irfan Khan,37,England,Batter,281,14,8653,136.0,8,8.47,48.01,LSG,14.82
10635,Sandeep Yadav,40,South Africa,Bowler,334,22,1706,116.1,865,4.7,24.41,KKR,18.53
10636,Vikas Shetty,40,Sri Lanka,Allrounder,353,19,6291,112.6,386,6.89,44.11,SRH,14.49
10637,Sandeep Khan,31,England,Bowler,183,10,2351,98.6,799,4.0,35.14,MI,15.63
10638,Rahul Deshmukh,36,India,Wicketkeeper,310,12,11080,152.5,0,0.0,51.18,LSG,17.46
10639,Arjun Chopra,29,South Africa,Batter,109,5,12891,120.0,0,9.48,21.63,RCB,12.61
10640,Rahul Deshmukh,39,England,Allrounder,442,19,5462,135.5,111,6.07,24.73,RCB,14.66
10641,Vikas Sharma,27,Australia,Bowler,148,7,2205,98.4,789,5.14,36.62,KKR,15.05
10642,Nikhil Kulkarni,41,India,Batter,160,10,11296,100.5,9,6.73,34.39,SRH,14.77
10643,Irfan Reddy,25,Australia,Wicketkeeper,153,6,3138,116.1,0,0.0,38.81,RR,8.22
10644,Rahul Shetty,28,South Africa,Wicketkeeper,90,5,6184,139.9,0,0.0,23.94,PBKS,8.78
10645,Manoj Mehta,42,Sri Lanka,Batter,371,23,10722,96.6,3,8.77,35.51,DC,15.41
10646,Sameer Iyer,25,Sri Lanka,Batter,25,1,5614,152.4,15,8.06,40.09,GT,11.51
10647,Rohan Sharma,40,England,Allrounder,99,5,8670,126.1,229,5.56,33.85,RR,11.77
10648,Rahul Naidu,40,India,Wicketkeeper,80,3,10845,123.8,0,0.0,26.9,MI,11.7
10649,Sameer Yadav,22,Sri Lanka,Batter,34,2,6793,104.0,12,7.75,46.04,MI,6.43
10650,Sandeep Khan,41,India,Bowler,46,3,187,99.7,862,6.26,51.14,GT,14.94
10651,Nikhil Khan,21,India,Allrounder,78,3,6729,114.0,393,7.16,21.6,SRH,12.24
10652,Amit Yadav,33,Australia,Allrounder,127,5,5135,117.4,54,7.21,51.77,KKR,8.9
10653,Vikas Reddy,29,India,Wicketkeeper,156,8,3485,97.1,0,0.0,21.37,SRH,6.98
10654,Nikhil Singh,23,India,Wicketkeeper,53,2,2578,152.0,0,0.0,53.77,RR,8.91
10655,Aditya Kulkarni,37,India,Allrounder,149,9,2716,138.0,309,5.1,27.75,RR,14.34
10656,Nikhil Chopra,34,Australia,Bowler,99,5,1946,147.1,560,6.67,23.53,GT,13.12
10657,Arjun Yadav,22,West Indies,Batter,25,1,4398,96.4,15,6.84,21.53,MI,4.07
10658,Nikhil Kulkarni,28,India,Batter,120,4,14227,143.0,0,6.1,30.44,LSG,17.24
10659,Arjun Iyer,26,Australia,Batter,114,7,5048,142.3,4,7.73,37.32,CSK,8.53
10660,Irfan Khan,28,West Indies,Wicketkeeper,22,1,5412,120.8,0,0.0,20.41,PBKS,8.99
10661,Ankit Kulkarni,20,West Indies,Allrounder,50,2,7769,102.5,256,6.99,46.76,RR,10.31
10662,Manoj Chopra,24,India,Allrounder,23,1,7581,135.5,486,5.9,42.62,LSG,14.99
10663,Rahul Reddy,20,England,Allrounder,25,1,3131,111.0,352,7.16,29.35,RR,6.24
10664,Irfan Deshmukh,22,India,Batter,24,1,9439,95.8,8,9.02,26.35,MI,10.46
10665,Karthik Chopra,39,India,Batter,510,17,3876,144.0,14,8.14,32.54,GT,15.07
10666,Nikhil Chopra,33,India,Batter,119,4,5909,128.4,5,8.29,22.26,KKR,11.05
10667,Pranav Sharma,34,India,Batter,119,5,5460,143.8,6,8.18,54.74,RCB,13.17
10668,Karthik Deshmukh,26,India,Batter,91,5,5669,134.6,10,6.1,34.51,MI,10.96
10669,Karthik Mehta,32,West Indies,Wicketkeeper,41,2,3199,95.6,0,0.0,41.5,MI,5.5
10670,Nikhil Naidu,30,India,Batter,91,5,3395,117.7,6,6.43,29.15,LSG,9.49
10671,Sameer Khan,30,Australia,Wicketkeeper,29,1,3118,116.7,0,0.0,37.24,MI,6.55
10672,Harshit Verma,24,Sri Lanka,Allrounder,100,4,7401,128.2,498,6.26,28.35,DC,11.84
10673,Manoj Kulkarni,31,India,Wicketkeeper,237,11,4471,133.1,0,0.0,49.88,KKR,12.03
10674,Aditya Mehta,40,India,Batter,128,7,5908,125.5,7,6.78,42.7,RCB,9.27
10675,Harshit Kulkarni,36,India,Wicketkeeper,160,10,3309,128.9,0,0.0,32.8,GT,9.79
10676,Karthik Patel,29,South Africa,Wicketkeeper,27,1,5942,133.5,0,0.0,20.99,DC,9.39
10677,Manoj Chopra,30,India,Allrounder,151,9,1789,127.0,336,6.29,20.72,GT,12.28
10678,Harshit Yadav,38,West Indies,Wicketkeeper,395,20,3277,125.5,0,0.0,42.9,SRH,12.11
10679,Sameer Singh,26,India,Batter,106,6,9699,101.8,12,8.66,54.67,LSG,14.11
10680,Manoj Iyer,24,Sri Lanka,Allrounder,19,1,2562,116.8,477,7.12,28.72,DC,8.31
10681,Nikhil Shetty,24,Australia,Batter,79,4,5619,147.9,8,8.01,38.22,MI,9.83
10682,Rahul Kulkarni,28,India,Bowler,208,9,2453,116.5,477,6.51,33.59,RR,13.54
10683,Nikhil Patel,42,India,Batter,334,22,11106,137.3,14,7.0,32.57,KKR,18.8
10684,Nikhil Iyer,23,Sri Lanka,Bowler,82,4,223,117.2,382,4.72,49.88,GT,7.98
10685,Sameer Khan,29,India,Bowler,112,4,3391,115.1,389,6.81,51.74,GT,10.12
10686,Sandeep Deshmukh,35,Sri Lanka,Batter,283,12,13217,98.0,11,6.26,24.46,DC,12.53
10687,Sandeep Singh,34,India,Wicketkeeper,173,7,9396,102.0,0,0.0,23.07,MI,11.86
10688,Karthik Iyer,31,West Indies,Batter,116,5,14224,131.1,11,8.31,42.67,GT,16.42
10689,Vikas Mehta,20,England,Allrounder,36,2,3767,140.4,217,7.41,27.25,SRH,7.75
10690,Sandeep Patel,23,South Africa,Allrounder,57,2,2518,129.8,79,7.18,53.03,SRH,7.27
10691,Aditya Singh,40,Sri Lanka,Batter,81,3,14694,98.5,8,6.81,42.87,DC,13.94
10692,Harshit Verma,23,India,Bowler,34,2,1253,112.0,245,6.81,39.98,MI,9.13
10693,Arjun Mehta,31,India,Bowler,276,12,1300,152.6,197,4.23,23.85,GT,12.32
10694,Ankit Deshmukh,37,England,Wicketkeeper,357,12,9174,99.1,0,0.0,21.54,SRH,13.56
10695,Manoj Reddy,18,Sri Lanka,Allrounder,21,1,6217,100.8,413,6.5,46.06,MI,8.85
10696,Rahul Naidu,37,England,Allrounder,314,13,1532,110.6,287,8.15,42.01,RR,13.25
10697,Nikhil Patel,32,India,Allrounder,162,10,3058,118.2,106,5.15,30.25,RCB,13.97
10698,Manoj Yadav,29,India,Wicketkeeper,180,9,3800,108.7,0,0.0,42.57,LSG,11.5
10699,Amit Mehta,31,India,Wicketkeeper,375,13,9634,102.8,0,0.0,50.12,MI,13.96
10700,Rahul Khan,31,India,Wicketkeeper,321,12,4730,134.9,0,0.0,44.88,LSG,13.41
10701,Nikhil Naidu,24,India,Wicketkeeper,57,2,2893,151.1,0,0.0,52.98,MI,10.87
10702,Pranav Singh,23,India,Batter,115,4,6569,124.7,4,7.93,31.74,MI,10.22
10703,Rahul Chopra,31,India,Batter,257,10,7023,127.3,15,8.5,52.65,LSG,15.92
10704,Harshit Verma,30,India,Wicketkeeper,79,3,9053,109.3,0,0.0,30.86,RCB,12.12
10705,Rahul Mehta,19,India,Bowler,24,1,3377,143.4,159,5.2,23.47,MI,6.57
10706,Rohan Kulkarni,30,South Africa,Allrounder,298,11,5903,120.7,120,6.59,22.56,LSG,12.15
10707,Vikas Kulkarni,26,Sri Lanka,Bowler,100,4,1066,125.8,632,5.56,22.28,MI,11.66
10708,Aditya Verma,40,England,Wicketkeeper,186,10,2714,125.6,0,0.0,53.57,MI,9.29
10709,Rohan Naidu,42,Australia,Batter,191,7,11475,126.9,0,9.43,38.03,DC,12.51
10710,Rohan Naidu,30,West Indies,Wicketkeeper,37,2,8967,112.1,0,0.0,54.9,KKR,12.02
10711,Karthik Patel,31,India,Allrounder,222,10,3800,122.2,355,5.96,20.1,GT,16.2
10712,Manoj Khan,37,Sri Lanka,Allrounder,334,17,4404,99.3,227,6.22,46.03,SRH,11.59
10713,Ankit Kulkarni,25,England,Wicketkeeper,155,7,2588,128.7,0,0.0,40.03,DC,6.51
10714,Vikas Yadav,28,India,Bowler,231,10,440,143.9,509,5.09,20.11,GT,14.78
10715,Irfan Yadav,42,South Africa,Batter,562,19,6697,134.6,3,7.17,51.78,CSK,14.75
10716,Nikhil Iyer,40,England,Bowler,332,21,977,127.5,341,4.89,38.83,GT,13.52
10717,Nikhil Sharma,20,India,Allrounder,27,1,5308,98.0,84,8.06,34.86,LSG,9.05
10718,Sandeep Malik,29,West Indies,Allrounder,53,2,4650,96.3,133,5.64,25.15,DC,9.86
10719,Amit Chopra,21,West Indies,Batter,32,2,6181,107.9,5,9.42,52.73,LSG,8.45
10720,Rahul Malik,37,India,Batter,558,19,14366,150.9,5,6.72,42.91,MI,20.0
10721,Amit Singh,38,India,Allrounder,350,15,3418,129.9,183,5.4,31.15,GT,12.06
10722,Ankit Deshmukh,42,West Indies,Wicketkeeper,329,12,11246,118.0,0,0.0,35.41,PBKS,14.61
10723,Pranav Sharma,41,England,Bowler,553,19,3252,134.8,265,5.61,46.89,GT,14.49
10724,Sameer Shetty,26,India,Allrounder,170,6,2273,150.5,260,6.15,52.85,CSK,13.86
10725,Karthik Deshmukh,25,India,Batter,149,7,12731,95.9,10,6.14,34.88,KKR,13.5
10726,Rahul Iyer,32,England,Allrounder,216,11,5549,111.7,254,7.07,29.08,RCB,11.33
10727,Arjun Iyer,38,India,Allrounder,418,19,8535,131.1,86,7.37,25.85,GT,14.24
10728,Amit Kulkarni,19,India,Bowler,16,1,359,135.8,845,7.36,32.69,LSG,11.49
10729,Vikas Yadav,38,India,Wicketkeeper,313,12,3175,136.0,0,0.0,23.94,PBKS,10.5
10730,Aditya Kulkarni,38,South Africa,Allrounder,404,16,3776,105.1,187,6.64,21.45,LSG,10.71
10731,Sandeep Malik,37,India,Bowler,129,7,134,104.0,761,5.29,42.17,PBKS,16.38
10732,Sandeep Khan,33,India,Allrounder,350,14,6453,103.9,165,7.36,20.86,KKR,13.43
10733,Nikhil Shetty,20,West Indies,Allrounder,16,1,4935,95.1,329,7.77,32.04,GT,7.56
10734,Manoj Yadav,27,India,Batter,84,5,13859,144.1,6,7.73,49.35,LSG,15.64
10735,Aditya Singh,31,India,Batter,199,7,12213,109.8,5,8.54,45.21,PBKS,11.61
10736,Vikas Chopra,23,England,Wicketkeeper,69,3,9726,109.8,0,0.0,27.51,RCB,11.78
10737,Karthik Khan,21,England,Batter,51,2,7776,135.7,2,7.91,21.86,DC,7.8
10738,Arjun Patel,25,India,Batter,32,2,13626,142.1,7,6.21,50.08,DC,15.22
10739,Amit Khan,18,West Indies,Batter,18,1,4764,120.7,8,8.12,49.59,DC,5.6
10740,Harshit Shetty,26,Australia,Allrounder,96,4,6931,129.8,179,7.55,31.19,RCB,11.41
10741,Rahul Yadav,20,Australia,Wicketkeeper,56,2,8796,106.9,0,0.0,34.65,DC,9.42
10742,Karthik Yadav,30,Sri Lanka,Batter,81,4,10134,115.4,10,7.0,38.05,GT,10.31
10743,Irfan Malik,39,India,Batter,233,14,5822,143.4,9,6.59,25.09,PBKS,12.32
10744,Rohan Deshmukh,38,India,Batter,358,19,10845,139.8,4,7.68,36.98,CSK,20.0
10745,Ankit Sharma,27,West Indies,Wicketkeeper,47,2,9996,116.7,0,0.0,36.62,RCB,10.58
10746,Karthik Verma,24,Australia,Batter,49,2,11789,154.4,11,8.97,42.09,DC,13.07
10747,Ankit Naidu,31,Sri Lanka,Wicketkeeper,87,3,10100,142.6,0,0.0,20.51,LSG,10.21
10748,Rahul Kulkarni,35,South Africa,Bowler,162,7,3636,152.2,288,7.35,40.13,GT,6.64
10749,Sandeep Reddy,24,South Africa,Wicketkeeper,177,6,11126,140.2,0,0.0,37.95,DC,13.6
10750,Irfan Sharma,24,Australia,Bowler,80,4,266,146.1,483,5.09,40.89,CSK,11.44
10751,Irfan Mehta,42,England,Allrounder,197,12,5340,134.5,387,7.03,49.96,MI,14.57
10752,Vikas Yadav,35,India,Wicketkeeper,98,5,4362,138.9,0,0.0,27.39,DC,7.23
10753,Karthik Iyer,27,West Indies,Batter,83,3,11556,153.8,4,7.63,39.41,MI,12.33
10754,Sandeep Iyer,25,India,Wicketkeeper,155,6,4828,151.3,0,0.0,48.47,SRH,11.8
10755,Aditya Shetty,24,India,Allrounder,73,3,2488,116.0,129,7.33,30.65,RCB,8.92
10756,Sandeep Shetty,22,India,Batter,51,2,3195,121.0,0,8.25,47.96,DC,8.23
10757,Harshit Iyer,33,West Indies,Bowler,85,3,1121,113.7,355,6.89,44.6,SRH,8.25
10758,Sameer Singh,26,India,Batter,132,5,7610,114.4,14,7.73,34.45,MI,12.06
10759,Rohan Shetty,19,India,Allrounder,16,1,4429,116.6,279,8.13,30.06,GT,8.27
10760,Harshit Iyer,41,Australia,Allrounder,129,6,6545,107.9,157,6.23,39.06,PBKS,11.08
10761,Vikas Malik,19,India,Bowler,26,1,844,144.0,761,4.56,27.9,RCB,15.31
10762,Harshit Shetty,23,India,Bowler,94,5,3202,102.5,129,6.27,54.25,KKR,7.53
10763,Harshit Shetty,20,India,Batter,42,2,13465,144.3,9,7.59,46.9,RR,17.2
10764,Nikhil Chopra,29,Sri Lanka,Batter,171,7,10228,144.6,4,8.5,23.52,CSK,14.91
10765,Vikas Kulkarni,38,Australia,Batter,76,3,13395,110.9,1,8.37,47.51,GT,13.95
10766,Irfan Shetty,27,Sri Lanka,Bowler,23,1,3644,149.1,714,7.64,24.02,RCB,8.37
10767,Irfan Deshmukh,24,West Indies,Batter,20,1,13105,116.9,11,7.29,24.28,KKR,13.25
10768,Pranav Yadav,29,England,Wicketkeeper,120,4,10076,100.9,0,0.0,33.47,MI,11.93
10769,Amit Yadav,38,West Indies,Wicketkeeper,163,8,9886,154.5,0,0.0,39.91,GT,15.87
10770,Amit Shetty,32,India,Wicketkeeper,57,3,8671,132.3,0,0.0,36.49,KKR,13.44
10771,Vikas Singh,42,India,Wicketkeeper,27,1,9680,134.7,0,0.0,53.48,PBKS,14.1
10772,Vikas Deshmukh,38,Sri Lanka,Bowler,25,1,184,98.9,619,6.24,37.25,MI,11.57
10773,Vikas Singh,21,India,Allrounder,28,1,2954,118.2,105,8.47,40.79,RCB,9.69
10774,Sandeep Iyer,36,India,Allrounder,356,14,5823,103.5,410,5.37,50.61,MI,19.34
10775,Karthik Patel,31,India,Allrounder,110,5,2194,113.3,305,6.05,33.55,KKR,11.43
10776,Aditya Shetty,21,West Indies,Batter,27,1,3832,100.1,12,9.38,48.66,RR,4.24
10777,Manoj Shetty,23,India,Bowler,87,3,2126,146.0,178,5.3,54.71,MI,8.47
10778,Arjun Shetty,34,Sri Lanka,Wicketkeeper,255,9,10113,115.9,0,0.0,24.53,RR,13.25
10779,Irfan Mehta,20,India,Batter,21,1,13697,140.5,5,6.51,25.07,CSK,13.99
10780,Sandeep Singh,18,India,Wicketkeeper,17,1,8824,110.6,0,0.0,27.15,LSG,8.34
10781,Sameer Khan,37,West Indies,Wicketkeeper,262,12,11720,116.3,0,0.0,22.6,RCB,11.87
10782,Nikhil Patel,39,West Indies,Wicketkeeper,86,3,4970,146.4,0,0.0,50.11,DC,8.65
10783,Sameer Sharma,18,South Africa,Batter,28,1,10661,131.7,10,7.45,42.47,KKR,12.07
10784,Sameer Naidu,35,India,Bowler,45,2,1865,126.2,689,6.85,37.86,KKR,15.17
10785,Rahul Deshmukh,37,West Indies,Bowler,448,15,2524,137.2,818,6.4,32.13,DC,20.0
10786,Karthik Verma,24,England,Allrounder,92,4,4812,111.2,306,6.16,39.21,GT,11.71
10787,Aditya Yadav,28,England,Wicketkeeper,256,9,7336,116.6,0,0.0,38.91,RCB,12.23
10788,Arjun Shetty,27,India,Bowler,118,4,777,145.2,337,5.54,22.56,LSG,8.84
10789,Sandeep Mehta,42,India,Allrounder,65,4,6188,129.5,405,7.0,33.43,KKR,11.65
10790,Sandeep Khan,31,India,Wicketkeeper,240,12,10516,120.3,0,0.0,48.0,MI,15.69
10791,Rohan Chopra,29,Sri Lanka,Wicketkeeper,194,10,3052,111.8,0,0.0,50.5,GT,9.2
10792,Pranav Iyer,30,West Indies,Wicketkeeper,156,8,4996,148.8,0,0.0,42.77,KKR,11.22
10793,Manoj Kulkarni,34,England,Bowler,88,3,1183,131.8,674,6.94,38.38,PBKS,12.76
10794,Aditya Sharma,18,West Indies,Batter,15,1,4639,112.0,5,9.38,25.4,KKR,6.64
10795,Sameer Verma,21,South Africa,Bowler,58,3,816,131.9,140,5.09,26.48,SRH,5.93
10796,Vikas Malik,23,England,Wicketkeeper,150,5,11935,149.5,0,0.0,34.39,PBKS,11.66
10797,Aditya Verma,38,India,Wicketkeeper,104,5,5106,146.0,0,0.0,28.72,CSK,9.94
10798,Sandeep Chopra,42,India,Bowler,71,3,2861,98.6,841,5.19,29.02,KKR,15.8
10799,Amit Shetty,35,India,Batter,218,9,9308,151.8,6,7.72,33.61,DC,16.54
10800,Rahul Malik,36,India,Allrounder,149,8,6483,120.7,348,7.24,21.64,KKR,12.25
10801,Aditya Patel,27,India,Batter,86,3,3820,99.0,6,7.76,50.93,KKR,9.47
10802,Arjun Mehta,27,England,Bowler,89,3,3889,117.7,176,6.86,42.41,PBKS,7.14
10803,Vikas Iyer,35,South Africa,Allrounder,133,6,1624,137.2,403,5.39,48.8,DC,11.66
10804,Manoj Deshmukh,36,England,Allrounder,242,10,4951,112.1,343,7.88,29.23,SRH,13.06
10805,Sameer Yadav,36,England,Bowler,23,1,1301,153.1,331,5.98,52.22,RR,7.04
10806,Karthik Verma,21,Australia,Allrounder,74,3,6345,141.8,285,6.26,52.25,KKR,10.77
10807,Pranav Yadav,29,Sri Lanka,Allrounder,131,7,3115,144.8,118,5.91,29.38,RCB,9.98
10808,Rohan Malik,36,India,Batter,210,13,13612,106.9,13,7.2,37.75,KKR,15.67
10809,Rahul Shetty,21,India,Bowler,23,1,3121,126.7,298,7.2,24.32,LSG,8.69
10810,Harshit Singh,33,West Indies,Wicketkeeper,222,10,5779,110.1,0,0.0,39.7,CSK,9.91
10811,Rohan Patel,24,Australia,Bowler,97,4,179,129.6,708,6.22,22.7,LSG,13.38
10812,Karthik Reddy,32,West Indies,Bowler,160,9,3824,149.6,572,6.86,37.87,PBKS,12.83
10813,Rohan Iyer,39,Sri Lanka,Wicketkeeper,76,4,6201,138.1,0,0.0,51.99,CSK,10.27
10814,Pranav Naidu,32,Sri Lanka,Batter,155,6,8019,135.5,4,8.25,45.25,LSG,11.44
10815,Aditya Chopra,29,South Africa,Batter,40,2,13663,130.0,15,6.91,49.48,MI,13.59
10816,Rahul Mehta,35,Sri Lanka,Batter,291,15,13897,148.8,15,7.04,41.71,RR,18.32
10817,Sameer Patel,32,India,Bowler,174,6,3831,132.4,880,5.61,34.07,RR,18.56
10818,Amit Reddy,32,England,Wicketkeeper,239,10,3876,145.3,0,0.0,36.88,RR,11.1
10819,Vikas Shetty,28,West Indies,Batter,94,5,10122,125.6,4,9.15,43.11,RCB,14.26
10820,Vikas Shetty,27,South Africa,Allrounder,222,8,4825,103.8,326,8.49,45.79,RR,10.68
10821,Arjun Mehta,39,South Africa,Bowler,18,1,2838,145.3,374,4.53,40.88,SRH,8.77
10822,Ankit Malik,29,India,Allrounder,152,6,7789,147.0,215,8.28,22.62,MI,11.12
10823,Arjun Yadav,28,West Indies,Allrounder,188,10,2264,131.1,218,5.48,38.14,PBKS,11.91
10824,Pranav Reddy,32,South Africa,Allrounder,19,1,7278,102.8,350,5.59,39.74,SRH,9.2
10825,Sandeep Yadav,29,West Indies,Wicketkeeper,146,7,7767,97.9,0,0.0,50.58,CSK,10.68
10826,Aditya Reddy,26,Australia,Bowler,149,5,925,142.1,568,7.07,20.56,SRH,11.44
10827,Aditya Chopra,27,Sri Lanka,Batter,215,8,14675,128.0,13,6.17,54.8,GT,17.63
10828,Irfan Mehta,35,South Africa,Allrounder,179,7,5476,115.7,101,6.2,24.7,MI,9.25
10829,Aditya Malik,41,India,Wicketkeeper,323,12,7453,135.5,0,0.0,42.63,RR,14.17
10830,Harshit Yadav,35,England,Wicketkeeper,17,1,11105,101.1,0,0.0,36.36,KKR,11.64
10831,Harshit Verma,31,Sri Lanka,Wicketkeeper,80,3,11496,135.0,0,0.0,37.27,LSG,12.84
10832,Harshit Naidu,19,South Africa,Wicketkeeper,18,1,9990,135.5,0,0.0,48.57,RR,10.32
10833,Pranav Kulkarni,32,India,Batter,59,3,14314,132.0,3,8.4,49.88,CSK,15.63
10834,Sandeep Sharma,37,India,Batter,221,8,7560,118.3,10,9.15,26.06,CSK,14.0
10835,Sandeep Verma,19,Australia,Wicketkeeper,15,1,2939,144.1,0,0.0,27.48,SRH,6.23
10836,Karthik Iyer,37,Australia,Bowler,44,2,660,96.4,389,7.53,52.24,RCB,6.8
10837,Amit Singh,22,South Africa,Bowler,88,3,2696,141.5,100,6.24,33.95,RR,5.03
10838,Arjun Iyer,28,India,Batter,142,9,9528,108.7,14,9.47,29.25,KKR,12.19
10839,Manoj Yadav,36,England,Allrounder,133,6,4297,151.4,235,5.18,35.96,PBKS,10.6
10840,Manoj Sharma,26,India,Bowler,73,3,3310,136.2,459,6.56,50.61,GT,10.11
10841,Rahul Malik,37,India,Batter,354,15,3690,128.7,8,8.33,44.86,MI,11.92
10842,Nikhil Shetty,32,England,Allrounder,172,10,4553,106.2,306,7.63,23.84,CSK,9.85
10843,Sameer Singh,27,India,Bowler,182,9,3143,117.4,844,4.28,37.43,GT,19.76
10844,Sandeep Singh,19,India,Wicketkeeper,17,1,7029,131.9,0,0.0,53.53,GT,10.42
10845,Amit Shetty,21,England,Allrounder,58,2,5127,140.7,137,6.16,38.6,RR,9.02
10846,Arjun Singh,21,England,Bowler,26,1,566,131.9,657,4.84,53.85,MI,13.74
10847,Arjun Reddy,32,Sri Lanka,Bowler,134,5,478,125.4,739,4.47,21.81,RR,16.4
10848,Vikas Yadav,37,West Indies,Bowler,34,2,2261,132.2,880,5.22,49.44,RR,14.57
10849,Arjun Deshmukh,40,Sri Lanka,Batter,231,15,11156,122.8,9,8.56,51.82,PBKS,14.29
10850,Ankit Khan,33,India,Batter,76,3,10597,140.2,11,7.06,36.59,RCB,12.51
10851,Vikas Malik,38,India,Wicketkeeper,45,2,9988,148.9,0,0.0,47.91,PBKS,14.01
10852,Harshit Deshmukh,40,India,Allrounder,222,13,2857,107.9,186,8.16,43.39,KKR,11.38
10853,Harshit Malik,38,Australia,Wicketkeeper,37,2,9036,139.3,0,0.0,45.98,CSK,10.28
10854,Karthik Sharma,31,India,Allrounder,161,9,5730,95.7,228,6.76,29.15,SRH,11.13
10855,Rohan Iyer,25,India,Wicketkeeper,70,3,6708,114.4,0,0.0,49.82,KKR,10.11
10856,Vikas Shetty,23,South Africa,Wicketkeeper,17,1,2658,145.5,0,0.0,23.66,SRH,6.89
10857,Ankit Kulkarni,39,West Indies,Wicketkeeper,471,18,2895,152.0,0,0.0,26.39,PBKS,11.63
10858,Sameer Yadav,32,India,Wicketkeeper,177,9,7140,119.9,0,0.0,27.53,GT,13.39
10859,Aditya Shetty,19,India,Wicketkeeper,27,1,11530,146.6,0,0.0,46.23,PBKS,12.97
10860,Karthik Shetty,22,India,Bowler,70,3,213,135.9,483,5.34,26.45,DC,11.63
10861,Amit Malik,40,England,Allrounder,50,3,6310,117.6,389,6.34,28.33,KKR,8.73
10862,Amit Sharma,29,Sri Lanka,Bowler,157,8,1686,135.7,889,7.33,29.8,PBKS,16.2
10863,Arjun Yadav,29,West Indies,Allrounder,57,3,8870,96.1,376,5.85,32.13,SRH,11.24
10864,Ankit Sharma,20,Australia,Allrounder,25,1,3411,111.7,149,6.84,44.52,RR,7.45
10865,Nikhil Iyer,27,India,Wicketkeeper,103,6,6193,119.7,0,0.0,31.07,SRH,12.68
10866,Sameer Malik,34,South Africa,Wicketkeeper,300,11,7189,151.3,0,0.0,29.2,SRH,13.59
10867,Sameer Kulkarni,34,India,Allrounder,20,1,3968,117.9,303,6.39,28.44,RCB,9.13
10868,Sandeep Yadav,33,India,Bowler,139,5,2636,113.1,249,4.83,50.25,RR,9.65
10869,Pranav Singh,28,India,Allrounder,220,10,7294,135.9,497,7.68,36.0,MI,17.11
10870,Harshit Malik,19,India,Allrounder,15,1,4698,111.0,282,6.78,22.6,CSK,11.07
10871,Aditya Khan,37,India,Wicketkeeper,188,10,3075,114.9,0,0.0,37.35,MI,10.53
10872,Harshit Patel,39,India,Batter,113,4,11555,100.3,5,6.2,29.21,RR,13.15
10873,Ankit Deshmukh,40,Australia,Allrounder,33,2,8664,118.6,344,6.28,24.13,RR,11.21
10874,Pranav Deshmukh,40,Sri Lanka,Batter,289,19,13061,110.7,15,6.79,22.37,KKR,17.09
10875,Nikhil Iyer,41,India,Allrounder,30,2,8486,99.3,486,6.14,44.62,RCB,10.6
10876,Pranav Iyer,28,Sri Lanka,Batter,193,7,8714,114.6,5,7.35,24.43,MI,12.12
10877,Pranav Sharma,29,West Indies,Wicketkeeper,144,5,5953,108.6,0,0.0,28.14,LSG,10.33
10878,Rohan Naidu,29,England,Allrounder,175,10,8976,145.1,107,8.45,20.53,RCB,10.2
10879,Amit Chopra,40,England,Bowler,104,4,3597,110.4,408,6.34,23.65,RR,8.18
10880,Amit Patel,18,Australia,Wicketkeeper,21,1,2562,137.3,0,0.0,24.61,PBKS,4.92
10881,Karthik Patel,29,India,Allrounder,236,11,3616,132.9,101,6.55,39.41,RR,11.93
10882,Manoj Shetty,28,India,Bowler,53,2,1259,142.1,113,7.71,47.1,MI,5.96
10883,Rahul Iyer,24,West Indies,Batter,71,4,10505,95.5,0,7.24,45.7,LSG,11.16
10884,Manoj Sharma,37,Australia,Wicketkeeper,60,4,4648,155.0,0,0.0,34.21,RCB,9.98
10885,Irfan Deshmukh,40,South Africa,Bowler,335,13,2227,103.5,550,7.74,30.38,DC,14.82
10886,Sandeep Mehta,36,India,Allrounder,188,12,1965,123.5,459,5.6,47.89,PBKS,13.32
10887,Manoj Mehta,30,Sri Lanka,Batter,47,3,11710,149.4,6,7.19,39.07,RR,12.17
10888,Arjun Iyer,22,India,Wicketkeeper,47,2,5667,122.9,0,0.0,47.55,DC,11.73
10889,Harshit Shetty,39,India,Batter,270,10,3766,141.4,9,6.36,28.5,CSK,12.32
10890,Amit Sharma,32,West Indies,Allrounder,116,7,4576,131.0,64,5.98,51.57,KKR,10.21
10891,Sandeep Reddy,30,India,Bowler,23,1,1068,133.9,279,6.2,47.18,MI,9.25
10892,Irfan Mehta,25,South Africa,Allrounder,92,4,5719,144.6,449,5.91,34.63,DC,12.56
10893,Karthik Malik,36,Australia,Bowler,333,14,176,116.0,534,4.67,28.61,KKR,15.71
10894,Sandeep Singh,22,Sri Lanka,Wicketkeeper,82,3,10978,108.7,0,0.0,29.89,PBKS,10.38
10895,Sandeep Malik,36,England,Wicketkeeper,379,14,7973,105.9,0,0.0,43.37,CSK,14.16
10896,Sandeep Chopra,18,India,Wicketkeeper,27,1,2629,129.8,0,0.0,42.7,RCB,6.17
10897,Sandeep Yadav,34,India,Allrounder,196,8,6450,141.2,459,6.2,24.54,KKR,14.38
10898,Sameer Kulkarni,34,Sri Lanka,Bowler,409,14,2922,111.5,111,6.17,38.47,LSG,9.62
10899,Sameer Khan,22,India,Allrounder,94,4,7301,142.4,135,6.13,51.19,GT,12.08
10900,Harshit Yadav,25,Sri Lanka,Batter,177,7,13012,105.5,3,8.6,29.62,MI,12.27
10901,Manoj Kulkarni,22,England,Batter,57,2,6152,121.2,6,9.22,52.94,DC,8.42
10902,Sameer Malik,29,South Africa,Wicketkeeper,52,2,7334,118.5,0,0.0,53.31,SRH,8.28
10903,Pranav Reddy,30,India,Allrounder,207,9,5229,134.6,491,8.24,20.31,LSG,15.22
10904,Pranav Kulkarni,21,England,Bowler,32,2,2701,149.7,507,5.52,50.98,PBKS,10.44
10905,Sandeep Verma,21,England,Wicketkeeper,60,3,11954,106.2,0,0.0,33.97,CSK,9.08
10906,Sandeep Kulkarni,26,India,Wicketkeeper,148,8,6217,145.1,0,0.0,40.23,KKR,11.88
10907,Rahul Verma,40,Australia,Wicketkeeper,187,7,7704,145.8,0,0.0,48.93,KKR,12.78
10908,Karthik Patel,31,England,Wicketkeeper,99,5,8605,149.4,0,0.0,24.1,MI,10.64
10909,Aditya Sharma,40,India,Bowler,305,16,3668,100.0,146,4.55,52.73,KKR,11.17
10910,Irfan Shetty,30,India,Allrounder,16,1,6665,98.9,286,6.66,31.25,RR,10.59
10911,Rahul Shetty,19,India,Batter,30,1,8178,143.6,11,7.23,45.74,SRH,12.16
10912,Vikas Singh,38,India,Wicketkeeper,132,6,10658,136.4,0,0.0,20.77,SRH,11.49
10913,Manoj Yadav,18,Australia,Bowler,22,1,3732,107.9,632,7.46,42.02,RCB,11.1
10914,Karthik Patel,38,South Africa,Allrounder,240,9,7149,99.9,330,5.22,20.34,DC,11.66
10915,Nikhil Chopra,37,England,Allrounder,48,3,3641,132.8,248,6.98,21.77,RCB,8.47
10916,Karthik Patel,20,India,Batter,45,2,4851,146.1,8,7.02,23.55,KKR,9.03
10917,Arjun Singh,33,India,Batter,60,2,14923,120.5,0,6.76,49.48,RR,15.09
10918,Manoj Kulkarni,31,India,Batter,199,10,4578,154.8,5,6.89,32.43,RR,11.28
10919,Rohan Reddy,21,West Indies,Wicketkeeper,22,1,7786,118.2,0,0.0,24.27,RR,7.9
10920,Rahul Iyer,21,Australia,Wicketkeeper,72,3,4398,135.8,0,0.0,28.52,KKR,9.93
10921,Vikas Yadav,20,India,Wicketkeeper,16,1,3134,132.7,0,0.0,27.81,PBKS,6.06
10922,Arjun Kulkarni,31,India,Allrounder,308,11,3379,146.4,479,6.36,45.86,RCB,18.65
10923,Manoj Yadav,18,West Indies,Allrounder,17,1,6033,131.5,253,5.54,42.0,SRH,9.48
10924,Nikhil Kulkarni,36,India,Allrounder,291,12,7056,122.9,470,5.32,29.12,RR,16.81
10925,Rohan Deshmukh,42,India,Batter,334,18,4032,141.6,5,7.63,25.54,PBKS,11.62
10926,Arjun Deshmukh,18,Sri Lanka,Batter,21,1,14931,111.2,13,6.43,53.33,RCB,12.45
10927,Ankit Reddy,24,England,Wicketkeeper,141,6,8775,139.9,0,0.0,20.68,LSG,10.77
10928,Amit Mehta,29,West Indies,Bowler,94,5,667,110.4,540,5.52,42.34,DC,10.54
10929,Sameer Kulkarni,38,Australia,Batter,272,11,8261,152.9,12,7.61,27.66,SRH,13.15
10930,Aditya Reddy,32,West Indies,Batter,26,1,11927,137.0,9,8.06,48.89,RCB,12.22
10931,Harshit Singh,37,Australia,Wicketkeeper,82,3,3531,119.4,0,0.0,44.04,GT,9.82
10932,Manoj Chopra,26,India,Batter,119,5,5971,121.1,11,7.06,51.35,RR,10.2
10933,Nikhil Mehta,32,England,Allrounder,60,4,3265,138.1,60,8.32,33.1,GT,7.73
10934,Rohan Verma,34,India,Bowler,106,7,2453,96.6,147,7.12,23.6,PBKS,7.97
10935,Sandeep Patel,28,Australia,Bowler,100,5,2837,112.5,243,6.51,53.3,GT,6.86
10936,Karthik Verma,24,Sri Lanka,Batter,126,6,14582,120.8,11,7.53,43.73,GT,15.84
10937,Rahul Sharma,24,Australia,Batter,81,3,13313,123.5,1,8.69,27.49,LSG,12.2
10938,Vikas Deshmukh,22,Sri Lanka,Wicketkeeper,85,3,5171,141.4,0,0.0,31.21,DC,5.92
10939,Sameer Reddy,35,Sri Lanka,Allrounder,39,2,4909,132.9,459,5.61,23.17,RR,11.63
10940,Ankit Patel,27,Australia,Bowler,111,4,2428,132.9,707,7.69,54.51,RR,11.8
10941,Sandeep Naidu,34,India,Allrounder,419,16,5696,153.3,355,6.19,25.09,CSK,16.42
10942,Harshit Yadav,32,West Indies,Bowler,355,12,1358,97.0,609,4.15,36.27,PBKS,17.33
10943,Manoj Reddy,32,England,Batter,231,10,5410,125.7,8,6.29,31.46,RR,10.27
10944,Amit Yadav,34,South Africa,Bowler,321,12,3492,133.1,517,5.28,25.71,SRH,15.81
10945,Amit Verma,40,India,Bowler,238,15,2556,129.9,459,6.91,52.02,CSK,15.31
10946,Irfan Kulkarni,24,Sri Lanka,Allrounder,72,4,5583,154.0,135,6.28,40.15,RR,9.53
10947,Arjun Shetty,37,South Africa,Wicketkeeper,99,6,4743,153.4,0,0.0,20.95,LSG,9.92
10948,Rohan Patel,42,India,Allrounder,443,17,3390,144.0,372,7.55,21.86,SRH,15.22
10949,Sameer Iyer,25,South Africa,Batter,98,4,3379,143.1,15,8.03,39.64,GT,11.18
10950,Arjun Naidu,33,England,Wicketkeeper,165,6,6931,98.8,0,0.0,44.27,KKR,9.31
10951,Rohan Iyer,27,England,Bowler,134,7,1437,144.0,562,4.23,21.51,GT,14.68
10952,Amit Reddy,27,England,Bowler,124,7,2007,111.5,311,4.52,42.17,RR,11.22
10953,Ankit Singh,28,West Indies,Wicketkeeper,294,10,10848,153.6,0,0.0,24.12,RCB,15.77
10954,Sameer Naidu,19,South Africa,Batter,27,1,10022,117.1,15,6.5,49.27,RR,9.77
10955,Manoj Kulkarni,40,India,Allrounder,100,4,7630,114.3,264,6.64,39.64,KKR,11.92
10956,Ankit Shetty,41,Sri Lanka,Bowler,299,12,2654,119.1,472,4.99,31.64,LSG,10.98
10957,Harshit Sharma,30,India,Batter,249,9,6404,150.5,3,8.81,46.59,CSK,14.75
10958,Harshit Reddy,25,India,Bowler,68,4,3968,125.3,411,5.67,24.38,DC,11.74
10959,Karthik Mehta,28,India,Allrounder,230,9,8994,130.8,106,7.61,51.59,PBKS,14.7
10960,Sandeep Malik,25,India,Batter,83,3,13025,140.6,1,6.7,43.96,MI,12.02
10961,Sameer Malik,30,Sri Lanka,Bowler,133,5,3034,135.0,671,5.01,52.35,RR,12.86
10962,Pranav Naidu,27,India,Wicketkeeper,80,5,8220,150.1,0,0.0,45.19,SRH,12.49
10963,Arjun Shetty,19,Sri Lanka,Batter,22,1,9183,147.3,5,6.17,43.02,RCB,11.28
10964,Aditya Reddy,21,Sri Lanka,Batter,50,3,3486,106.2,12,7.09,24.07,LSG,5.87
10965,Karthik Mehta,30,West Indies,Allrounder,164,10,2545,140.2,324,5.18,28.25,KKR,11.77
10966,Sameer Naidu,24,India,Bowler,135,5,2147,118.8,675,4.09,36.89,GT,16.66
10967,Karthik Shetty,29,South Africa,Bowler,312,11,0,97.6,733,4.64,26.62,GT,15.96
10968,Rohan Singh,24,India,Batter,29,1,13091,99.9,3,8.38,39.43,MI,13.58
10969,Rahul Reddy,41,India,Wicketkeeper,333,14,3130,103.8,0,0.0,26.85,MI,11.61
10970,Rahul Sharma,21,India,Batter,67,3,8697,101.0,5,7.38,26.06,LSG,10.54
10971,Ankit Deshmukh,33,India,Allrounder,248,9,7494,114.8,400,6.22,46.22,MI,15.65
10972,Sameer Kulkarni,20,West Indies,Allrounder,21,1,4027,146.6,428,5.26,48.57,KKR,13.33
10973,Pranav Naidu,37,Australia,Wicketkeeper,325,18,8185,141.0,0,0.0,30.83,GT,15.12
10974,Nikhil Naidu,42,India,Wicketkeeper,324,13,9612,144.4,0,0.0,26.4,GT,14.55
10975,Manoj Iyer,35,South Africa,Wicketkeeper,265,10,5210,102.5,0,0.0,21.57,DC,9.98
10976,Rohan Reddy,42,Sri Lanka,Bowler,185,8,2332,113.5,179,7.57,52.12,MI,8.07
10977,Amit Malik,33,India,Batter,146,8,10952,149.5,13,6.95,51.64,RCB,15.49
10978,Arjun Mehta,26,Sri Lanka,Batter,38,2,10713,124.8,2,9.23,50.31,SRH,13.16
10979,Arjun Chopra,32,West Indies,Bowler,214,10,2188,114.5,578,7.61,34.66,RR,13.38
10980,Arjun Iyer,35,South Africa,Bowler,362,14,2239,113.0,535,6.73,46.38,SRH,11.9
10981,Harshit Singh,20,India,Allrounder,32,2,2839,126.4,288,5.26,24.28,MI,10.47
10982,Rahul Singh,38,West Indies,Bowler,262,16,1466,110.5,702,5.11,49.36,RCB,16.04
10983,Manoj Kulkarni,18,India,Bowler,18,1,2911,143.5,413,4.74,47.79,MI,11.36
10984,Vikas Mehta,40,England,Wicketkeeper,65,4,5143,124.9,0,0.0,28.18,SRH,8.86
10985,Vikas Shetty,35,West Indies,Batter,318,11,11466,122.9,2,6.79,20.31,CSK,14.66
10986,Harshit Patel,41,West Indies,Batter,354,16,5348,152.2,8,7.86,25.41,DC,14.74
10987,Vikas Sharma,34,Sri Lanka,Allrounder,142,7,2035,152.7,242,7.01,50.12,RR,10.58
10988,Vikas Mehta,33,West Indies,Bowler,49,2,419,144.3,299,7.23,30.82,GT,7.84
10989,Nikhil Reddy,40,West Indies,Wicketkeeper,546,20,10886,148.4,0,0.0,52.95,GT,20.0
10990,Harshit Verma,37,Sri Lanka,Bowler,272,16,1268,116.3,790,5.88,34.5,KKR,17.14
10991,Aditya Naidu,38,India,Wicketkeeper,130,7,8515,115.1,0,0.0,27.43,DC,12.63
10992,Rahul Sharma,31,Sri Lanka,Wicketkeeper,72,4,5825,132.1,0,0.0,39.69,GT,8.77
10993,Harshit Yadav,28,West Indies,Batter,147,7,5305,100.8,9,7.62,47.89,CSK,8.92
10994,Irfan Yadav,33,India,Allrounder,31,2,7606,101.9,492,5.61,41.81,DC,11.72
10995,Harshit Iyer,42,West Indies,Wicketkeeper,344,15,4240,118.9,0,0.0,22.09,MI,11.03
10996,Rohan Singh,30,West Indies,Bowler,232,11,2102,141.3,316,5.35,41.53,LSG,11.93
10997,Rahul Yadav,36,India,Allrounder,271,16,8135,106.5,404,6.27,42.11,DC,18.09
10998,Manoj Kulkarni,22,India,Allrounder,59,2,8886,133.8,408,8.11,48.45,PBKS,14.54
10999,Karthik Shetty,36,India,Bowler,273,16,1147,138.1,581,5.98,51.37,CSK,16.08
11000,Amit Yadav,21,India,Batter,21,1,6614,149.6,2,8.71,35.09,GT,9.04
11001,Sameer Mehta,20,Australia,Wicketkeeper,23,1,8063,149.3,0,0.0,41.75,LSG,10.77
11002,Pranav Mehta,23,South Africa,Wicketkeeper,103,4,5505,147.2,0,0.0,21.38,RR,10.55
11003,Arjun Iyer,38,Sri Lanka,Bowler,261,10,1647,145.9,304,6.5,26.1,KKR,11.28
11004,Rahul Yadav,32,South Africa,Bowler,242,9,1982,144.5,185,6.51,30.08,CSK,10.35
11005,Arjun Reddy,22,Australia,Wicketkeeper,58,2,6172,119.3,0,0.0,39.93,GT,8.41
11006,Harshit Deshmukh,24,Australia,Bowler,120,5,2711,97.4,398,5.97,23.45,RR,9.35
11007,Karthik Yadav,40,England,Bowler,402,18,2250,110.7,765,4.38,28.61,PBKS,18.2
11008,Manoj Patel,38,West Indies,Wicketkeeper,117,4,10298,139.5,0,0.0,40.05,SRH,12.14
11009,Arjun Deshmukh,40,South Africa,Batter,92,4,13476,99.2,4,8.67,36.98,RCB,11.93
11010,Pranav Singh,37,India,Allrounder,150,5,3695,146.0,280,6.13,44.77,PBKS,12.91
11011,Irfan Khan,22,South Africa,Allrounder,22,1,2653,97.8,476,8.04,45.23,DC,8.85
11012,Ankit Malik,40,West Indies,Bowler,296,11,1497,144.5,743,6.05,37.75,GT,16.13
11013,Sameer Iyer,34,India,Batter,93,5,6485,98.1,3,7.89,43.4,SRH,9.11
11014,Nikhil Malik,26,West Indies,Allrounder,29,1,3423,96.2,84,5.96,22.33,CSK,7.8
11015,Pranav Shetty,25,England,Batter,60,2,9785,115.8,0,9.35,50.38,RCB,11.18
11016,Pranav Shetty,36,West Indies,Bowler,349,13,969,151.6,505,7.65,50.86,SRH,13.52
11017,Ankit Kulkarni,28,Sri Lanka,Allrounder,150,10,2156,112.3,407,8.13,25.3,DC,9.87
11018,Sandeep Naidu,42,England,Wicketkeeper,438,22,11907,133.4,0,0.0,37.08,GT,16.26
11019,Rohan Deshmukh,41,Sri Lanka,Wicketkeeper,363,17,9563,100.9,0,0.0,43.71,DC,16.0
11020,Nikhil Iyer,26,South Africa,Allrounder,39,2,6914,146.8,42,6.97,41.32,GT,9.99
11021,Amit Patel,21,India,Batter,48,3,6031,121.4,2,8.01,36.2,RCB,7.63
11022,Pranav Khan,18,South Africa,Wicketkeeper,27,1,2519,152.3,0,0.0,24.85,KKR,7.44
11023,Rahul Sharma,22,India,Allrounder,20,1,7511,134.3,310,6.56,35.16,PBKS,13.06
11024,Aditya Singh,23,West Indies,Bowler,26,1,1468,112.2,265,5.08,28.18,RCB,7.44
11025,Harshit Mehta,41,India,Bowler,21,1,1373,147.3,216,5.31,37.68,GT,9.64
11026,Arjun Chopra,35,West Indies,Bowler,214,8,1380,118.1,406,4.91,23.7,RCB,11.92
11027,Arjun Malik,39,Sri Lanka,Wicketkeeper,630,21,8846,149.2,0,0.0,34.29,RR,16.93
11028,Sandeep Yadav,40,West Indies,Batter,171,7,14111,115.9,12,9.43,49.27,DC,15.25
11029,Amit Sharma,18,South Africa,Batter,21,1,8884,99.6,4,6.9,21.11,SRH,7.93
11030,Pranav Singh,40,Sri Lanka,Batter,257,10,8883,113.7,5,8.12,35.52,CSK,11.45
11031,Ankit Naidu,40,India,Bowler,179,7,418,109.9,509,7.11,30.8,CSK,13.03
11032,Nikhil Chopra,28,South Africa,Bowler,26,1,3825,124.6,180,7.21,48.97,CSK,3.94
11033,Sameer Sharma,29,India,Wicketkeeper,89,3,10426,117.5,0,0.0,33.94,MI,13.94
11034,Sandeep Khan,26,South Africa,Batter,29,1,9842,150.0,8,6.58,51.39,PBKS,11.27
11035,Rohan Khan,22,South Africa,Allrounder,76,3,2194,119.1,339,8.44,48.65,LSG,7.94
11036,Karthik Chopra,22,India,Allrounder,33,2,7491,122.3,383,6.45,49.05,RCB,12.75
11037,Ankit Chopra,25,India,Bowler,153,6,1657,108.2,178,4.67,31.02,GT,10.37
11038,Irfan Naidu,39,South Africa,Bowler,122,5,3179,117.4,310,7.0,32.54,CSK,8.36
11039,Rahul Iyer,38,India,Wicketkeeper,230,13,6041,154.9,0,0.0,33.43,MI,12.89
11040,Arjun Malik,32,Australia,Bowler,283,10,194,132.4,238,4.94,48.07,MI,10.29
11041,Aditya Deshmukh,23,West Indies,Bowler,134,5,1080,132.1,545,4.26,21.25,DC,11.29
11042,Pranav Iyer,27,India,Batter,110,5,7036,110.4,8,7.84,30.73,SRH,10.44
11043,Vikas Malik,23,India,Bowler,85,5,1443,150.6,635,5.77,44.87,DC,15.5
11044,Aditya Sharma,38,Australia,Wicketkeeper,170,6,8432,151.2,0,0.0,43.1,RCB,12.53
11045,Nikhil Malik,23,India,Allrounder,112,5,3819,110.9,255,5.02,51.7,RCB,13.12
11046,Sandeep Patel,25,India,Bowler,168,6,3117,153.9,339,6.45,25.46,MI,13.15
11047,Irfan Malik,33,Sri Lanka,Batter,19,1,13766,116.7,7,7.04,31.43,MI,11.33
11048,Irfan Kulkarni,36,India,Bowler,369,13,2736,121.6,188,4.96,42.48,MI,12.57
11049,Karthik Kulkarni,40,India,Batter,435,21,11057,99.8,11,7.09,44.8,RR,20.0
11050,Rahul Iyer,29,India,Wicketkeeper,114,7,9637,122.5,0,0.0,39.48,KKR,15.22
11051,Amit Iyer,33,India,Bowler,78,5,3409,148.4,526,5.73,39.56,MI,10.96
11052,Aditya Reddy,30,India,Bowler,97,4,1523,125.6,613,7.51,30.24,LSG,13.46
11053,Sameer Iyer,37,South Africa,Bowler,226,10,2828,126.3,501,5.35,38.55,GT,13.11
11054,Manoj Reddy,26,India,Bowler,40,2,2416,108.5,501,6.61,43.06,KKR,12.36
11055,Arjun Iyer,34,India,Bowler,128,8,1966,135.6,563,6.96,36.86,KKR,12.48
11056,Manoj Deshmukh,33,India,Bowler,263,14,1296,119.3,799,7.77,23.73,SRH,16.67
11057,Karthik Kulkarni,26,England,Batter,165,7,13195,107.7,10,8.88,44.96,DC,13.47
11058,Manoj Reddy,35,South Africa,Batter,336,16,3873,96.0,12,6.63,25.59,GT,9.17
11059,Sameer Malik,38,Sri Lanka,Allrounder,459,18,4685,101.4,492,6.32,26.92,CSK,17.05
11060,Aditya Iyer,31,India,Wicketkeeper,94,4,11554,140.9,0,0.0,46.95,KKR,13.42
11061,Pranav Patel,26,England,Batter,47,2,3084,145.5,8,8.86,34.72,LSG,6.69
11062,Pranav Reddy,37,India,Wicketkeeper,260,12,9487,147.1,0,0.0,38.41,CSK,13.68
11063,Pranav Chopra,40,India,Bowler,133,6,3182,138.1,410,5.79,27.48,CSK,12.83
11064,Karthik Mehta,29,South Africa,Batter,144,8,5463,120.8,11,8.76,24.46,SRH,10.65
11065,Karthik Verma,21,India,Wicketkeeper,50,2,4960,102.2,0,0.0,25.77,LSG,7.62
11066,Sameer Reddy,24,India,Allrounder,76,4,3005,154.5,182,8.12,32.49,MI,10.03
11067,Aditya Shetty,26,India,Bowler,159,7,3570,108.1,810,5.11,48.83,SRH,18.3
11068,Nikhil Naidu,38,West Indies,Allrounder,443,16,6458,150.4,357,5.73,43.36,SRH,18.96
11069,Nikhil Reddy,29,Australia,Bowler,264,9,827,128.2,855,7.41,44.17,CSK,17.43
11070,Sameer Shetty,41,India,Bowler,94,4,3392,144.9,204,6.35,49.26,MI,7.57
11071,Amit Reddy,27,West Indies,Allrounder,247,9,6242,133.0,339,7.06,52.27,MI,12.23
11072,Pranav Khan,31,India,Allrounder,86,4,7281,134.9,59,8.25,20.27,SRH,8.99
11073,Rohan Naidu,41,India,Bowler,327,17,673,146.5,708,4.4,22.96,PBKS,18.98
11074,Harshit Sharma,33,India,Bowler,249,9,3854,108.8,665,4.81,41.01,PBKS,16.32
11075,Aditya Shetty,23,West Indies,Bowler,49,2,3549,112.4,809,6.19,27.27,PBKS,14.03
11076,Irfan Yadav,19,Sri Lanka,Allrounder,30,1,7074,151.1,278,7.68,21.85,RCB,9.09
11077,Ankit Kulkarni,33,India,Allrounder,29,1,2246,133.5,314,5.47,48.16,CSK,9.67
11078,Rohan Khan,20,South Africa,Bowler,43,2,2792,138.2,403,7.01,51.06,LSG,7.12
11079,Ankit Malik,40,Australia,Batter,531,19,8825,101.4,14,6.76,41.54,KKR,17.73
11080,Rahul Sharma,26,England,Allrounder,147,5,6071,129.9,168,7.88,53.7,MI,12.13
11081,Rohan Singh,28,India,Allrounder,117,6,2934,137.0,465,7.78,22.11,RR,14.74
11082,Rohan Deshmukh,20,India,Batter,56,2,11510,142.1,12,6.38,26.94,CSK,13.88
11083,Aditya Naidu,26,South Africa,Allrounder,64,4,5581,149.6,47,5.1,51.18,MI,9.78
11084,Karthik Khan,22,India,Bowler,113,4,3911,141.8,216,4.83,21.68,RCB,11.33
11085,Sameer Singh,36,South Africa,Allrounder,255,9,2909,132.4,260,6.0,46.71,SRH,12.16
11086,Rohan Verma,20,India,Bowler,59,2,2530,114.6,341,4.04,27.5,GT,10.76
11087,Ankit Khan,21,India,Wicketkeeper,58,3,3325,154.9,0,0.0,43.48,LSG,9.97
11088,Pranav Iyer,35,Australia,Batter,265,13,9277,99.5,11,7.42,40.95,RR,9.36
11089,Karthik Deshmukh,42,Sri Lanka,Batter,214,12,7082,144.0,9,8.25,30.1,KKR,13.65
11090,Vikas Chopra,22,India,Bowler,40,2,1674,121.4,429,7.73,30.36,PBKS,10.21
11091,Manoj Malik,35,Sri Lanka,Wicketkeeper,239,9,10695,115.9,0,0.0,38.19,KKR,13.89
11092,Sameer Kulkarni,22,England,Allrounder,118,4,6514,139.1,183,8.28,40.2,RCB,10.3
11093,Aditya Singh,24,India,Bowler,115,4,2179,104.0,145,4.62,37.58,PBKS,9.07
11094,Sameer Chopra,29,Australia,Batter,260,9,9979,140.1,12,8.55,27.91,SRH,13.35
11095,Vikas Chopra,38,India,Wicketkeeper,123,6,11522,101.0,0,0.0,33.46,LSG,13.63
11096,Ankit Kulkarni,35,India,Bowler,256,14,458,127.7,498,7.49,31.2,PBKS,12.47
11097,Karthik Singh,36,South Africa,Bowler,236,8,336,102.9,352,5.23,36.56,KKR,11.14
11098,Nikhil Deshmukh,24,England,Wicketkeeper,36,2,10186,142.5,0,0.0,53.9,PBKS,12.86
11099,Rohan Sharma,31,India,Bowler,203,9,2568,105.0,886,5.91,43.9,PBKS,18.51
11100,Nikhil Singh,21,Sri Lanka,Bowler,15,1,994,99.3,342,6.88,49.75,SRH,7.57
11101,Harshit Malik,38,India,Bowler,474,18,2841,123.4,396,7.15,39.61,MI,14.53
11102,Sameer Patel,37,Australia,Bowler,126,6,2536,135.6,351,6.71,20.58,LSG,7.88
11103,Karthik Yadav,29,India,Wicketkeeper,174,10,4255,102.3,0,0.0,25.69,PBKS,10.48
11104,Rahul Chopra,22,India,Wicketkeeper,15,1,3479,140.3,0,0.0,35.4,LSG,9.42
11105,Nikhil Iyer,20,India,Bowler,19,1,545,141.4,784,6.07,31.93,LSG,12.04
11106,Rohan Reddy,37,England,Allrounder,15,1,5491,121.5,227,7.62,33.2,LSG,8.94
11107,Irfan Patel,18,India,Wicketkeeper,23,1,10569,115.0,0,0.0,53.77,RCB,11.54
11108,Rahul Reddy,21,India,Batter,55,2,13035,96.2,13,8.7,53.51,LSG,13.34
11109,Amit Reddy,40,South Africa,Allrounder,170,10,4016,104.0,247,7.71,22.67,LSG,8.01
11110,Rahul Naidu,42,South Africa,Batter,637,23,9204,132.5,6,7.08,41.58,LSG,17.7
11111,Amit Mehta,37,West Indies,Batter,57,3,14315,121.7,14,6.97,27.42,GT,13.92
11112,Sandeep Naidu,41,South Africa,Allrounder,166,7,3958,126.0,89,5.18,32.14,KKR,9.61
11113,Harshit Singh,24,Australia,Allrounder,29,1,3573,151.8,419,6.9,25.02,CSK,9.69
11114,Vikas Chopra,26,Sri Lanka,Allrounder,60,3,6284,99.6,41,5.01,36.19,KKR,8.58
11115,Sameer Naidu,41,India,Batter,558,23,14373,129.8,10,8.47,37.32,MI,20.0
11116,Pranav Khan,42,South Africa,Batter,383,22,11609,113.6,6,7.24,33.17,CSK,16.85
11117,Nikhil Reddy,28,Australia,Allrounder,125,6,5336,105.1,97,7.14,47.0,PBKS,9.64
11118,Irfan Yadav,18,England,Bowler,25,1,487,111.1,132,6.19,37.54,DC,6.11
11119,Aditya Verma,32,Sri Lanka,Allrounder,45,3,2867,96.2,292,8.37,26.98,DC,8.83
11120,Aditya Kulkarni,39,India,Bowler,327,18,1261,133.3,546,5.7,27.43,PBKS,17.04
11121,Arjun Mehta,30,India,Bowler,89,3,1150,133.6,258,7.54,50.71,GT,8.76
11122,Sameer Patel,35,West Indies,Bowler,24,1,3252,144.7,516,5.25,33.24,CSK,11.26
11123,Nikhil Khan,21,South Africa,Allrounder,60,2,8889,149.7,200,5.88,23.23,RCB,11.31
11124,Pranav Khan,36,West Indies,Wicketkeeper,207,7,11053,151.6,0,0.0,36.05,GT,15.53
11125,Arjun Patel,28,West Indies,Bowler,235,9,1570,127.4,545,7.77,46.51,GT,13.97
11126,Arjun Singh,22,West Indies,Batter,105,4,4399,124.8,9,6.02,45.81,CSK,7.45
11127,Harshit Shetty,31,India,Allrounder,95,4,8420,104.5,47,7.74,34.66,GT,9.29
11128,Nikhil Patel,29,India,Wicketkeeper,225,11,5449,120.1,0,0.0,23.63,RR,11.17
11129,Nikhil Chopra,38,India,Bowler,540,18,1588,143.4,255,5.68,30.51,MI,16.53
11130,Aditya Khan,26,India,Batter,105,4,11284,152.7,1,7.51,21.11,MI,12.35
11131,Aditya Chopra,40,England,Bowler,353,22,834,139.6,116,6.25,46.63,RR,11.0
11132,Manoj Kulkarni,30,England,Wicketkeeper,292,11,8064,138.0,0,0.0,45.43,DC,14.7
11133,Aditya Shetty,21,India,Allrounder,78,3,7781,127.0,366,5.21,47.4,RCB,15.21
11134,Amit Reddy,20,South Africa,Batter,37,2,14654,95.7,4,6.33,48.51,RR,12.96
11135,Irfan Reddy,22,India,Batter,54,3,6394,119.7,15,8.49,52.91,CSK,9.07
11136,Ankit Sharma,40,Australia,Allrounder,470,16,7179,153.1,465,7.68,52.53,DC,16.98
11137,Aditya Iyer,36,Australia,Bowler,341,12,3755,140.3,841,5.83,43.42,RCB,17.18
11138,Karthik Khan,36,Australia,Wicketkeeper,351,18,4817,143.7,0,0.0,47.57,PBKS,13.23
11139,Nikhil Khan,18,Sri Lanka,Allrounder,30,1,7865,109.0,448,5.54,29.3,RCB,10.84
11140,Amit Kulkarni,29,India,Bowler,51,2,1986,143.6,315,7.11,37.34,PBKS,7.79
11141,Nikhil Shetty,22,Australia,Bowler,63,4,3184,144.6,266,6.21,30.94,MI,9.54
11142,Irfan Chopra,39,West Indies,Wicketkeeper,90,5,7225,98.0,0,0.0,36.89,CSK,7.11
11143,Sameer Singh,30,India,Bowler,281,12,2663,142.4,519,7.47,32.83,DC,16.53
11144,Rohan Sharma,31,India,Allrounder,226,11,7806,133.2,376,5.23,49.21,LSG,18.19
11145,Karthik Kulkarni,32,India,Allrounder,22,1,8231,120.5,124,7.33,24.32,MI,11.21
11146,Irfan Yadav,32,South Africa,Bowler,270,11,672,111.6,726,7.46,27.85,DC,14.42
11147,Sandeep Deshmukh,28,South Africa,Bowler,187,8,1174,153.9,368,7.1,43.11,MI,11.01
11148,Ankit Iyer,29,India,Allrounder,130,7,3129,114.2,127,7.19,20.71,CSK,8.54
11149,Harshit Shetty,18,Sri Lanka,Wicketkeeper,18,1,11950,106.5,0,0.0,40.46,KKR,11.68
11150,Aditya Sharma,26,India,Bowler,20,1,1968,148.0,562,4.58,26.59,LSG,12.78
11151,Amit Patel,33,Australia,Batter,50,2,9392,125.7,1,7.83,41.14,RR,10.15
11152,Irfan Patel,34,India,Bowler,131,5,571,147.4,480,5.24,35.55,PBKS,11.37
11153,Ankit Shetty,29,India,Wicketkeeper,321,11,6593,137.0,0,0.0,42.26,DC,12.07
11154,Manoj Naidu,38,India,Wicketkeeper,170,6,3155,102.0,0,0.0,41.79,KKR,8.01
11155,Irfan Sharma,23,Australia,Bowler,60,2,2215,148.9,427,6.09,50.83,GT,10.98
11156,Rahul Reddy,42,West Indies,Batter,78,3,9173,99.9,4,6.53,30.31,CSK,8.39
11157,Rohan Mehta,42,India,Wicketkeeper,61,4,4822,154.2,0,0.0,20.76,SRH,9.31
11158,Arjun Deshmukh,32,India,Batter,293,14,5872,131.5,9,8.36,42.63,KKR,14.94
11159,Vikas Patel,27,India,Allrounder,244,9,6029,108.6,107,5.76,35.07,LSG,15.25
11160,Manoj Naidu,20,India,Allrounder,59,2,1586,99.5,78,5.34,23.09,MI,9.3
11161,Irfan Verma,23,Sri Lanka,Allrounder,49,3,6837,118.9,220,7.01,30.28,MI,8.44
11162,Irfan Mehta,27,India,Bowler,143,5,2425,107.4,107,5.2,34.4,RR,6.39
11163,Rahul Singh,33,India,Bowler,244,12,2310,136.9,689,4.77,24.34,RCB,20.0
11164,Aditya Iyer,24,England,Wicketkeeper,102,6,11957,151.9,0,0.0,23.14,RR,15.96
11165,Sandeep Sharma,39,West Indies,Bowler,80,4,875,145.0,861,7.59,43.82,DC,14.21
11166,Arjun Sharma,33,West Indies,Allrounder,97,5,7698,103.4,361,8.19,26.17,SRH,9.28
11167,Sandeep Yadav,32,South Africa,Allrounder,179,7,3182,109.7,328,5.88,30.88,KKR,12.2
11168,Aditya Naidu,18,India,Allrounder,15,1,6085,96.7,472,7.01,33.38,RCB,11.1
11169,Ankit Naidu,19,Sri Lanka,Bowler,20,1,488,131.4,126,4.94,54.48,KKR,5.48
11170,Aditya Shetty,28,India,Wicketkeeper,170,7,3031,126.1,0,0.0,34.9,KKR,11.54
11171,Sandeep Singh,31,Sri Lanka,Allrounder,107,7,4308,142.1,422,6.29,22.52,RR,12.27
11172,Vikas Singh,29,England,Allrounder,85,4,4281,120.1,70,8.36,30.98,KKR,6.55
11173,Rahul Singh,22,Australia,Wicketkeeper,106,4,7648,153.4,0,0.0,52.76,KKR,11.59
11174,Amit Verma,28,India,Allrounder,181,8,2181,96.1,74,7.25,46.2,SRH,11.15
11175,Nikhil Sharma,19,Sri Lanka,Wicketkeeper,16,1,6806,115.1,0,0.0,33.59,GT,8.46
11176,Manoj Naidu,20,West Indies,Allrounder,41,2,8421,126.4,260,5.56,46.06,KKR,11.49
11177,Aditya Sharma,41,India,Batter,233,10,14939,151.3,7,6.96,26.82,MI,19.16
11178,Sameer Yadav,37,India,Allrounder,58,2,4414,133.7,404,5.23,49.73,RCB,12.23
11179,Vikas Malik,42,India,Wicketkeeper,449,20,2506,152.2,0,0.0,46.85,RR,15.38
11180,Ankit Deshmukh,40,Sri Lanka,Allrounder,85,5,6353,153.7,192,5.7,52.18,MI,7.24
11181,Sandeep Chopra,36,India,Allrounder,219,9,3374,128.5,492,5.57,39.44,KKR,14.35
11182,Amit Patel,25,England,Wicketkeeper,97,5,11504,121.6,0,0.0,54.45,CSK,14.12
11183,Pranav Singh,22,Australia,Wicketkeeper,55,2,11779,98.6,0,0.0,41.95,KKR,10.53
11184,Ankit Reddy,40,Australia,Wicketkeeper,243,11,6059,107.3,0,0.0,38.46,LSG,10.11
11185,Sameer Iyer,30,India,Bowler,74,4,591,109.8,787,6.96,33.77,DC,13.73
11186,Karthik Chopra,27,Sri Lanka,Wicketkeeper,185,7,6182,152.0,0,0.0,46.65,MI,13.52
11187,Irfan Reddy,40,Sri Lanka,Bowler,85,5,3980,108.3,161,6.18,34.89,DC,7.05
11188,Vikas Malik,27,Sri Lanka,Wicketkeeper,44,2,10133,141.4,0,0.0,48.72,SRH,13.14
11189,Manoj Singh,34,Sri Lanka,Bowler,282,10,3567,134.7,882,4.93,23.33,PBKS,16.56
11190,Harshit Iyer,27,India,Wicketkeeper,90,4,4102,96.4,0,0.0,39.2,CSK,8.75
11191,Sameer Verma,39,India,Batter,63,4,12158,99.7,2,6.79,45.54,RCB,12.61
11192,Sandeep Malik,35,India,Wicketkeeper,215,8,6330,124.9,0,0.0,47.87,RR,12.6
11193,Harshit Yadav,41,Sri Lanka,Wicketkeeper,281,10,2545,134.8,0,0.0,45.54,MI,9.54
11194,Irfan Naidu,23,South Africa,Wicketkeeper,55,2,6136,113.4,0,0.0,29.21,KKR,7.56
11195,Nikhil Patel,31,West Indies,Wicketkeeper,265,10,3093,131.1,0,0.0,27.0,LSG,11.07
11196,Aditya Verma,18,India,Wicketkeeper,22,1,4660,143.9,0,0.0,38.3,DC,7.04
11197,Irfan Verma,22,India,Wicketkeeper,19,1,6497,108.6,0,0.0,41.88,CSK,11.56
11198,Vikas Sharma,20,England,Allrounder,60,2,7188,99.9,333,8.31,23.83,KKR,9.9
11199,Arjun Patel,19,India,Batter,18,1,13320,101.6,1,8.95,21.38,CSK,11.66
11200,Ankit Khan,29,West Indies,Bowler,17,1,676,123.0,779,5.32,39.93,KKR,14.65
11201,Rohan Reddy,40,Sri Lanka,Allrounder,26,1,8347,149.8,463,6.78,46.9,PBKS,10.57
11202,Aditya Reddy,38,England,Bowler,231,11,3627,123.6,441,7.74,22.95,RR,10.44
11203,Irfan Chopra,28,West Indies,Batter,90,3,8151,95.2,10,9.34,47.16,CSK,9.59
11204,Vikas Verma,27,Sri Lanka,Wicketkeeper,83,5,10898,96.9,0,0.0,46.64,GT,13.26
11205,Harshit Sharma,25,India,Allrounder,59,2,5861,118.4,399,8.28,28.43,RR,11.54
11206,Irfan Khan,21,India,Allrounder,30,1,4895,124.5,84,5.79,25.98,DC,9.69
11207,Sandeep Verma,37,Sri Lanka,Batter,406,18,6503,117.1,8,8.36,31.31,RCB,12.59
11208,Sameer Verma,20,England,Bowler,53,2,78,127.6,892,5.75,24.97,KKR,15.21
11209,Arjun Singh,26,South Africa,Allrounder,58,2,5674,148.0,141,7.48,29.73,KKR,11.32
11210,Rohan Mehta,20,Australia,Bowler,44,2,912,140.6,578,4.69,26.42,KKR,12.66
11211,Karthik Yadav,22,South Africa,Wicketkeeper,59,3,11526,97.5,0,0.0,41.67,CSK,10.88
11212,Rahul Kulkarni,29,India,Wicketkeeper,159,6,3435,109.4,0,0.0,26.01,PBKS,10.2
11213,Sandeep Deshmukh,30,West Indies,Allrounder,90,4,8460,112.5,349,8.44,51.62,DC,12.58
11214,Manoj Iyer,33,Sri Lanka,Bowler,173,8,636,144.1,215,4.68,37.57,DC,9.99
11215,Sameer Verma,36,India,Bowler,380,16,563,139.0,387,4.3,51.22,GT,17.29
11216,Aditya Malik,28,India,Bowler,125,6,3165,138.5,237,4.62,35.58,LSG,12.16
11217,Pranav Deshmukh,19,South Africa,Bowler,26,1,638,137.8,631,6.86,20.93,PBKS,10.42
11218,Karthik Deshmukh,18,India,Batter,17,1,8581,123.3,10,6.63,52.68,LSG,12.13
11219,Karthik Mehta,35,England,Bowler,140,6,586,132.7,423,5.3,20.42,KKR,10.22
11220,Manoj Singh,29,India,Batter,217,10,13040,131.2,13,8.49,45.04,SRH,16.39
11221,Vikas Chopra,32,India,Wicketkeeper,18,1,4003,149.3,0,0.0,25.13,PBKS,8.58
11222,Rahul Sharma,42,West Indies,Batter,79,5,4418,154.7,7,6.92,25.47,MI,8.11
11223,Ankit Kulkarni,39,India,Batter,467,17,6173,138.5,10,8.52,43.9,RCB,14.36
11224,Vikas Verma,33,India,Allrounder,61,3,8509,107.9,400,5.8,43.32,SRH,14.54
11225,Sameer Patel,35,Sri Lanka,Bowler,20,1,244,134.7,548,4.71,37.24,LSG,7.46
11226,Sandeep Malik,27,Sri Lanka,Wicketkeeper,130,5,6733,118.2,0,0.0,30.51,RCB,13.14
11227,Rahul Naidu,25,India,Batter,146,5,6796,125.5,14,9.32,39.64,RCB,13.59
11228,Irfan Kulkarni,28,Sri Lanka,Bowler,30,2,3163,134.2,340,7.61,53.52,GT,7.54
11229,Nikhil Yadav,34,Sri Lanka,Allrounder,306,11,5404,145.8,117,5.37,31.74,GT,13.01
11230,Sameer Mehta,30,India,Wicketkeeper,53,2,9044,143.6,0,0.0,49.95,LSG,13.49
11231,Sameer Singh,34,India,Wicketkeeper,246,15,10949,111.3,0,0.0,34.31,SRH,14.83
11232,Sandeep Mehta,27,Australia,Wicketkeeper,193,8,6626,138.6,0,0.0,23.47,LSG,11.46
11233,Manoj Deshmukh,37,Sri Lanka,Batter,429,15,4310,101.6,0,8.64,52.01,MI,12.07
11234,Harshit Kulkarni,23,India,Wicketkeeper,97,4,3324,111.6,0,0.0,40.15,KKR,8.83
11235,Karthik Yadav,21,Australia,Allrounder,67,3,2712,111.2,136,5.41,34.14,CSK,8.2
11236,Rohan Kulkarni,20,Sri Lanka,Bowler,25,1,3347,95.0,575,5.85,51.1,KKR,9.09
11237,Irfan Reddy,27,England,Wicketkeeper,208,7,7417,95.5,0,0.0,47.08,RR,11.24
11238,Manoj Reddy,22,England,Wicketkeeper,16,1,9699,123.2,0,0.0,38.34,SRH,10.29
11239,Rahul Chopra,19,Australia,Bowler,23,1,2953,131.4,246,4.79,38.8,MI,7.42
11240,Pranav Sharma,20,India,Bowler,17,1,1623,109.3,564,4.62,22.34,PBKS,11.93
11241,Manoj Deshmukh,27,India,Bowler,116,5,813,95.8,614,4.25,27.72,MI,16.11
11242,Rohan Sharma,28,West Indies,Bowler,222,9,2273,114.0,655,6.58,32.0,RR,14.12
11243,Pranav Yadav,36,India,Batter,208,7,7153,129.5,12,6.46,31.98,DC,12.75
11244,Sameer Sharma,23,India,Wicketkeeper,88,3,10385,135.6,0,0.0,45.95,RCB,15.23
11245,Ankit Khan,32,West Indies,Bowler,22,1,2783,111.6,517,6.22,37.8,KKR,9.85
11246,Harshit Naidu,41,India,Wicketkeeper,293,19,5459,110.1,0,0.0,51.6,PBKS,14.1
11247,Arjun Mehta,39,England,Batter,139,5,14914,124.6,5,8.68,53.79,RR,15.28
11248,Karthik Deshmukh,38,India,Batter,248,12,9057,114.7,11,7.91,23.34,SRH,14.89
11249,Vikas Deshmukh,36,South Africa,Allrounder,91,6,4232,146.6,317,6.9,50.34,SRH,10.96
11250,Rahul Khan,41,England,Batter,400,22,6635,118.6,13,8.12,42.76,PBKS,15.75
11251,Harshit Naidu,21,India,Wicketkeeper,24,1,5498,140.7,0,0.0,34.41,DC,9.57
11252,Sandeep Khan,26,India,Batter,138,6,11745,135.8,11,7.67,50.68,DC,14.87
11253,Harshit Yadav,35,India,Allrounder,240,14,3693,96.3,457,7.77,24.35,KKR,14.56
11254,Nikhil Deshmukh,29,India,Bowler,276,10,1958,145.0,143,7.24,33.61,RCB,9.88
11255,Irfan Kulkarni,34,India,Allrounder,160,7,3523,149.4,205,7.04,51.9,SRH,13.35
11256,Nikhil Chopra,21,India,Batter,50,2,7126,107.6,11,8.74,45.56,SRH,6.75
11257,Amit Deshmukh,40,West Indies,Bowler,246,9,252,148.6,832,4.38,25.22,KKR,17.27
11258,Rahul Iyer,31,India,Allrounder,106,6,2067,131.6,310,7.32,47.19,GT,11.15
11259,Manoj Reddy,26,India,Wicketkeeper,16,1,7286,128.1,0,0.0,22.08,LSG,8.6
11260,Arjun Khan,36,Australia,Wicketkeeper,22,1,5679,137.4,0,0.0,33.41,RCB,7.49
11261,Amit Deshmukh,30,India,Wicketkeeper,31,2,5362,114.2,0,0.0,54.71,RR,9.39
11262,Sameer Reddy,29,West Indies,Bowler,173,9,2755,137.6,371,6.24,38.42,RR,10.94
11263,Aditya Chopra,19,Australia,Bowler,28,1,3951,140.1,514,6.93,43.0,KKR,7.99
11264,Rohan Khan,20,England,Wicketkeeper,22,1,11106,154.9,0,0.0,36.09,PBKS,12.21
11265,Nikhil Chopra,32,Sri Lanka,Wicketkeeper,185,7,9224,137.4,0,0.0,47.92,PBKS,14.95
11266,Vikas Patel,27,England,Bowler,110,5,2002,122.4,770,5.43,53.92,RCB,15.37
11267,Arjun Sharma,29,Sri Lanka,Batter,184,7,6677,115.1,15,6.11,37.02,CSK,11.64
11268,Rohan Patel,30,India,Bowler,84,3,2207,148.9,815,4.01,30.02,SRH,18.44
11269,Harshit Khan,21,England,Batter,46,3,11082,144.2,10,6.9,29.73,RCB,13.33
11270,Aditya Shetty,24,England,Bowler,60,4,3915,144.3,266,6.5,47.74,KKR,10.15
11271,Karthik Deshmukh,42,India,Wicketkeeper,19,1,9931,141.9,0,0.0,23.1,RCB,10.56
11272,Manoj Mehta,34,Sri Lanka,Allrounder,84,4,5345,113.4,80,5.28,21.26,RR,7.72
11273,Arjun Reddy,27,West Indies,Bowler,256,9,2132,118.7,785,5.9,39.5,SRH,17.74
11274,Aditya Shetty,38,West Indies,Wicketkeeper,288,17,5055,112.9,0,0.0,37.0,KKR,12.4
11275,Ankit Khan,36,South Africa,Wicketkeeper,143,9,4722,115.1,0,0.0,26.83,LSG,9.64
11276,Sameer Verma,26,India,Bowler,35,2,1501,135.4,695,6.47,49.02,RR,16.11
11277,Manoj Reddy,39,India,Batter,215,13,10978,137.3,8,9.06,44.06,SRH,16.18
11278,Rahul Deshmukh,35,India,Batter,51,2,6021,101.6,15,6.2,48.44,KKR,9.92
11279,Sameer Yadav,40,India,Bowler,473,17,3368,116.3,744,4.89,25.09,RCB,19.5
11280,Rohan Reddy,39,India,Batter,274,15,4529,141.5,4,6.68,29.17,LSG,15.22
11281,Pranav Yadav,34,India,Batter,281,14,11110,104.1,10,7.57,43.73,RCB,15.65
11282,Aditya Chopra,23,India,Bowler,90,3,2200,116.7,517,6.77,47.47,SRH,11.61
11283,Sameer Iyer,24,Sri Lanka,Bowler,31,2,2742,136.5,437,4.91,45.55,MI,9.64
11284,Karthik Deshmukh,19,India,Allrounder,23,1,5455,108.9,461,8.39,23.28,GT,9.86
11285,Sandeep Shetty,36,Australia,Batter,167,9,12124,102.4,14,6.92,25.94,RR,11.61
11286,Ankit Deshmukh,36,India,Batter,332,15,11420,119.8,12,7.17,51.63,KKR,17.17
11287,Rahul Reddy,31,South Africa,Batter,208,8,4735,153.3,3,6.68,48.36,GT,10.16
11288,Sameer Reddy,40,India,Wicketkeeper,178,9,3918,147.9,0,0.0,52.53,RCB,11.18
11289,Rahul Deshmukh,26,England,Batter,136,8,9701,142.3,12,8.64,35.32,PBKS,15.27
11290,Amit Reddy,29,Sri Lanka,Bowler,109,4,896,150.9,714,5.94,33.24,LSG,14.78
11291,Rohan Naidu,41,England,Allrounder,273,11,5730,140.8,383,5.15,40.06,DC,15.59
11292,Sandeep Naidu,22,India,Allrounder,80,3,7739,99.5,211,7.85,41.74,LSG,12.55
11293,Manoj Chopra,38,Sri Lanka,Batter,175,11,3261,149.2,2,6.87,23.85,LSG,11.32
11294,Ankit Reddy,35,West Indies,Allrounder,144,9,3332,100.3,229,7.95,20.88,SRH,6.82
11295,Rahul Patel,30,South Africa,Wicketkeeper,156,8,3411,109.1,0,0.0,31.66,DC,6.89
11296,Vikas Verma,28,India,Wicketkeeper,181,9,8387,132.6,0,0.0,24.61,RCB,12.51
11297,Sameer Khan,24,West Indies,Wicketkeeper,90,5,9794,121.2,0,0.0,27.15,MI,10.35
11298,Rohan Khan,42,India,Batter,199,8,3572,97.7,5,8.99,32.46,KKR,8.26
11299,Arjun Yadav,19,India,Batter,19,1,7100,149.8,14,8.21,50.38,RR,10.89
11300,Harshit Naidu,21,West Indies,Bowler,79,3,3053,98.8,581,7.4,49.43,KKR,11.05
11301,Pranav Sharma,40,India,Allrounder,113,5,3480,149.1,119,7.73,30.91,CSK,10.1
11302,Amit Deshmukh,26,India,Allrounder,18,1,3543,119.2,444,8.19,42.19,SRH,10.2
11303,Pranav Chopra,35,India,Batter,45,2,12368,120.7,14,7.48,39.13,MI,10.78
11304,Rohan Malik,39,Sri Lanka,Bowler,445,21,748,142.6,212,5.35,42.18,MI,11.78
11305,Rohan Chopra,39,England,Allrounder,238,14,8469,108.9,67,7.41,53.94,GT,11.63
11306,Rahul Shetty,21,India,Bowler,21,1,1101,106.8,121,6.51,46.27,MI,5.85
11307,Rohan Iyer,32,South Africa,Batter,198,9,5816,98.8,15,6.61,38.46,RR,8.39
11308,Sameer Khan,28,West Indies,Bowler,271,10,1312,106.3,453,6.1,32.19,SRH,12.25
11309,Pranav Singh,39,Sri Lanka,Allrounder,189,8,7839,112.1,269,8.31,25.44,PBKS,9.9
11310,Vikas Iyer,38,West Indies,Wicketkeeper,508,19,9489,154.6,0,0.0,30.58,KKR,17.45
11311,Pranav Khan,27,India,Wicketkeeper,54,3,7098,135.8,0,0.0,28.1,SRH,9.71
11312,Ankit Yadav,27,South Africa,Wicketkeeper,57,2,10407,128.0,0,0.0,33.52,PBKS,10.24
11313,Manoj Iyer,32,India,Bowler,108,6,3741,121.0,576,7.65,40.45,MI,11.39
11314,Arjun Deshmukh,25,India,Allrounder,146,6,8099,154.4,394,8.31,23.56,MI,14.24
11315,Rohan Naidu,36,South Africa,Bowler,45,2,3464,117.9,722,7.17,40.82,DC,11.12
11316,Amit Iyer,18,Australia,Wicketkeeper,30,1,6749,117.5,0,0.0,34.04,MI,9.09
11317,Irfan Sharma,42,Australia,Allrounder,321,12,6698,129.4,439,5.56,39.14,MI,15.83
11318,Pranav Naidu,22,India,Allrounder,33,2,5871,127.5,177,5.66,54.06,PBKS,11.25
11319,Rohan Yadav,28,Sri Lanka,Allrounder,127,8,5017,123.9,293,7.5,52.06,MI,10.82
11320,Karthik Malik,35,India,Wicketkeeper,192,7,8918,129.5,0,0.0,24.73,RR,13.56
11321,Nikhil Mehta,36,West Indies,Wicketkeeper,307,14,6463,127.9,0,0.0,26.33,RCB,13.15
11322,Ankit Shetty,40,India,Bowler,30,2,1437,153.0,352,6.92,32.63,KKR,9.0
11323,Irfan Malik,25,India,Wicketkeeper,23,1,3320,121.1,0,0.0,34.75,LSG,9.99
11324,Irfan Iyer,26,India,Bowler,87,3,3259,142.7,526,5.08,41.62,SRH,13.85
11325,Amit Shetty,31,Australia,Wicketkeeper,191,12,8665,98.8,0,0.0,49.36,RR,13.5
11326,Karthik Chopra,26,South Africa,Bowler,157,7,824,153.7,608,4.71,33.18,GT,14.19
11327,Vikas Patel,18,Sri Lanka,Bowler,26,1,2175,99.7,785,6.34,32.06,KKR,13.43
11328,Karthik Naidu,32,Sri Lanka,Batter,247,9,13891,123.6,11,8.81,51.66,RR,15.66
11329,Vikas Kulkarni,35,India,Batter,195,8,11008,150.7,11,8.01,54.39,MI,16.18
11330,Rohan Chopra,28,India,Wicketkeeper,82,3,11503,122.2,0,0.0,39.78,PBKS,14.18
11331,Irfan Deshmukh,34,India,Batter,360,14,8856,108.3,10,8.92,50.16,MI,16.33
11332,Amit Singh,26,India,Allrounder,85,4,8267,138.5,377,7.07,22.79,SRH,14.15
11333,Aditya Chopra,23,West Indies,Allrounder,49,3,7707,113.6,293,7.68,48.18,CSK,11.97
11334,Nikhil Naidu,40,India,Wicketkeeper,488,17,6182,125.5,0,0.0,29.61,LSG,13.85
11335,Rahul Shetty,31,India,Allrounder,21,1,4397,140.9,148,8.33,54.5,MI,8.9
11336,Nikhil Mehta,29,India,Bowler,217,9,2054,134.0,142,5.38,41.41,DC,10.73
11337,Vikas Patel,19,India,Wicketkeeper,16,1,11884,136.3,0,0.0,21.34,GT,11.33
11338,Vikas Deshmukh,35,South Africa,Bowler,294,13,3267,149.6,435,5.11,34.83,MI,17.8
11339,Vikas Shetty,37,India,Wicketkeeper,131,8,3035,152.6,0,0.0,27.47,DC,10.89
11340,Amit Reddy,24,England,Batter,139,5,14161,136.9,15,9.49,47.17,MI,15.41
11341,Nikhil Iyer,24,Australia,Batter,18,1,12150,149.4,5,7.39,39.09,SRH,12.17
11342,Sandeep Iyer,25,Sri Lanka,Bowler,50,3,1427,100.7,750,6.59,42.11,SRH,12.41
11343,Rahul Singh,28,West Indies,Allrounder,57,2,4452,105.7,185,8.08,45.82,RCB,8.62
11344,Aditya Patel,35,South Africa,Wicketkeeper,342,12,3006,96.5,0,0.0,52.42,MI,10.81
11345,Arjun Reddy,22,South Africa,Bowler,17,1,2597,116.3,741,7.74,23.75,GT,11.06
11346,Nikhil Verma,21,Sri Lanka,Bowler,65,3,595,96.8,838,6.5,36.89,PBKS,13.53
11347,Sandeep Mehta,33,Australia,Batter,205,11,7701,123.4,0,6.95,20.64,CSK,12.8
11348,Rohan Reddy,34,West Indies,Wicketkeeper,105,6,9447,98.1,0,0.0,20.56,MI,11.4
11349,Vikas Kulkarni,27,India,Bowler,78,5,2487,128.6,131,6.35,28.16,LSG,8.18
11350,Sandeep Mehta,19,India,Wicketkeeper,22,1,3269,133.8,0,0.0,50.95,PBKS,7.24
11351,Pranav Khan,26,India,Batter,42,2,6801,144.9,6,6.97,43.19,SRH,12.16
11352,Irfan Reddy,21,India,Wicketkeeper,30,2,3308,97.0,0,0.0,33.13,LSG,8.93
11353,Manoj Verma,41,India,Batter,338,20,8134,138.9,11,7.78,30.05,RR,17.48
11354,Irfan Malik,24,Australia,Wicketkeeper,27,1,6485,154.0,0,0.0,43.96,LSG,10.83
11355,Harshit Iyer,20,South Africa,Allrounder,34,2,2358,100.8,351,6.3,26.35,KKR,9.85
11356,Rahul Deshmukh,18,England,Wicketkeeper,23,1,6176,124.3,0,0.0,37.31,RR,8.08
11357,Rahul Kulkarni,34,South Africa,Allrounder,207,10,2830,138.6,370,7.69,27.04,RCB,12.53
11358,Sandeep Yadav,42,South Africa,Wicketkeeper,419,21,6913,130.7,0,0.0,20.72,LSG,13.2
11359,Irfan Iyer,28,India,Wicketkeeper,244,10,5893,118.9,0,0.0,46.74,RR,13.73
11360,Karthik Deshmukh,28,Australia,Bowler,78,3,3517,145.1,118,5.52,54.17,LSG,8.53
11361,Manoj Khan,33,South Africa,Wicketkeeper,145,7,7518,131.4,0,0.0,25.08,CSK,9.98
11362,Pranav Khan,29,Australia,Bowler,237,11,2359,95.6,425,5.44,41.1,DC,11.62
11363,Manoj Verma,41,Australia,Wicketkeeper,82,3,6440,144.3,0,0.0,42.05,RCB,9.86
11364,Arjun Verma,23,West Indies,Bowler,111,4,1942,143.0,509,6.99,49.79,GT,10.59
11365,Pranav Khan,20,Australia,Batter,19,1,10759,147.3,1,6.93,42.89,DC,12.63
11366,Sameer Chopra,42,India,Batter,264,14,4469,154.2,14,7.01,53.26,LSG,13.39
11367,Sandeep Malik,22,West Indies,Batter,55,3,3773,145.6,12,8.01,29.15,CSK,9.65
11368,Sameer Shetty,27,West Indies,Batter,171,7,14147,106.0,6,7.46,38.2,RCB,13.09
11369,Karthik Chopra,31,India,Allrounder,157,9,4338,107.8,459,6.74,43.55,RR,15.46
11370,Rohan Yadav,42,India,Batter,297,17,13690,98.7,13,6.41,33.47,PBKS,16.06
11371,Ankit Malik,36,Australia,Wicketkeeper,286,14,9405,119.6,0,0.0,31.19,CSK,11.47
11372,Karthik Naidu,26,India,Batter,120,4,10650,115.3,1,6.9,25.72,RCB,13.06
11373,Aditya Naidu,42,West Indies,Bowler,95,6,2369,149.3,876,5.53,27.85,KKR,15.14
11374,Vikas Naidu,37,Australia,Allrounder,498,18,7338,103.5,239,7.4,32.39,LSG,14.22
11375,Rohan Khan,37,India,Batter,109,7,14654,151.2,11,7.12,34.98,DC,14.89
11376,Arjun Malik,35,West Indies,Wicketkeeper,159,7,3167,136.4,0,0.0,41.09,SRH,9.24
11377,Sandeep Singh,19,West Indies,Allrounder,28,1,6813,151.4,305,5.49,32.11,MI,11.98
11378,Ankit Sharma,37,Sri Lanka,Allrounder,46,2,5921,113.0,174,5.16,31.75,LSG,9.71
11379,Pranav Shetty,25,India,Allrounder,143,5,2152,132.2,188,5.32,32.14,CSK,11.34
11380,Ankit Sharma,37,South Africa,Bowler,435,17,632,95.4,622,6.39,54.37,RCB,17.28
11381,Sameer Singh,33,Sri Lanka,Batter,206,10,3078,134.6,14,6.6,45.05,PBKS,9.97
11382,Arjun Patel,41,West Indies,Wicketkeeper,415,15,11517,105.3,0,0.0,23.91,CSK,13.32
11383,Ankit Naidu,21,Australia,Batter,18,1,3325,109.8,0,6.53,25.89,DC,3.4
11384,Nikhil Mehta,24,India,Wicketkeeper,17,1,5850,135.4,0,0.0,34.73,RR,9.58
11385,Arjun Khan,36,South Africa,Bowler,136,6,346,97.8,345,6.04,50.14,MI,9.07
11386,Sandeep Mehta,22,India,Bowler,85,3,2538,116.6,236,4.65,22.52,SRH,10.43
11387,Manoj Verma,34,India,Batter,209,10,11942,134.9,9,6.48,44.24,DC,17.57
11388,Karthik Deshmukh,29,Australia,Allrounder,51,3,6440,128.1,277,7.37,53.34,PBKS,11.66
11389,Rahul Chopra,24,India,Wicketkeeper,78,3,8577,125.4,0,0.0,35.73,GT,11.49
11390,Vikas Shetty,24,England,Bowler,33,2,646,100.9,180,4.94,39.19,MI,4.87
11391,Harshit Shetty,40,Sri Lanka,Allrounder,303,11,6880,126.4,350,6.1,27.21,GT,14.49
11392,Rohan Shetty,33,Sri Lanka,Wicketkeeper,23,1,3471,145.3,0,0.0,54.99,RR,9.03
11393,Rahul Verma,37,England,Wicketkeeper,27,1,6557,114.3,0,0.0,49.48,KKR,5.64
11394,Vikas Iyer,20,India,Bowler,18,1,3608,154.8,421,7.32,32.0,MI,8.65
11395,Pranav Kulkarni,18,South Africa,Allrounder,17,1,6706,108.7,90,7.65,41.87,GT,6.84
11396,Vikas Singh,27,England,Wicketkeeper,45,2,10753,137.3,0,0.0,45.94,DC,12.36
11397,Rohan Singh,34,Australia,Batter,257,9,6963,145.9,11,6.73,34.73,LSG,11.63
11398,Arjun Kulkarni,29,Sri Lanka,Wicketkeeper,233,9,10352,108.0,0,0.0,38.99,DC,13.31
11399,Harshit Shetty,42,Australia,Wicketkeeper,62,3,10684,146.8,0,0.0,53.85,KKR,12.14
11400,Vikas Yadav,32,India,Wicketkeeper,296,10,9710,139.9,0,0.0,20.2,MI,15.09
11401,Vikas Sharma,29,England,Allrounder,145,8,5322,99.6,465,5.47,23.54,SRH,11.56
11402,Sameer Malik,19,India,Allrounder,21,1,2121,115.3,169,6.34,23.98,LSG,7.34
11403,Nikhil Iyer,24,India,Wicketkeeper,147,5,4593,147.9,0,0.0,41.54,RR,10.38
11404,Pranav Mehta,34,India,Wicketkeeper,146,6,8575,142.8,0,0.0,33.0,KKR,13.71
11405,Ankit Naidu,19,Sri Lanka,Wicketkeeper,24,1,4513,119.6,0,0.0,31.12,CSK,7.42
11406,Rohan Khan,26,India,Wicketkeeper,33,2,4112,121.3,0,0.0,41.36,DC,8.15
11407,Harshit Mehta,39,India,Allrounder,305,11,4543,145.3,287,6.73,51.5,KKR,17.0
11408,Nikhil Deshmukh,42,England,Batter,389,23,9577,109.4,8,7.64,53.08,LSG,15.71
11409,Irfan Khan,26,Australia,Allrounder,213,8,3581,133.4,140,7.57,46.09,GT,12.77
11410,Sandeep Malik,37,India,Wicketkeeper,356,15,11783,99.6,0,0.0,22.37,MI,15.18
11411,Arjun Shetty,40,Australia,Allrounder,465,16,2870,103.8,62,5.54,34.72,DC,10.12
11412,Vikas Khan,34,England,Batter,177,10,12927,146.3,0,6.55,40.23,PBKS,16.26
11413,Rahul Chopra,26,Sri Lanka,Wicketkeeper,149,8,2572,117.1,0,0.0,22.44,RR,8.02
11414,Sandeep Reddy,34,India,Wicketkeeper,337,12,5448,130.5,0,0.0,24.08,RCB,13.39
11415,Rahul Yadav,26,India,Allrounder,32,2,5291,143.2,180,7.6,39.04,SRH,9.95
11416,Vikas Kulkarni,37,Australia,Batter,244,15,5101,142.2,10,6.52,30.77,RR,11.51
11417,Arjun Mehta,41,India,Batter,268,9,4854,123.2,12,6.78,52.29,DC,11.77
11418,Vikas Khan,26,Sri Lanka,Wicketkeeper,201,8,11696,112.8,0,0.0,51.7,PBKS,13.97
11419,Karthik Mehta,30,West Indies,Batter,172,6,8806,100.0,4,6.19,44.45,KKR,12.41
11420,Irfan Verma,29,India,Wicketkeeper,62,3,8721,106.4,0,0.0,31.08,LSG,11.25
11421,Pranav Naidu,28,Sri Lanka,Batter,178,8,13396,114.9,2,6.48,29.82,KKR,15.15
11422,Sandeep Mehta,29,India,Wicketkeeper,170,8,2574,139.2,0,0.0,44.57,KKR,10.9
11423,Amit Mehta,35,West Indies,Bowler,55,3,2371,138.5,512,7.63,44.32,KKR,9.34
11424,Harshit Deshmukh,24,India,Allrounder,66,3,5618,148.0,288,7.43,30.37,KKR,10.48
11425,Amit Khan,35,India,Wicketkeeper,289,17,4805,113.0,0,0.0,45.94,RCB,12.97
11426,Harshit Reddy,38,India,Allrounder,243,9,7833,149.7,96,5.8,38.72,SRH,10.2
11427,Nikhil Kulkarni,39,England,Wicketkeeper,340,13,7612,113.0,0,0.0,47.16,SRH,12.67
11428,Karthik Verma,34,India,Batter,179,7,12622,152.8,3,7.09,54.4,MI,17.5
11429,Rohan Deshmukh,40,India,Allrounder,280,10,6272,101.8,281,7.33,29.21,RCB,14.11
11430,Karthik Reddy,26,South Africa,Allrounder,66,4,2088,146.1,500,6.8,26.47,RCB,10.66
11431,Rahul Malik,42,South Africa,Wicketkeeper,352,22,11572,101.3,0,0.0,22.61,KKR,15.43
11432,Rahul Reddy,24,India,Bowler,91,5,2931,148.1,853,5.93,21.48,RR,14.19
11433,Ankit Reddy,26,India,Wicketkeeper,60,2,10820,107.7,0,0.0,44.26,LSG,12.54
11434,Ankit Reddy,39,India,Batter,307,14,5701,143.4,3,8.89,47.48,MI,12.44
11435,Manoj Iyer,32,India,Allrounder,217,11,3329,118.8,437,5.45,54.47,RR,13.75
11436,Rahul Iyer,35,South Africa,Bowler,213,8,1979,131.1,464,7.76,44.82,SRH,10.98
11437,Irfan Naidu,33,West Indies,Bowler,190,8,2423,122.0,100,7.61,24.79,PBKS,8.17
11438,Arjun Khan,18,West Indies,Bowler,26,1,481,152.6,457,6.54,44.4,SRH,9.28
11439,Nikhil Malik,40,India,Wicketkeeper,407,20,4652,143.2,0,0.0,34.8,GT,15.18
11440,Rohan Mehta,23,Australia,Bowler,21,1,3803,105.1,768,4.37,54.39,DC,13.97
11441,Vikas Iyer,23,India,Batter,128,5,4767,95.7,9,7.73,53.44,DC,8.98
11442,Ankit Patel,26,West Indies,Batter,97,4,8414,145.2,5,7.74,39.2,DC,10.99
11443,Harshit Verma,32,Australia,Bowler,229,8,2864,131.9,499,4.39,54.91,CSK,14.33
11444,Rohan Malik,31,India,Batter,155,6,5853,145.5,5,6.12,28.24,RR,10.15
11445,Manoj Chopra,25,West Indies,Wicketkeeper,42,2,8914,118.6,0,0.0,33.04,CSK,10.54
11446,Ankit Iyer,24,India,Batter,146,6,10240,125.3,13,9.15,35.65,LSG,13.25
11447,Manoj Iyer,32,India,Wicketkeeper,118,5,9225,144.1,0,0.0,21.71,CSK,13.85
11448,Nikhil Verma,40,South Africa,Batter,351,13,11057,96.3,11,6.3,44.08,SRH,15.77
11449,Rohan Khan,29,South Africa,Batter,19,1,9696,147.6,4,7.84,37.45,LSG,9.32
11450,Manoj Patel,29,West Indies,Wicketkeeper,138,8,11822,108.3,0,0.0,48.18,RR,12.81
11451,Nikhil Khan,30,West Indies,Batter,152,9,3052,151.1,14,7.03,28.76,RCB,8.31
11452,Pranav Chopra,21,India,Wicketkeeper,60,2,8221,105.1,0,0.0,37.27,RCB,8.32
11453,Arjun Sharma,30,India,Wicketkeeper,144,6,6240,98.0,0,0.0,21.27,RCB,8.83
11454,Sameer Verma,26,India,Batter,204,8,6830,107.9,12,7.74,20.33,MI,14.14
11455,Karthik Reddy,25,South Africa,Wicketkeeper,15,1,4075,112.8,0,0.0,36.71,RCB,7.51
11456,Harshit Naidu,34,Australia,Allrounder,135,8,7827,103.1,477,6.38,40.29,GT,15.62
11457,Amit Patel,32,England,Wicketkeeper,15,1,9208,137.6,0,0.0,43.64,SRH,11.69
11458,Rohan Reddy,29,England,Batter,256,9,8387,103.3,11,7.38,37.48,PBKS,11.25
11459,Aditya Reddy,28,South Africa,Wicketkeeper,61,3,3617,148.4,0,0.0,36.41,RR,8.22
11460,Amit Shetty,28,India,Wicketkeeper,169,6,3345,106.7,0,0.0,23.26,PBKS,9.99
11461,Ankit Kulkarni,32,Sri Lanka,Allrounder,278,14,6978,139.6,147,8.3,30.95,MI,13.45
11462,Rohan Deshmukh,34,India,Batter,82,3,8410,148.7,12,7.03,26.21,CSK,11.37
11463,Harshit Verma,42,India,Allrounder,124,7,6848,137.8,120,6.87,33.87,DC,9.77
11464,Irfan Patel,20,India,Allrounder,50,2,4799,108.7,250,5.14,51.56,DC,15.1
11465,Nikhil Reddy,21,India,Allrounder,51,2,3185,143.9,249,6.83,39.45,KKR,10.44
11466,Aditya Kulkarni,41,South Africa,Bowler,182,9,3967,149.5,188,7.59,36.9,PBKS,7.27
11467,Manoj Verma,38,India,Wicketkeeper,418,20,4897,114.1,0,0.0,41.06,CSK,14.89
11468,Karthik Deshmukh,32,India,Bowler,252,12,2950,124.9,818,6.56,48.78,DC,18.3
11469,Ankit Verma,22,West Indies,Allrounder,17,1,4987,115.1,310,5.64,44.02,LSG,9.85
11470,Ankit Iyer,36,West Indies,Allrounder,295,13,2961,121.4,58,5.86,53.73,CSK,13.18
11471,Nikhil Shetty,32,India,Wicketkeeper,114,7,9804,132.6,0,0.0,53.22,SRH,14.23
11472,Rahul Shetty,18,West Indies,Batter,23,1,10565,138.5,11,8.53,40.72,GT,9.73
11473,Sandeep Patel,32,India,Wicketkeeper,270,9,4286,103.5,0,0.0,38.19,GT,11.28
11474,Harshit Reddy,38,India,Bowler,211,14,2349,154.9,816,4.96,29.34,CSK,18.26
11475,Arjun Kulkarni,31,India,Wicketkeeper,61,3,6986,108.8,0,0.0,41.84,RR,12.25
11476,Irfan Shetty,18,India,Allrounder,28,1,2456,96.3,500,6.79,24.53,LSG,11.45
11477,Manoj Chopra,35,South Africa,Batter,224,12,3773,124.0,9,8.84,25.11,GT,9.31
11478,Arjun Chopra,24,England,Wicketkeeper,157,6,4042,122.9,0,0.0,28.86,MI,7.2
11479,Arjun Deshmukh,27,India,Batter,60,2,9365,152.5,10,6.78,32.67,GT,11.61
11480,Ankit Kulkarni,22,India,Wicketkeeper,73,3,11512,97.8,0,0.0,53.96,RR,13.09
11481,Nikhil Deshmukh,39,Australia,Bowler,157,6,2813,110.3,128,7.02,34.31,SRH,6.78
11482,Vikas Verma,38,England,Wicketkeeper,251,9,3601,146.7,0,0.0,32.51,CSK,10.0
11483,Karthik Singh,32,Australia,Allrounder,253,10,3137,127.1,186,6.99,34.05,KKR,10.71
11484,Sandeep Sharma,24,India,Allrounder,26,1,8580,123.4,488,7.24,20.74,GT,12.19
11485,Sameer Mehta,34,India,Bowler,40,2,359,101.8,873,7.09,36.24,GT,15.05
11486,Arjun Patel,31,Sri Lanka,Bowler,346,12,3434,137.3,270,6.2,34.38,RR,8.94
11487,Nikhil Reddy,41,Australia,Wicketkeeper,366,22,2589,139.1,0,0.0,24.6,RR,10.49
11488,Arjun Yadav,19,Australia,Bowler,20,1,253,144.6,756,6.48,51.13,SRH,11.68
11489,Irfan Patel,33,West Indies,Bowler,220,11,2843,113.8,576,6.2,25.72,CSK,15.16
11490,Sameer Yadav,18,Sri Lanka,Allrounder,25,1,2031,127.4,352,6.21,26.87,LSG,7.41
11491,Arjun Verma,30,England,Bowler,126,6,3773,148.8,142,7.62,21.15,SRH,6.91
11492,Sameer Naidu,30,West Indies,Wicketkeeper,135,5,11846,128.7,0,0.0,47.63,RR,14.05
11493,Aditya Yadav,19,Australia,Bowler,18,1,2368,126.4,412,4.93,34.21,GT,10.57
11494,Rahul Shetty,18,South Africa,Batter,21,1,14088,131.9,11,6.69,54.78,DC,15.27
11495,Sandeep Khan,26,West Indies,Bowler,59,2,2364,128.1,689,5.39,31.47,CSK,12.98
11496,Nikhil Singh,25,India,Allrounder,74,4,4578,146.9,255,8.07,26.26,DC,10.6
11497,Vikas Naidu,23,India,Allrounder,80,4,5234,104.1,395,8.15,23.34,LSG,10.42
11498,Karthik Deshmukh,42,India,Bowler,540,18,1954,118.2,223,6.48,38.58,CSK,13.99
11499,Karthik Chopra,30,India,Batter,83,3,6384,98.2,2,8.28,30.25,GT,8.68
11500,Irfan Deshmukh,26,Australia,Wicketkeeper,134,5,8897,122.7,0,0.0,29.33,PBKS,11.8
11501,Ankit Deshmukh,37,India,Bowler,168,8,200,100.2,369,4.19,48.06,LSG,12.87
11502,Ankit Kulkarni,27,India,Bowler,16,1,938,104.1,679,7.46,28.72,RCB,13.22
11503,Sandeep Singh,41,England,Batter,34,2,7083,152.3,9,8.28,30.49,KKR,10.65
11504,Sameer Shetty,35,India,Wicketkeeper,216,10,7444,146.3,0,0.0,37.71,MI,16.33
11505,Arjun Naidu,36,South Africa,Wicketkeeper,371,16,8367,152.4,0,0.0,24.77,RCB,15.19
11506,Irfan Deshmukh,31,England,Allrounder,178,6,2594,121.5,305,8.41,53.35,CSK,12.11
11507,Rohan Khan,26,India,Batter,101,4,7946,126.8,4,7.61,48.17,SRH,12.1
11508,Harshit Singh,26,India,Allrounder,110,7,3366,132.2,353,7.53,34.59,RCB,13.7
11509,Ankit Khan,27,India,Batter,161,9,13668,151.9,11,8.77,20.34,KKR,18.05
11510,Arjun Malik,27,South Africa,Wicketkeeper,100,4,5305,130.3,0,0.0,50.31,RCB,11.22
11511,Harshit Singh,28,India,Allrounder,287,10,7867,143.0,467,7.29,51.33,GT,17.91
11512,Rahul Verma,38,England,Bowler,281,11,2851,138.0,768,6.85,53.77,PBKS,15.56
11513,Karthik Malik,42,Sri Lanka,Allrounder,504,20,1699,143.9,128,8.02,23.02,RR,11.55
11514,Amit Malik,42,India,Allrounder,223,10,3089,128.4,131,5.84,44.83,MI,12.02
11515,Aditya Verma,42,West Indies,Allrounder,30,2,3332,100.6,497,6.06,30.89,GT,11.19
11516,Karthik Shetty,33,West Indies,Batter,73,3,12152,147.6,9,8.7,51.95,GT,13.66
11517,Irfan Deshmukh,27,England,Allrounder,42,2,6069,117.4,418,6.33,34.23,CSK,12.03
11518,Aditya Sharma,42,Australia,Wicketkeeper,143,5,7938,117.5,0,0.0,43.32,LSG,11.44
11519,Karthik Shetty,23,England,Wicketkeeper,111,5,4810,116.5,0,0.0,20.71,DC,7.57
11520,Irfan Mehta,23,Australia,Bowler,137,5,3067,108.4,269,5.67,21.01,RCB,10.28
11521,Karthik Iyer,38,England,Batter,26,1,5220,107.4,11,7.65,35.85,LSG,3.02
11522,Sandeep Singh,34,South Africa,Allrounder,143,8,7801,131.2,157,5.97,54.68,PBKS,10.85
11523,Sameer Deshmukh,32,India,Batter,98,5,4780,133.8,7,7.92,52.17,MI,9.96
11524,Rahul Reddy,36,India,Batter,278,11,7284,105.0,15,7.31,29.9,LSG,11.63
11525,Amit Iyer,31,England,Bowler,62,3,3188,133.7,392,5.53,20.16,MI,9.93
11526,Pranav Verma,22,England,Bowler,47,2,1110,99.6,290,7.24,51.52,LSG,7.19
11527,Sandeep Kulkarni,32,West Indies,Batter,77,5,9221,154.4,4,9.32,48.33,LSG,13.14
11528,Sandeep Naidu,41,India,Bowler,26,1,2279,137.4,718,4.54,27.12,DC,14.84
11529,Irfan Malik,28,India,Bowler,123,6,1446,114.0,771,7.41,31.44,KKR,14.36
11530,Sandeep Verma,38,South Africa,Allrounder,73,4,5429,95.8,89,8.21,26.79,RR,5.73
11531,Harshit Patel,19,Australia,Allrounder,26,1,4683,137.0,444,6.48,42.66,RCB,11.17
11532,Rahul Patel,35,India,Batter,82,3,10368,147.8,8,8.34,24.24,RCB,12.22
11533,Rahul Khan,22,India,Allrounder,88,4,7131,138.5,109,6.83,42.26,MI,9.76
11534,Manoj Sharma,24,West Indies,Wicketkeeper,45,3,11807,121.9,0,0.0,20.6,KKR,12.2
11535,Irfan Patel,18,India,Bowler,30,1,368,102.1,623,4.23,32.01,LSG,14.69
11536,Harshit Yadav,19,India,Wicketkeeper,23,1,9859,102.1,0,0.0,34.91,MI,12.42
11537,Harshit Malik,37,India,Batter,103,5,14557,141.7,4,6.63,50.5,PBKS,17.19
11538,Harshit Kulkarni,41,Sri Lanka,Wicketkeeper,296,17,10889,118.4,0,0.0,37.9,MI,15.59
11539,Manoj Khan,28,India,Batter,140,7,11722,127.1,2,9.34,54.83,LSG,17.55
11540,Amit Deshmukh,29,India,Bowler,104,4,1920,146.7,775,4.54,37.4,MI,16.0
11541,Sameer Singh,25,India,Allrounder,202,7,2131,153.3,499,5.08,53.78,GT,16.89
11542,Sameer Patel,18,West Indies,Bowler,18,1,1690,152.2,853,5.46,24.94,RCB,14.34
11543,Rohan Mehta,36,India,Batter,255,10,8451,106.5,0,8.38,28.63,RR,13.98
11544,Nikhil Sharma,35,India,Bowler,314,17,2256,117.6,511,6.96,20.25,KKR,15.65
11545,Manoj Reddy,18,South Africa,Batter,25,1,14881,108.7,1,7.45,43.92,RR,14.3
11546,Sameer Iyer,35,England,Wicketkeeper,266,12,8015,106.7,0,0.0,49.48,SRH,13.12
11547,Pranav Sharma,24,India,Batter,109,5,5512,118.6,11,6.93,30.43,PBKS,8.18
11548,Rahul Khan,30,Sri Lanka,Allrounder,168,6,5469,101.1,454,7.25,36.73,KKR,13.96
11549,Irfan Verma,23,West Indies,Allrounder,113,4,2158,148.0,184,6.17,22.57,DC,8.0
11550,Vikas Shetty,25,England,Bowler,19,1,1987,105.1,359,7.15,23.1,SRH,8.9
11551,Sandeep Kulkarni,42,South Africa,Wicketkeeper,373,13,10294,107.1,0,0.0,23.59,MI,13.59
11552,Ankit Shetty,35,South Africa,Allrounder,166,11,4203,154.3,298,6.82,21.2,LSG,13.27
11553,Karthik Reddy,33,India,Batter,174,9,12897,118.2,12,7.61,31.89,KKR,16.85
11554,Rahul Chopra,26,England,Bowler,16,1,1652,148.7,356,5.26,20.66,SRH,9.06
11555,Vikas Patel,42,West Indies,Wicketkeeper,290,11,4377,141.5,0,0.0,28.85,GT,11.52
11556,Nikhil Chopra,38,India,Wicketkeeper,352,17,8195,118.0,0,0.0,34.71,GT,15.88
11557,Aditya Sharma,21,England,Wicketkeeper,77,3,8863,113.3,0,0.0,23.27,PBKS,6.98
11558,Ankit Singh,19,India,Batter,24,1,13851,112.9,14,6.4,48.76,GT,14.2
11559,Sandeep Singh,36,England,Bowler,90,4,1395,139.6,302,4.51,30.11,MI,7.67
11560,Ankit Chopra,34,Australia,Batter,48,2,4014,120.7,4,9.09,26.01,GT,6.53
11561,Rohan Patel,34,India,Batter,98,4,10617,105.6,5,9.45,39.87,MI,11.12
11562,Sameer Iyer,36,West Indies,Wicketkeeper,143,7,3025,129.2,0,0.0,33.05,DC,6.92
11563,Aditya Shetty,40,India,Batter,213,10,10206,145.6,6,9.33,49.04,PBKS,17.75
11564,Arjun Malik,23,West Indies,Batter,71,4,11775,122.4,14,9.41,23.4,CSK,12.73
11565,Manoj Shetty,23,South Africa,Allrounder,43,2,4514,117.8,191,7.68,26.66,DC,8.04
11566,Aditya Iyer,39,India,Wicketkeeper,449,17,6061,124.0,0,0.0,52.4,CSK,16.36
11567,Arjun Sharma,42,India,Allrounder,359,13,8604,145.9,169,5.6,34.64,CSK,15.94
11568,Arjun Malik,35,West Indies,Wicketkeeper,87,3,7566,103.2,0,0.0,49.69,DC,10.31
11569,Sameer Kulkarni,20,India,Allrounder,43,2,8567,112.5,378,8.39,30.62,MI,11.04
11570,Rahul Mehta,24,India,Bowler,103,5,197,143.8,754,5.48,20.36,LSG,16.87
11571,Arjun Mehta,40,Sri Lanka,Wicketkeeper,582,22,9742,108.4,0,0.0,44.71,KKR,17.39
11572,Irfan Iyer,40,India,Allrounder,48,2,6317,114.8,215,6.42,50.53,DC,10.41
11573,Vikas Sharma,23,England,Batter,128,5,13032,151.9,9,9.21,29.54,RR,14.4
11574,Rohan Malik,40,Australia,Wicketkeeper,262,12,4234,149.8,0,0.0,45.79,MI,11.15
11575,Manoj Singh,34,England,Bowler,461,16,3984,131.6,605,4.59,20.92,MI,18.38
11576,Rohan Singh,29,India,Bowler,76,5,630,139.0,811,6.69,47.63,PBKS,15.24
11577,Sameer Chopra,21,India,Allrounder,20,1,3796,132.7,255,5.6,26.26,RCB,10.71
11578,Sandeep Chopra,24,India,Bowler,47,2,2578,135.5,558,7.6,23.34,CSK,13.0
11579,Vikas Kulkarni,39,Australia,Allrounder,120,7,2365,134.8,266,5.65,36.68,PBKS,9.27
11580,Irfan Patel,25,West Indies,Wicketkeeper,144,7,8417,139.2,0,0.0,29.83,LSG,11.62
11581,Arjun Reddy,34,West Indies,Allrounder,323,16,5386,105.6,178,7.3,39.03,RCB,13.43
11582,Harshit Patel,24,Australia,Batter,44,2,11773,132.7,12,9.35,21.75,RR,10.8
11583,Vikas Deshmukh,20,India,Allrounder,30,1,3826,104.4,402,8.46,45.13,RR,10.84
11584,Nikhil Sharma,24,England,Batter,31,2,7902,112.7,7,7.86,26.21,LSG,9.03
11585,Ankit Deshmukh,41,West Indies,Batter,236,8,13666,146.5,15,6.62,50.55,PBKS,17.99
11586,Sandeep Khan,18,India,Wicketkeeper,25,1,6595,122.9,0,0.0,23.63,GT,8.27
11587,Amit Patel,24,South Africa,Bowler,107,4,30,124.2,503,7.36,35.36,MI,9.1
11588,Irfan Reddy,26,India,Wicketkeeper,51,2,6533,119.4,0,0.0,32.78,GT,9.74
11589,Sameer Yadav,28,India,Wicketkeeper,192,8,9714,126.6,0,0.0,41.16,MI,13.55
11590,Arjun Yadav,36,South Africa,Batter,94,6,11322,148.8,14,7.63,31.12,MI,13.67
11591,Ankit Patel,27,Sri Lanka,Bowler,160,6,3916,113.0,516,6.2,46.37,GT,10.89
11592,Arjun Verma,24,Sri Lanka,Allrounder,92,5,7770,106.3,493,5.36,48.04,LSG,16.16
11593,Nikhil Singh,39,India,Wicketkeeper,277,13,8152,106.0,0,0.0,41.9,CSK,15.5
11594,Vikas Yadav,34,England,Allrounder,40,2,5560,126.4,217,8.4,26.56,RCB,8.52
11595,Harshit Chopra,37,Sri Lanka,Allrounder,448,16,4715,144.4,347,6.12,32.31,GT,17.05
11596,Sandeep Iyer,32,India,Allrounder,24,1,3798,141.6,441,7.53,37.54,CSK,9.71
11597,Sandeep Deshmukh,28,Sri Lanka,Batter,143,9,14588,114.0,4,8.74,38.07,KKR,18.2
11598,Rohan Kulkarni,26,West Indies,Bowler,30,1,2348,105.1,631,6.61,29.58,MI,10.47
11599,Nikhil Khan,33,West Indies,Allrounder,234,9,6071,134.3,494,7.28,37.27,RCB,14.23
11600,Rohan Khan,31,India,Batter,233,8,10069,123.9,12,8.78,50.85,PBKS,13.27
11601,Ankit Kulkarni,35,West Indies,Batter,25,1,4646,113.9,0,8.58,33.83,PBKS,7.01
11602,Pranav Iyer,20,India,Allrounder,28,1,3779,148.7,49,7.34,26.25,DC,7.21
11603,Nikhil Singh,28,India,Wicketkeeper,32,2,4158,125.9,0,0.0,24.16,GT,8.72
11604,Nikhil Singh,38,India,Allrounder,312,16,8976,136.2,240,5.98,22.72,RCB,15.65
11605,Irfan Singh,22,India,Wicketkeeper,29,1,10307,134.7,0,0.0,51.53,PBKS,11.67
11606,Sameer Deshmukh,31,India,Allrounder,161,7,2566,108.0,55,8.39,46.21,CSK,8.84
11607,Ankit Shetty,24,England,Bowler,55,2,3396,100.5,537,7.52,34.49,GT,10.22
11608,Pranav Mehta,22,India,Allrounder,34,2,2443,107.2,212,8.22,52.68,LSG,7.53
11609,Ankit Sharma,33,West Indies,Allrounder,235,9,5996,101.0,66,6.85,35.75,SRH,9.66
11610,Irfan Shetty,27,India,Wicketkeeper,209,9,4652,114.6,0,0.0,29.88,DC,12.06
11611,Aditya Mehta,40,India,Wicketkeeper,89,4,10231,127.5,0,0.0,36.93,RCB,15.72
11612,Karthik Patel,30,England,Wicketkeeper,197,8,6378,123.9,0,0.0,23.08,LSG,11.1
11613,Rahul Kulkarni,19,Sri Lanka,Wicketkeeper,23,1,7509,143.1,0,0.0,36.85,LSG,8.35
11614,Pranav Malik,26,India,Batter,118,6,4001,144.5,6,8.87,31.1,LSG,9.91
11615,Vikas Malik,30,India,Wicketkeeper,207,12,7947,95.3,0,0.0,51.89,KKR,13.66
11616,Irfan Deshmukh,35,India,Bowler,194,9,3718,101.4,144,6.89,44.56,CSK,8.69
11617,Sameer Verma,25,India,Wicketkeeper,76,3,6963,96.2,0,0.0,20.97,RCB,10.37
11618,Ankit Iyer,42,India,Bowler,433,19,932,100.8,683,6.0,53.75,SRH,19.27
11619,Rahul Sharma,34,West Indies,Batter,268,9,3165,134.0,14,9.13,22.23,SRH,10.3
11620,Rahul Mehta,27,Sri Lanka,Batter,129,5,6806,117.3,14,7.14,36.83,RCB,9.6
11621,Sandeep Khan,40,India,Wicketkeeper,477,21,2977,105.1,0,0.0,40.21,GT,15.54
11622,Sandeep Verma,38,Australia,Allrounder,481,20,2989,151.8,463,6.53,52.77,MI,17.44
11623,Vikas Sharma,36,Australia,Allrounder,86,3,1753,133.7,248,6.98,24.82,CSK,7.2
11624,Sameer Deshmukh,24,West Indies,Wicketkeeper,114,5,9730,108.4,0,0.0,51.53,PBKS,14.36
11625,Rahul Chopra,28,England,Allrounder,246,10,2399,106.4,169,7.45,39.96,RR,8.42
11626,Rohan Kulkarni,18,India,Allrounder,27,1,8592,115.7,54,8.27,26.5,SRH,8.23
11627,Sandeep Singh,18,Sri Lanka,Bowler,24,1,2197,122.7,894,7.58,34.6,GT,12.69
11628,Rahul Iyer,30,India,Wicketkeeper,256,10,11165,111.1,0,0.0,51.21,MI,19.16
11629,Karthik Yadav,24,Sri Lanka,Wicketkeeper,80,3,5949,145.7,0,0.0,34.1,PBKS,11.86
11630,Sandeep Malik,38,India,Batter,268,9,13316,121.8,7,6.11,26.33,LSG,18.11
11631,Irfan Yadav,27,Sri Lanka,Wicketkeeper,103,6,4211,103.6,0,0.0,33.76,CSK,7.59
11632,Aditya Deshmukh,19,South Africa,Allrounder,25,1,5184,152.4,383,5.35,21.66,RCB,13.42
11633,Vikas Kulkarni,25,Australia,Wicketkeeper,84,5,9857,119.1,0,0.0,25.69,KKR,11.24
11634,Aditya Khan,41,England,Bowler,350,22,1043,99.7,820,6.62,39.14,CSK,19.6
11635,Arjun Verma,30,South Africa,Wicketkeeper,138,6,4858,141.4,0,0.0,53.25,RR,11.08
11636,Vikas Patel,42,Australia,Batter,237,15,4772,101.0,7,8.44,23.1,RCB,8.79
11637,Ankit Yadav,41,India,Wicketkeeper,118,6,11760,138.9,0,0.0,27.54,LSG,13.58
11638,Amit Yadav,32,England,Allrounder,181,9,3477,153.6,164,6.57,48.7,LSG,11.36
11639,Nikhil Mehta,29,India,Allrounder,155,6,4613,146.6,277,7.96,41.68,RCB,13.73
11640,Rahul Mehta,40,India,Batter,328,11,7975,116.5,9,8.6,54.95,KKR,15.37
11641,Ankit Deshmukh,24,India,Wicketkeeper,131,6,6111,111.8,0,0.0,40.65,PBKS,11.08
11642,Sameer Shetty,23,England,Wicketkeeper,87,4,10955,111.9,0,0.0,23.92,KKR,12.66
11643,Pranav Iyer,29,Sri Lanka,Allrounder,54,2,1936,116.2,181,6.99,40.41,KKR,4.41
11644,Ankit Patel,41,India,Allrounder,368,17,8697,127.5,310,6.96,24.32,KKR,17.37
11645,Manoj Patel,26,India,Wicketkeeper,83,4,10844,121.4,0,0.0,48.42,MI,14.63
11646,Ankit Naidu,40,England,Allrounder,327,21,2854,121.6,362,6.1,37.28,LSG,15.64
11647,Pranav Shetty,37,West Indies,Allrounder,418,15,8397,134.3,348,8.02,23.51,PBKS,15.76
11648,Rahul Patel,18,India,Batter,25,1,3475,144.9,11,9.03,46.38,GT,9.06
11649,Sameer Chopra,23,India,Allrounder,80,5,5881,140.5,119,6.63,36.76,PBKS,12.49
11650,Nikhil Patel,21,West Indies,Wicketkeeper,30,1,10591,139.2,0,0.0,50.8,CSK,13.58
11651,Arjun Naidu,36,England,Batter,478,18,6987,122.3,8,9.12,50.08,SRH,15.12
11652,Karthik Iyer,33,India,Bowler,180,11,150,101.1,666,4.39,39.19,GT,16.8
11653,Vikas Yadav,24,South Africa,Wicketkeeper,18,1,9531,134.1,0,0.0,25.35,GT,11.96
11654,Sandeep Naidu,19,India,Bowler,17,1,1937,100.7,646,5.79,41.07,SRH,10.09
11655,Karthik Patel,39,England,Wicketkeeper,178,6,2927,146.3,0,0.0,45.82,CSK,8.7
11656,Sandeep Singh,39,India,Bowler,54,3,333,154.6,289,5.44,43.2,DC,10.98
11657,Amit Chopra,40,India,Bowler,648,22,3641,135.2,278,7.1,54.63,KKR,18.0
11658,Sandeep Iyer,24,Australia,Wicketkeeper,54,3,6644,144.3,0,0.0,38.18,RR,10.56
11659,Irfan Naidu,18,India,Batter,26,1,13110,135.9,3,7.28,40.66,SRH,13.49
11660,Vikas Chopra,27,India,Wicketkeeper,102,5,9050,132.8,0,0.0,32.01,KKR,11.79
11661,Karthik Reddy,33,West Indies,Batter,229,15,14174,128.5,11,7.5,49.37,RCB,16.71
11662,Sandeep Malik,31,Australia,Allrounder,15,1,6099,102.1,363,7.67,28.59,SRH,11.11
11663,Harshit Deshmukh,27,India,Wicketkeeper,124,8,4850,96.6,0,0.0,20.28,MI,8.57
11664,Arjun Mehta,32,South Africa,Wicketkeeper,159,6,10390,108.5,0,0.0,47.98,GT,12.64
11665,Rahul Reddy,39,India,Batter,272,16,8001,118.5,6,9.17,39.71,SRH,13.43
11666,Irfan Reddy,41,India,Wicketkeeper,457,17,10238,137.4,0,0.0,53.35,DC,19.89
11667,Karthik Iyer,30,Sri Lanka,Batter,68,4,10627,98.4,11,9.2,28.69,GT,9.57
11668,Rahul Shetty,32,India,Bowler,323,11,438,132.0,862,4.19,44.87,GT,20.0
11669,Vikas Chopra,24,India,Bowler,29,1,2329,146.2,241,5.17,35.85,RR,6.76
11670,Aditya Khan,33,India,Wicketkeeper,96,5,4717,154.9,0,0.0,20.01,RCB,8.52
11671,Manoj Khan,28,South Africa,Allrounder,100,5,7695,113.1,383,5.38,20.89,KKR,12.21
11672,Manoj Mehta,37,Sri Lanka,Wicketkeeper,124,5,11819,141.9,0,0.0,21.85,MI,10.96
11673,Amit Iyer,30,India,Bowler,80,4,3119,98.2,793,6.85,28.85,SRH,17.81
11674,Irfan Verma,37,South Africa,Allrounder,504,18,7150,152.1,340,7.94,34.51,PBKS,14.86
11675,Rahul Khan,26,Sri Lanka,Wicketkeeper,122,5,8844,153.2,0,0.0,41.94,RR,11.69
11676,Pranav Reddy,36,West Indies,Allrounder,213,10,7980,143.2,412,6.46,30.34,SRH,14.47
11677,Ankit Singh,18,South Africa,Batter,24,1,3966,134.4,6,6.93,33.67,CSK,6.3
11678,Pranav Reddy,24,South Africa,Allrounder,126,6,7059,99.0,369,5.48,47.57,RCB,11.12
11679,Ankit Patel,19,England,Allrounder,29,1,2632,119.7,367,7.37,51.37,SRH,7.86
11680,Manoj Sharma,39,South Africa,Batter,95,6,8314,137.6,4,7.44,51.82,DC,10.41
11681,Sameer Reddy,30,Sri Lanka,Batter,178,8,12041,125.7,2,8.94,43.82,PBKS,14.15
11682,Karthik Deshmukh,37,India,Wicketkeeper,317,16,11490,119.8,0,0.0,42.65,KKR,19.5
11683,Harshit Naidu,20,England,Allrounder,28,1,1830,121.1,206,5.9,27.33,PBKS,7.46
11684,Irfan Sharma,39,England,Bowler,17,1,1291,130.3,543,4.15,50.26,RR,12.32
11685,Rohan Kulkarni,22,India,Bowler,26,1,879,106.8,466,4.1,36.11,MI,12.11
11686,Nikhil Shetty,22,India,Bowler,95,4,1333,105.3,828,6.53,21.98,RR,16.94
11687,Ankit Kulkarni,31,South Africa,Batter,189,10,8662,144.1,13,7.82,21.23,KKR,9.07
11688,Rohan Chopra,39,India,Allrounder,222,13,7948,134.8,370,6.22,24.58,MI,15.14
11689,Harshit Naidu,21,India,Batter,51,2,4718,127.1,3,6.83,53.36,GT,11.42
11690,Vikas Kulkarni,33,South Africa,Allrounder,109,7,4744,124.3,279,6.01,34.0,PBKS,10.21
11691,Karthik Deshmukh,29,India,Allrounder,75,3,7965,99.3,373,8.14,39.82,DC,14.6
11692,Pranav Malik,20,England,Wicketkeeper,30,1,4255,145.8,0,0.0,54.58,RCB,10.5
11693,Harshit Chopra,25,England,Bowler,38,2,617,117.8,747,6.66,34.41,LSG,12.08
11694,Ankit Reddy,34,Australia,Batter,17,1,11507,131.2,4,7.23,45.88,LSG,11.29
11695,Pranav Yadav,38,England,Allrounder,304,19,3781,120.0,178,7.87,45.08,CSK,11.37
11696,Karthik Khan,35,India,Batter,107,7,12169,150.2,12,9.21,44.64,KKR,15.1
11697,Arjun Naidu,41,Sri Lanka,Wicketkeeper,178,11,7076,133.2,0,0.0,38.6,PBKS,9.97
11698,Rohan Iyer,21,Australia,Wicketkeeper,36,2,4921,106.0,0,0.0,24.33,PBKS,7.04
11699,Manoj Khan,20,India,Wicketkeeper,48,2,5493,124.1,0,0.0,25.58,GT,7.25
11700,Amit Kulkarni,42,India,Bowler,428,16,3445,133.7,713,6.19,38.4,LSG,19.9
11701,Karthik Yadav,25,West Indies,Batter,80,4,9850,98.5,15,6.13,23.97,SRH,10.49
11702,Sameer Kulkarni,28,India,Allrounder,149,9,7317,154.4,383,5.54,32.06,PBKS,13.72
11703,Nikhil Mehta,36,Sri Lanka,Allrounder,328,16,5164,98.1,447,6.02,42.24,KKR,16.82
11704,Sameer Sharma,36,England,Wicketkeeper,122,5,5626,134.1,0,0.0,26.14,GT,9.77
11705,Manoj Shetty,41,India,Wicketkeeper,63,3,6255,150.2,0,0.0,48.02,DC,12.23
11706,Manoj Reddy,27,India,Allrounder,131,5,8104,124.2,276,5.81,36.04,MI,12.91
11707,Vikas Sharma,20,Australia,Bowler,46,2,3998,144.1,238,5.32,23.82,RCB,8.12
11708,Vikas Deshmukh,36,India,Batter,320,17,14735,120.7,15,7.45,36.41,RCB,20.0
11709,Ankit Iyer,22,South Africa,Wicketkeeper,56,3,7623,146.7,0,0.0,27.64,RCB,9.86
11710,Rahul Singh,28,India,Bowler,147,5,880,132.1,118,4.39,26.08,RCB,11.71
11711,Nikhil Reddy,21,England,Wicketkeeper,18,1,7402,99.5,0,0.0,34.93,GT,7.86
11712,Rohan Mehta,29,India,Allrounder,24,1,7579,116.7,320,5.77,29.09,MI,13.39
11713,Aditya Sharma,31,England,Batter,156,7,6875,128.6,3,6.32,20.95,MI,10.45
11714,Karthik Sharma,26,Australia,Wicketkeeper,73,4,10900,153.0,0,0.0,31.95,MI,13.4
11715,Aditya Verma,36,South Africa,Batter,115,6,8223,143.6,10,8.43,29.77,SRH,9.02
11716,Sameer Sharma,22,Sri Lanka,Batter,20,1,3899,144.9,14,8.62,28.45,MI,7.42
11717,Irfan Naidu,33,India,Allrounder,30,1,4564,96.2,138,8.47,27.6,LSG,7.22
11718,Manoj Singh,25,India,Allrounder,56,2,2748,106.6,341,7.73,44.44,LSG,9.37
11719,Rahul Iyer,27,West Indies,Batter,193,7,7265,152.6,10,8.99,36.6,GT,14.53
11720,Aditya Mehta,23,India,Wicketkeeper,139,5,6797,153.3,0,0.0,34.41,KKR,12.35
11721,Manoj Mehta,33,India,Bowler,301,12,3381,125.8,808,4.83,42.74,LSG,18.56
11722,Arjun Naidu,23,India,Batter,101,4,14691,129.0,6,7.6,34.57,KKR,15.36
11723,Nikhil Naidu,35,India,Wicketkeeper,73,3,11690,126.5,0,0.0,53.34,DC,12.55
11724,Irfan Deshmukh,25,England,Wicketkeeper,161,6,4379,125.0,0,0.0,28.86,DC,10.81
11725,Rohan Reddy,38,England,Allrounder,123,7,2638,115.3,306,7.66,48.57,RR,9.06
11726,Sameer Yadav,36,South Africa,Allrounder,368,15,6052,114.9,257,5.2,23.3,KKR,14.91
11727,Sandeep Khan,19,South Africa,Batter,20,1,13173,134.5,14,6.3,33.49,DC,13.94
11728,Harshit Patel,40,South Africa,Wicketkeeper,342,14,11907,147.3,0,0.0,38.07,SRH,16.0
11729,Sandeep Naidu,35,England,Bowler,264,13,3840,138.3,96,5.12,41.84,LSG,10.05
11730,Sameer Sharma,28,India,Allrounder,123,6,6003,133.6,181,7.8,25.85,GT,10.57
11731,Harshit Iyer,18,England,Wicketkeeper,25,1,7125,135.2,0,0.0,33.7,GT,11.71
11732,Nikhil Malik,27,West Indies,Wicketkeeper,136,5,2604,122.8,0,0.0,52.25,RCB,9.98
11733,Arjun Mehta,36,India,Wicketkeeper,108,6,3979,116.6,0,0.0,41.42,GT,9.47
11734,Arjun Malik,21,England,Allrounder,59,3,8196,100.7,145,6.27,35.87,GT,8.56
11735,Karthik Kulkarni,37,South Africa,Allrounder,180,6,4340,119.5,463,7.09,33.67,GT,11.84
11736,Ankit Khan,18,India,Bowler,16,1,3491,96.8,621,7.12,30.35,RR,11.24
11737,Amit Yadav,18,India,Batter,15,1,10413,150.2,8,8.84,34.43,GT,14.83
11738,Pranav Deshmukh,21,India,Wicketkeeper,17,1,3371,148.3,0,0.0,26.96,CSK,6.95
11739,Arjun Sharma,25,India,Bowler,24,1,3308,145.8,748,4.84,51.61,LSG,15.41
11740,Rohan Reddy,41,India,Wicketkeeper,253,10,8836,108.4,0,0.0,22.08,RCB,12.77
11741,Manoj Yadav,27,South Africa,Wicketkeeper,22,1,3933,100.4,0,0.0,29.15,GT,5.96
11742,Rohan Singh,34,England,Bowler,272,13,3202,125.6,562,6.89,35.95,DC,13.95
11743,Pranav Naidu,18,India,Batter,26,1,8092,148.4,0,8.04,23.17,GT,10.46
11744,Nikhil Khan,32,Sri Lanka,Bowler,48,2,35,150.6,191,6.64,27.47,GT,7.16
11745,Sandeep Patel,20,West Indies,Wicketkeeper,46,2,10185,145.3,0,0.0,44.43,DC,12.46
11746,Ankit Kulkarni,25,India,Allrounder,22,1,2395,108.9,229,5.05,41.2,CSK,10.26
11747,Sandeep Kulkarni,22,India,Allrounder,54,2,2987,126.7,115,6.76,28.12,DC,5.29
11748,Pranav Naidu,19,India,Bowler,17,1,3249,111.0,695,6.57,33.63,SRH,13.33
11749,Rahul Iyer,19,Australia,Batter,16,1,4612,135.3,15,7.29,23.16,GT,4.62
11750,Aditya Verma,22,Sri Lanka,Allrounder,45,2,6669,107.0,398,5.72,23.79,RR,11.29
11751,Sandeep Shetty,38,West Indies,Allrounder,307,19,5858,131.4,467,5.73,45.63,RR,18.14
11752,Harshit Shetty,23,Australia,Batter,69,4,6889,123.5,5,8.31,21.84,DC,7.39
11753,Nikhil Khan,36,West Indies,Wicketkeeper,47,3,7084,152.5,0,0.0,25.88,GT,9.29
11754,Karthik Malik,36,India,Batter,52,3,9131,149.8,3,8.34,44.42,CSK,12.23
11755,Amit Shetty,36,Australia,Wicketkeeper,416,15,6941,108.1,0,0.0,31.05,LSG,14.77
11756,Karthik Kulkarni,25,India,Allrounder,101,6,8217,131.8,278,5.11,41.45,GT,14.25
11757,Rohan Singh,39,India,Batter,150,7,9731,95.7,9,8.54,48.62,DC,14.71
11758,Sandeep Verma,38,South Africa,Batter,128,6,5530,103.5,10,8.59,32.17,SRH,8.42
11759,Aditya Singh,36,India,Bowler,253,12,3993,124.7,219,6.43,24.03,RCB,11.43
11760,Rohan Iyer,40,West Indies,Batter,52,2,7780,141.9,7,6.31,25.46,DC,9.31
11761,Vikas Deshmukh,23,West Indies,Batter,79,5,10858,144.9,15,6.6,41.42,LSG,14.02
11762,Rohan Patel,22,South Africa,Allrounder,58,2,3314,123.8,136,7.12,39.91,SRH,5.93
11763,Ankit Shetty,23,India,Allrounder,61,4,4179,153.1,44,7.11,27.8,PBKS,9.84
11764,Ankit Chopra,31,India,Wicketkeeper,239,10,10500,107.9,0,0.0,22.0,DC,14.05
11765,Harshit Singh,23,West Indies,Bowler,75,3,1710,127.9,351,6.5,23.89,PBKS,9.29
11766,Nikhil Reddy,18,South Africa,Wicketkeeper,15,1,4363,116.9,0,0.0,26.25,SRH,5.97
11767,Pranav Iyer,31,Sri Lanka,Allrounder,76,5,2150,152.1,434,6.16,43.92,KKR,10.3
11768,Ankit Malik,38,India,Batter,161,10,8699,110.2,3,6.03,20.36,DC,11.84
11769,Karthik Malik,32,South Africa,Allrounder,130,8,6815,123.2,118,7.5,54.79,GT,9.72
11770,Irfan Khan,25,Sri Lanka,Allrounder,153,7,4634,126.1,121,7.57,48.16,GT,7.97
11771,Sameer Mehta,30,India,Batter,260,10,6939,109.6,5,8.47,38.56,MI,13.89
11772,Ankit Yadav,25,West Indies,Bowler,87,4,870,122.1,117,6.11,26.27,LSG,6.77
11773,Pranav Kulkarni,32,India,Batter,27,1,12131,111.9,14,6.78,20.36,KKR,12.44
11774,Vikas Kulkarni,34,India,Bowler,33,2,1736,136.2,393,7.48,44.14,RCB,11.0
11775,Rohan Khan,36,India,Wicketkeeper,291,11,3100,129.3,0,0.0,44.13,PBKS,11.44
11776,Vikas Khan,28,Sri Lanka,Batter,159,9,14846,118.1,9,9.44,44.94,CSK,14.25
11777,Amit Mehta,31,England,Batter,30,1,5750,146.3,8,7.26,50.03,PBKS,9.48
11778,Pranav Patel,27,Sri Lanka,Batter,53,2,6807,95.3,0,9.16,30.44,KKR,7.13
11779,Ankit Malik,24,South Africa,Batter,17,1,8091,122.2,13,6.47,37.34,MI,8.22
11780,Amit Naidu,42,Australia,Batter,406,19,5422,138.4,12,6.9,29.44,RR,13.21
11781,Sandeep Verma,24,West Indies,Allrounder,19,1,6691,105.7,116,7.99,32.85,KKR,7.06
11782,Nikhil Khan,26,India,Bowler,122,5,984,131.3,639,6.36,22.73,DC,11.98
11783,Harshit Malik,27,Australia,Batter,30,2,12848,130.9,15,8.96,50.45,RCB,12.86
11784,Amit Deshmukh,28,South Africa,Wicketkeeper,68,3,6913,147.1,0,0.0,39.11,RR,9.24
11785,Sameer Patel,41,India,Batter,184,7,9718,145.9,7,9.19,53.53,KKR,15.35
11786,Amit Shetty,32,Australia,Allrounder,142,8,2816,144.3,300,7.98,36.43,MI,10.04
11787,Amit Verma,29,India,Bowler,90,3,34,149.6,732,4.81,45.29,KKR,17.1
11788,Vikas Sharma,18,India,Bowler,23,1,3707,115.5,530,5.07,44.01,DC,13.81
11789,Karthik Yadav,35,England,Wicketkeeper,134,5,5789,123.7,0,0.0,22.85,SRH,9.72
11790,Manoj Kulkarni,41,India,Allrounder,536,21,5438,139.7,419,5.5,31.5,DC,17.61
11791,Sameer Malik,38,India,Bowler,181,10,1843,141.0,532,5.93,46.29,DC,15.94
11792,Manoj Sharma,25,India,Wicketkeeper,83,4,5857,105.0,0,0.0,23.44,RR,11.19
11793,Sandeep Verma,42,Sri Lanka,Wicketkeeper,433,15,7111,130.5,0,0.0,45.96,DC,14.69
11794,Vikas Mehta,26,South Africa,Allrounder,58,2,1771,117.3,309,5.52,50.46,RR,11.17
11795,Harshit Verma,42,Australia,Batter,211,14,13434,122.2,2,9.3,22.78,GT,13.79
11796,Irfan Khan,35,South Africa,Batter,319,12,10532,109.0,6,6.9,28.36,SRH,11.6
11797,Ankit Reddy,30,West Indies,Allrounder,151,9,7604,130.0,468,6.73,24.29,MI,12.84
11798,Aditya Patel,25,Sri Lanka,Bowler,68,3,1326,132.2,794,7.38,40.9,RR,15.54
11799,Sameer Sharma,18,India,Batter,20,1,13128,132.7,11,9.46,52.51,PBKS,12.56
11800,Nikhil Khan,30,India,Wicketkeeper,107,4,9038,112.2,0,0.0,28.4,LSG,11.8
11801,Sameer Patel,42,South Africa,Batter,473,16,5677,125.5,5,7.81,27.93,PBKS,13.16
11802,Sandeep Patel,24,India,Allrounder,25,1,3480,96.8,178,7.45,44.17,MI,8.21
11803,Rohan Kulkarni,18,India,Allrounder,29,1,8759,136.3,106,6.6,36.7,SRH,10.34
11804,Irfan Malik,42,India,Batter,65,3,12610,115.1,12,9.42,54.39,MI,13.96
11805,Manoj Patel,30,India,Allrounder,198,8,3065,136.0,405,5.23,35.9,MI,13.69
11806,Rahul Mehta,29,South Africa,Batter,118,4,6551,142.4,6,8.88,48.01,KKR,9.36
11807,Harshit Singh,36,Sri Lanka,Wicketkeeper,293,11,10423,100.7,0,0.0,48.78,LSG,14.25
11808,Rahul Iyer,39,South Africa,Wicketkeeper,332,16,4349,107.8,0,0.0,20.9,LSG,11.81
11809,Rohan Deshmukh,42,India,Bowler,150,9,3284,123.8,669,4.83,45.97,MI,16.73
11810,Amit Malik,31,India,Batter,281,10,4110,101.8,7,6.77,42.61,SRH,10.47
11811,Amit Reddy,31,South Africa,Bowler,116,7,28,131.1,253,7.74,44.19,RR,6.16
11812,Rahul Deshmukh,42,Australia,Batter,41,2,4856,141.9,7,7.96,54.15,LSG,8.25
11813,Vikas Patel,26,India,Wicketkeeper,130,8,3008,127.6,0,0.0,34.59,CSK,11.97
11814,Vikas Sharma,30,England,Batter,30,1,6667,153.2,15,9.01,24.52,GT,9.87
11815,Sandeep Malik,19,England,Batter,26,1,8776,142.5,3,8.02,38.67,SRH,11.06
11816,Vikas Shetty,36,India,Batter,345,12,5182,134.3,13,7.43,29.45,RCB,14.35
11817,Nikhil Khan,31,India,Batter,105,6,10838,154.5,1,7.22,42.28,GT,15.81
11818,Nikhil Khan,38,India,Wicketkeeper,251,12,7838,147.4,0,0.0,48.27,SRH,15.38
11819,Karthik Patel,32,India,Allrounder,285,13,2099,145.4,129,7.28,30.05,SRH,13.61
11820,Irfan Deshmukh,18,India,Allrounder,25,1,5666,130.4,130,7.23,41.78,DC,9.05
11821,Vikas Malik,41,England,Allrounder,492,18,5651,111.6,410,5.59,30.03,RR,14.84
11822,Nikhil Naidu,29,Australia,Wicketkeeper,193,9,2981,131.1,0,0.0,54.04,SRH,11.35
11823,Rahul Naidu,22,England,Batter,115,4,10155,108.6,3,9.34,30.67,SRH,12.14
11824,Rahul Iyer,38,England,Allrounder,389,17,1807,118.9,177,5.13,49.21,CSK,12.05
11825,Ankit Kulkarni,34,South Africa,Allrounder,201,7,5909,109.2,107,8.21,29.3,LSG,10.76
11826,Vikas Shetty,28,India,Batter,111,5,14177,116.0,13,6.77,48.17,RCB,18.23
11827,Arjun Malik,19,West Indies,Wicketkeeper,24,1,5830,133.8,0,0.0,47.51,MI,8.7
11828,Irfan Kulkarni,37,West Indies,Allrounder,230,8,8601,110.5,172,7.04,27.98,LSG,10.8
11829,Amit Singh,32,Sri Lanka,Allrounder,153,7,5561,141.9,175,5.03,49.65,SRH,12.28
11830,Rahul Yadav,26,South Africa,Bowler,151,6,2131,99.5,209,6.92,46.68,GT,7.19
11831,Sameer Kulkarni,24,West Indies,Bowler,77,4,2979,101.3,231,4.17,35.42,LSG,7.65
11832,Pranav Verma,38,England,Wicketkeeper,185,7,3980,123.6,0,0.0,48.56,CSK,10.17
11833,Harshit Naidu,33,Sri Lanka,Batter,347,12,6814,104.2,5,8.38,27.92,DC,9.8
11834,Rahul Yadav,22,India,Wicketkeeper,39,2,5485,112.1,0,0.0,24.33,GT,6.8
11835,Arjun Naidu,18,Australia,Bowler,15,1,3840,138.7,287,5.09,28.45,KKR,7.53
11836,Pranav Singh,31,India,Wicketkeeper,82,3,8161,145.1,0,0.0,36.43,RR,12.42
11837,Sandeep Mehta,22,India,Allrounder,43,2,5260,119.7,172,6.13,44.83,KKR,10.98
11838,Irfan Deshmukh,40,West Indies,Bowler,199,11,1732,95.4,773,5.96,52.28,CSK,17.81
11839,Nikhil Malik,18,India,Allrounder,29,1,7725,151.3,374,5.23,20.99,GT,12.85
11840,Manoj Sharma,24,India,Batter,24,1,14827,127.1,0,8.7,37.7,MI,15.54
11841,Amit Yadav,42,India,Wicketkeeper,174,7,4809,99.4,0,0.0,28.36,RR,8.2
11842,Ankit Shetty,33,England,Batter,269,9,7538,148.5,15,8.72,38.52,LSG,14.24
11843,Arjun Malik,29,India,Bowler,174,6,3588,98.6,808,5.34,43.88,MI,16.99
11844,Nikhil Mehta,36,West Indies,Batter,178,7,9582,98.3,7,6.97,43.3,KKR,11.61
11845,Vikas Patel,29,India,Bowler,132,6,2117,95.7,818,5.85,23.88,KKR,16.63
11846,Arjun Malik,31,India,Wicketkeeper,59,3,11314,137.0,0,0.0,22.23,DC,14.23
11847,Rohan Shetty,28,South Africa,Allrounder,16,1,2368,113.7,64,8.03,23.1,GT,4.38
11848,Sandeep Mehta,20,India,Bowler,31,2,1275,126.5,776,6.89,30.73,CSK,11.25
11849,Nikhil Mehta,42,India,Batter,166,6,9344,96.3,1,7.42,43.19,GT,11.81
11850,Rahul Iyer,33,South Africa,Bowler,104,4,3015,137.8,481,5.39,41.99,DC,11.82
11851,Amit Reddy,20,India,Bowler,38,2,3148,142.6,116,6.47,42.09,RCB,6.88
11852,Irfan Kulkarni,22,India,Bowler,51,3,3750,118.4,587,5.59,24.19,SRH,14.42
11853,Ankit Iyer,21,India,Batter,52,3,6006,140.7,9,8.73,28.62,RCB,10.5
11854,Karthik Naidu,20,England,Bowler,53,2,2773,130.3,447,7.28,36.75,RR,8.19
11855,Vikas Shetty,36,Australia,Allrounder,111,6,4099,118.0,481,5.06,42.42,RCB,9.43
11856,Nikhil Singh,26,South Africa,Allrounder,142,8,3959,122.6,461,5.31,54.77,LSG,13.06
11857,Pranav Patel,36,Sri Lanka,Wicketkeeper,131,6,5233,138.0,0,0.0,39.14,GT,11.11
11858,Karthik Sharma,34,South Africa,Batter,106,6,7401,97.6,10,7.87,53.51,RCB,9.46
11859,Sandeep Verma,35,India,Bowler,290,12,3578,135.9,538,7.53,23.47,KKR,14.91
11860,Aditya Chopra,22,West Indies,Bowler,24,1,2823,106.0,752,4.79,38.19,GT,13.86
11861,Arjun Reddy,31,India,Batter,43,2,13724,136.7,10,6.73,39.08,RCB,13.88
11862,Amit Shetty,37,South Africa,Allrounder,84,3,8361,139.6,171,5.06,26.61,RR,11.63
11863,Irfan Singh,22,South Africa,Batter,87,3,5493,116.3,14,8.89,31.85,DC,9.82
11864,Vikas Chopra,28,India,Bowler,164,6,2842,154.3,525,4.04,41.42,SRH,14.87
11865,Aditya Kulkarni,23,England,Allrounder,26,1,6660,100.8,414,6.48,44.47,MI,9.26
11866,Harshit Reddy,40,Sri Lanka,Allrounder,149,7,8273,154.3,381,5.99,53.27,PBKS,14.11
11867,Karthik Yadav,25,England,Allrounder,147,5,8197,153.3,127,7.57,23.7,RR,8.56
11868,Manoj Patel,33,India,Wicketkeeper,206,12,10341,111.8,0,0.0,28.86,MI,14.69
11869,Aditya Khan,30,South Africa,Allrounder,41,2,7528,153.3,396,5.25,22.1,GT,12.75
11870,Amit Khan,18,Sri Lanka,Wicketkeeper,20,1,11071,146.4,0,0.0,46.89,GT,13.86
11871,Rahul Sharma,38,Sri Lanka,Batter,250,10,7482,96.1,11,7.32,20.21,RR,9.73
11872,Ankit Reddy,39,India,Batter,149,9,14731,124.6,2,6.71,36.03,CSK,16.97
11873,Sandeep Khan,34,England,Bowler,415,15,1628,141.3,414,6.22,33.21,GT,13.21
11874,Ankit Shetty,35,West Indies,Batter,30,2,8701,143.0,7,6.56,31.64,KKR,9.77
11875,Amit Shetty,26,India,Allrounder,142,7,7320,140.9,52,6.0,52.69,KKR,11.23
11876,Amit Deshmukh,24,India,Wicketkeeper,25,1,6987,149.9,0,0.0,24.81,KKR,10.36
11877,Vikas Malik,41,West Indies,Bowler,622,21,2155,100.6,300,5.91,53.63,SRH,14.99
11878,Harshit Yadav,42,England,Wicketkeeper,401,16,9344,107.9,0,0.0,26.91,GT,14.37
11879,Aditya Kulkarni,19,England,Bowler,24,1,3822,153.1,580,7.38,44.42,RR,9.49
11880,Aditya Sharma,32,India,Wicketkeeper,79,5,11666,102.3,0,0.0,37.0,MI,13.07
11881,Irfan Patel,26,India,Batter,82,4,11489,129.3,15,8.86,24.64,RR,12.93
11882,Manoj Sharma,29,India,Allrounder,40,2,3158,146.8,49,5.6,38.45,CSK,9.42
11883,Amit Yadav,18,Australia,Allrounder,17,1,7446,117.4,331,7.47,38.64,SRH,9.94
11884,Rahul Khan,29,Sri Lanka,Batter,112,5,13049,114.8,11,9.42,43.62,LSG,13.73
11885,Rohan Verma,18,India,Allrounder,25,1,8934,102.3,475,5.6,47.43,PBKS,14.27
11886,Ankit Shetty,25,India,Batter,114,6,8324,135.1,11,8.95,25.54,GT,12.05
11887,Harshit Kulkarni,21,India,Wicketkeeper,15,1,11685,109.4,0,0.0,51.89,SRH,12.19
11888,Ankit Singh,37,West Indies,Wicketkeeper,185,7,9024,112.3,0,0.0,48.66,PBKS,11.81
11889,Pranav Reddy,35,Australia,Wicketkeeper,36,2,2993,112.2,0,0.0,52.88,RR,6.13
11890,Arjun Naidu,31,India,Bowler,139,8,1952,97.6,639,7.47,46.96,DC,13.73
11891,Irfan Reddy,32,India,Bowler,305,11,1211,107.9,602,4.64,36.09,RCB,19.45
11892,Sameer Malik,20,England,Wicketkeeper,40,2,11144,129.6,0,0.0,31.4,SRH,9.94
11893,Rahul Reddy,27,India,Batter,258,9,6945,105.2,8,8.01,20.78,RR,11.56
11894,Sandeep Iyer,40,India,Allrounder,313,16,3111,126.0,90,7.0,44.14,MI,12.63
11895,Amit Naidu,29,India,Wicketkeeper,19,1,3146,134.0,0,0.0,51.41,MI,8.96
11896,Rohan Mehta,42,England,Bowler,80,5,2505,95.5,790,5.75,42.07,RCB,13.43
11897,Irfan Sharma,30,West Indies,Bowler,60,2,1697,126.3,257,6.57,44.13,KKR,7.65
11898,Sandeep Chopra,35,India,Bowler,112,4,225,103.9,554,5.23,43.26,SRH,11.08
11899,Irfan Kulkarni,34,India,Wicketkeeper,84,5,6050,109.7,0,0.0,35.97,PBKS,11.33
11900,Sameer Mehta,23,India,Batter,85,3,3847,123.6,5,7.72,40.95,MI,9.86
11901,Manoj Yadav,22,Australia,Batter,66,3,6456,154.4,9,6.1,45.07,KKR,9.05
11902,Ankit Singh,23,India,Batter,17,1,13015,106.5,7,7.49,22.81,GT,9.39
11903,Amit Deshmukh,21,India,Bowler,29,1,83,114.0,287,6.55,28.03,DC,6.84
11904,Arjun Kulkarni,26,Australia,Batter,82,5,14600,130.6,9,7.33,43.51,SRH,14.69
11905,Karthik Khan,24,England,Batter,109,5,3588,146.8,10,8.26,27.66,DC,11.43
11906,Pranav Kulkarni,42,West Indies,Allrounder,507,21,8328,101.1,195,7.23,39.18,DC,16.59
11907,Manoj Verma,26,England,Bowler,93,6,1945,108.0,248,6.22,33.71,RR,5.85
11908,Rahul Shetty,42,Australia,Bowler,400,23,2508,103.9,180,7.14,35.21,KKR,10.35
11909,Arjun Chopra,38,Australia,Bowler,347,14,901,125.2,460,7.54,45.38,SRH,12.96
11910,Vikas Deshmukh,33,Australia,Allrounder,336,13,7788,107.2,465,7.89,27.64,MI,15.46
11911,Sandeep Shetty,18,India,Batter,22,1,13491,140.2,7,8.66,22.11,RR,11.82
11912,Rahul Mehta,24,India,Wicketkeeper,30,2,4659,114.3,0,0.0,33.95,KKR,8.47
11913,Manoj Malik,19,Sri Lanka,Batter,21,1,12898,120.3,10,8.9,52.41,SRH,11.54
11914,Amit Deshmukh,40,India,Batter,498,17,7329,141.8,9,9.49,43.32,GT,16.02
11915,Amit Shetty,20,India,Wicketkeeper,22,1,2886,118.5,0,0.0,22.35,LSG,7.18
11916,Manoj Reddy,40,India,Allrounder,532,18,2095,116.7,340,7.01,32.28,RR,17.31
11917,Ankit Chopra,37,India,Bowler,295,15,2596,122.8,175,6.61,46.32,SRH,12.28
11918,Amit Yadav,33,India,Allrounder,126,7,6414,104.1,81,6.39,36.15,RR,11.8
11919,Ankit Kulkarni,37,India,Batter,164,7,4058,143.1,2,9.33,27.2,MI,9.67
11920,Harshit Reddy,19,India,Allrounder,24,1,6687,150.7,464,6.37,24.33,DC,13.61
11921,Ankit Iyer,34,Australia,Wicketkeeper,102,5,3450,110.2,0,0.0,29.18,KKR,7.55
11922,Irfan Yadav,27,England,Wicketkeeper,19,1,11736,129.3,0,0.0,34.38,RCB,11.73
11923,Amit Yadav,29,India,Batter,141,7,14838,132.8,3,6.28,23.47,DC,15.81
11924,Karthik Mehta,29,England,Allrounder,141,5,2081,125.4,397,7.12,37.28,PBKS,10.3
11925,Rahul Iyer,35,West Indies,Batter,217,11,11431,133.4,5,6.24,35.1,CSK,14.68
11926,Sameer Yadav,21,Sri Lanka,Wicketkeeper,15,1,4436,119.7,0,0.0,40.88,SRH,10.1
11927,Rahul Chopra,30,West Indies,Allrounder,124,6,2583,95.9,353,7.12,24.38,KKR,9.92
11928,Harshit Yadav,39,Sri Lanka,Wicketkeeper,189,7,9163,109.2,0,0.0,43.73,MI,10.96
11929,Vikas Sharma,38,Australia,Wicketkeeper,86,3,3651,129.6,0,0.0,46.52,MI,7.13
11930,Irfan Mehta,21,West Indies,Batter,15,1,13927,146.2,10,8.59,33.19,SRH,12.58
11931,Arjun Khan,31,Australia,Allrounder,227,8,7124,144.9,350,6.21,28.32,RR,16.56
11932,Rahul Chopra,19,India,Wicketkeeper,23,1,5546,122.7,0,0.0,26.8,SRH,8.12
11933,Manoj Deshmukh,38,India,Batter,77,4,13843,119.5,1,9.2,27.44,KKR,15.01
11934,Vikas Yadav,21,India,Wicketkeeper,49,2,5919,136.5,0,0.0,28.56,MI,9.43
11935,Vikas Reddy,25,Sri Lanka,Wicketkeeper,178,7,11450,151.6,0,0.0,32.87,MI,14.65
11936,Ankit Chopra,27,Australia,Bowler,109,5,2156,115.7,428,6.53,48.25,LSG,11.25
11937,Rohan Shetty,24,Sri Lanka,Bowler,26,1,2539,142.3,851,7.41,49.7,MI,12.97
11938,Rohan Khan,21,Sri Lanka,Wicketkeeper,85,3,2893,101.1,0,0.0,52.34,GT,6.35
11939,Aditya Sharma,27,India,Allrounder,203,7,7541,147.2,181,7.19,43.96,CSK,16.26
11940,Vikas Naidu,36,Australia,Bowler,74,3,3790,131.6,249,4.77,23.18,CSK,9.26
11941,Irfan Reddy,30,India,Batter,66,3,10676,119.5,14,8.44,25.31,KKR,13.17
11942,Ankit Naidu,42,India,Batter,299,14,8363,149.1,3,9.43,51.27,SRH,17.13
11943,Harshit Mehta,25,India,Allrounder,120,4,2328,136.5,465,7.76,42.93,KKR,13.22
11944,Aditya Singh,30,South Africa,Allrounder,262,10,6805,149.0,123,5.37,50.84,RCB,16.3
11945,Pranav Naidu,27,India,Allrounder,79,4,6513,150.6,127,7.62,39.36,CSK,11.78
11946,Amit Shetty,32,South Africa,Batter,277,10,8098,153.1,4,7.57,36.24,RCB,14.72
11947,Manoj Mehta,34,Australia,Wicketkeeper,28,1,6431,133.5,0,0.0,33.06,CSK,6.84
11948,Vikas Sharma,38,Australia,Allrounder,396,14,6544,138.2,279,7.23,41.86,SRH,14.17
11949,Sameer Kulkarni,42,Sri Lanka,Wicketkeeper,533,20,4039,125.9,0,0.0,30.5,PBKS,12.31
11950,Amit Reddy,28,India,Wicketkeeper,122,8,3984,133.6,0,0.0,51.8,LSG,13.18
11951,Amit Iyer,23,India,Batter,83,5,12113,103.0,2,6.02,24.19,SRH,9.64
11952,VVS Laxman,19,India,Batter,20,1,14930,134.8,11,9.23,53.31,SRH,15.14
11953,Ajinkya Rahane,40,India,Batter,132,7,8119,122.7,7,8.04,47.73,CSK,8.89
11954,Cheteshwar Pujara,30,India,Batter,168,6,7691,117.9,14,6.56,36.32,CSK,11.39
11955,Shikhar Dhawan,18,India,Batter,18,1,13532,117.3,13,7.04,22.73,PBKS,12.0
11956,KL Rahul,23,India,Wicketkeeper,42,2,7933,106.9,0,0.0,31.74,LSG,11.76
11957,Shreyas Iyer,36,India,Batter,273,11,10571,105.9,15,8.79,32.13,KKR,15.08
11958,Ishan Kishan,20,India,Wicketkeeper,52,2,9635,98.9,0,0.0,39.5,MI,10.0
11959,Hardik Pandya,34,India,Allrounder,295,12,3698,146.9,446,7.14,48.67,MI,17.45
11960,Ravindra Jadeja,36,India,Allrounder,236,10,2840,103.2,305,6.0,25.46,CSK,12.51
11961,Axar Patel,35,India,Allrounder,130,6,7657,135.4,64,8.39,21.49,DC,10.99
11962,Kuldeep Yadav,35,India,Bowler,230,8,833,124.1,721,4.52,27.27,DC,15.76
11963,Mohammed Siraj,41,India,Bowler,314,13,2121,129.4,122,7.05,41.44,RCB,8.9
11964,Arshdeep Singh,39,India,Bowler,364,19,677,110.4,556,5.76,40.63,PBKS,16.04
11965,Deepak Chahar,24,India,Bowler,67,3,2206,117.3,545,6.72,37.67,CSK,12.16
11966,Shardul Thakur,36,India,Bowler,354,16,599,103.9,714,7.19,39.08,CSK,17.97
11967,Yashasvi Jaiswal,34,India,Batter,263,15,8548,137.2,13,7.22,20.66,RR,16.5
11968,Shubman Gill,36,India,Batter,208,7,13968,101.2,15,8.35,22.27,GT,15.32
11969,Ruturaj Gaikwad,27,India,Batter,174,7,13826,133.4,12,8.54,51.32,CSK,14.33
11970,Prithvi Shaw,25,India,Batter,139,5,7543,126.8,1,7.82,44.75,DC,12.85
11971,Washington Sundar,29,India,Allrounder,116,6,5484,97.2,132,6.13,28.05,SRH,9.09
11972,Mitchell Starc,34,Australia,Bowler,314,12,885,115.1,661,4.9,53.02,KKR,15.26
11973,Pat Cummins,25,Australia,Bowler,99,6,3740,151.2,299,7.06,54.95,SRH,7.82
11974,Steve Smith,27,Australia,Batter,22,1,14426,108.6,12,7.52,39.6,RR,11.98
11975,Glenn Maxwell,19,Australia,Allrounder,21,1,6773,122.9,289,8.08,37.69,RCB,7.67
11976,Trent Boult,32,New Zealand,Bowler,40,2,3784,120.2,128,4.51,33.54,RR,6.79
11977,Ross Taylor,30,New Zealand,Batter,37,2,13623,148.2,1,7.23,22.08,RR,11.52
11978,Stephen Fleming,42,New Zealand,Batter,264,13,12775,95.5,1,9.4,53.1,CSK,15.33
11979,Mohammad Nabi,19,Afghanistan,Allrounder,15,1,5538,137.1,141,6.92,26.55,SRH,10.78
11980,Mujeeb Ur Rahman,24,Afghanistan,Bowler,104,5,3684,147.9,805,6.49,24.88,SRH,13.18
11981,Jason Holder,19,West Indies,Allrounder,16,1,3882,113.2,292,5.44,25.66,RR,8.1
11982,Kieron Pollard,37,West Indies,Allrounder,172,10,4956,135.7,96,5.39,27.48,MI,7.64
11983,Dwayne Bravo,22,West Indies,Allrounder,43,2,4545,146.7,123,7.33,42.82,CSK,8.43
11984,Andre Fletcher,35,West Indies,Batter,202,7,13040,129.4,6,6.42,33.78,KKR,15.46
11985,Hashim Amla,25,South Africa,Batter,205,7,13940,114.1,10,7.2,52.53,PBKS,16.66
11986,Graeme Smith,33,South Africa,Batter,147,6,7180,103.0,9,8.6,36.66,RR,9.7
11987,Dale Steyn,29,South Africa,Bowler,176,9,1442,153.7,747,5.21,54.23,RCB,17.21
11988,Allan Donald,38,South Africa,Bowler,293,15,702,116.1,308,5.21,40.98,MI,14.89
11989,Alastair Cook,33,England,Batter,310,13,5984,107.8,0,7.68,43.11,RR,13.96
11990,Kevin Pietersen,26,England,Batter,96,4,6567,134.2,8,7.17,33.43,DC,9.2
11991,Andrew Flintoff,28,England,Allrounder,61,4,3343,135.1,354,7.45,37.81,CSK,8.59
11992,Ian Botham,38,England,Allrounder,206,12,6234,122.7,182,7.47,24.06,GT,10.74
11993,Sanath Jayasuriya,30,Sri Lanka,Allrounder,256,9,5790,109.8,498,5.64,22.21,MI,13.01
11994,Tillakaratne Dilshan,32,Sri Lanka,Allrounder,208,12,3471,117.0,355,7.49,23.27,RCB,12.24
11995,Aravinda de Silva,29,Sri Lanka,Batter,22,1,14111,136.0,11,8.87,35.83,DC,12.01
11996,Inzamam-ul-Haq,26,Pakistan,Batter,72,4,9945,104.1,12,6.87,36.04,PBKS,10.47
11997,Javed Miandad,29,Pakistan,Batter,153,9,12993,106.3,7,9.1,39.9,KKR,15.03
11998,Saqlain Mushtaq,23,Pakistan,Bowler,27,1,1771,133.2,544,7.65,35.4,RR,9.45
11999,Shahid Afridi,38,Pakistan,Allrounder,102,6,4980,144.5,127,7.51,40.67,SRH,8.5
